Trade Date,Symbol,Series,Security Name,Category,Last Trade Date,Face Value(Rs.),Issue Size,Close Price/Paid up value(Rs.),Market Cap(Rs.)              
14 AUG 2026,20MICRONS,EQ,20 MICRONS LTD           ,Listed    ,14 AUG 2026,               5.00,          35286502,            190.90,     6736193231.80 
14 AUG 2026,21STCENMGM,EQ,21ST CENTURY MGMT SERVICE,Listed    ,14 AUG 2026,              10.00,          10500000,             44.05,      462525000.00
14 AUG 2026,360ONE,EQ,360 ONE WAM LIMITED      ,Listed    ,14 AUG 2026,               1.00,         406486596,           1180.00,   479654183280.00    
14 AUG 2026,3BBLACKBIO,EQ,3B BLACKBIO DX LTD.      ,Permitted ,14 AUG 2026,              10.00,           8582670,           1174.60,    10081204182.00
14 AUG 2026,3IINFOLTD,BE,3I INFOTECH LIMITED      ,Listed    ,14 AUG 2026,              10.00,         207403767,             26.95,     5589531520.65 
14 AUG 2026,3MINDIA,EQ,3M INDIA LIMITED         ,Listed    ,14 AUG 2026,              10.00,          11265070,          35340.00,   398107573800.00   
14 AUG 2026,3PLAND,EQ,3P LAND HOLDINGS LIMITED ,Listed    ,14 AUG 2026,               2.00,          18000000,             32.20,      579240000.00    
14 AUG 2026,5PAISA,EQ,5PAISA CAPITAL LIMITED   ,Listed    ,14 AUG 2026,              10.00,          46882257,            383.80,    17993410236.60    
14 AUG 2026,63MOONS,EQ,63 MOONS TECHNOLOGIES LTD,Listed    ,14 AUG 2026,               2.00,          46078537,            786.25,    36229249716.25   
14 AUG 2026,A2ZINFRA,EQ,A2Z INFRA ENGINEERING LTD,Listed    ,14 AUG 2026,              10.00,         177522358,             14.70,     2613129109.75  
14 AUG 2026,AAATECH,EQ,AAA TECHNOLOGIES LIMITED ,Listed    ,14 AUG 2026,              10.00,          12826800,             92.20,     1182374424.00   
14 AUG 2026,AADHARHFC,EQ,AADHAR HOUSING FINANCE L ,Listed    ,14 AUG 2026,              10.00,         437298899,            498.20,   217862311481.80 
14 AUG 2026,AAKAAR,SM,AAKAAR MEDICAL TECHNO LTD,Listed    ,14 AUG 2026,              10.00,          14172816,             50.70,      718561771.20    
14 AUG 2026,AAKASH,EQ,AAKASH EXPLORATION SER L ,Listed    ,14 AUG 2026,               1.00,         101250000,              8.80,      889987500.00    
14 AUG 2026,AARADHYA,SM,AARADHYA DISPOSAL INDUS L,Listed    ,14 AUG 2026,              10.00,          14138000,             69.35,      980470300.00  
14 AUG 2026,AAREYDRUGS,BE,AAREY DRUGS & PHARM LTD  ,Listed    ,14 AUG 2026,              10.00,          28354303,             83.85,     2378075392.60
14 AUG 2026,AARNAV,EQ,AARNAV FASHIONS LIMITED  ,Listed    ,14 AUG 2026,              10.00,          42238628,             31.45,     1328827236.90    
14 AUG 2026,AARON,EQ,AARON INDUSTRIES LIMITED ,Listed    ,14 AUG 2026,              10.00,          20946478,            135.45,     2837409909.90     
14 AUG 2026,AARTECH,BE,AARTECH SOLONICS LIMITED ,Listed    ,14 AUG 2026,               5.00,          31770375,             50.25,     1595825936.25   
14 AUG 2026,AARTIDRUGS,EQ,AARTI DRUGS LTD.         ,Listed    ,14 AUG 2026,              10.00,          91270000,            416.35,    38000264500.00
14 AUG 2026,AARTIIND,EQ,AARTI INDUSTRIES LTD     ,Listed    ,14 AUG 2026,               5.00,         362594491,            534.10,   193661717643.10  
14 AUG 2026,AARTIPHARM,EQ,AARTI PHARMALABS LIMITED ,Listed    ,14 AUG 2026,               5.00,          90657751,            851.20,    77167877651.20
14 AUG 2026,AARTISURF,EQ,AARTI SURFACTANTS LIMITED,Listed    ,14 AUG 2026,              10.00,           8464995,            658.55,     5574622457.25 
14 AUG 2026,AARVI,EQ,AARVI ENCON LIMITED      ,Listed    ,14 AUG 2026,              10.00,          14844100,            153.45,     2278124027.00     
14 AUG 2026,AASTHA,EQ,AASTHA SPINTEX LIMITED   ,Listed    ,14 AUG 2026,              10.00,          44142190,             74.30,     3280206138.90    
14 AUG 2026,AATMAJ,SM,AATMAJ HEALTHCARE LIMITED,Listed    ,14 AUG 2026,               5.00,          22600000,             18.10,      409060000.00    
14 AUG 2026,AAVAS,EQ,AAVAS FINANCIERS LIMITED ,Listed    ,14 AUG 2026,              10.00,          79287782,           1397.40,   110796746566.80     
14 AUG 2026,ABAN,BE,ABAN OFFSHORE LTD.       ,Listed    ,14 AUG 2026,               2.00,          58365323,             18.45,     1077423862.60      
14 AUG 2026,ABANSENT,EQ,ABANS ENTERPRISES LTD.   ,Permitted ,14 AUG 2026,               2.00,          69748880,             30.40,     2118970974.40  
14 AUG 2026,ABB,EQ,ABB INDIA LIMITED        ,Listed    ,14 AUG 2026,               2.00,         211908375,           7649.00,  1620887160375.00       
14 AUG 2026,ABBOTINDIA,EQ,ABBOTT INDIA LIMITED     ,Permitted ,14 AUG 2026,              10.00,          21249302,          27060.00,   575006112120.00
14 AUG 2026,ABCAPITAL,EQ,ADITYA BIRLA CAPITAL LTD.,Listed    ,14 AUG 2026,              10.00,        2621853064,            401.00,  1051363078664.00 
14 AUG 2026,ABCOTS,EQ,A B COTSPIN INDIA LIMITED,Listed    ,14 AUG 2026,              10.00,          21963620,            199.00,     4370760380.00    
14 AUG 2026,ABDL,EQ,ALLIED BLEND N DISTILS L ,Listed    ,14 AUG 2026,               2.00,         279710151,            599.45,   167672250016.95      
14 AUG 2026,ABFRL,EQ,ADITYA BIRLA FASHION & RT,Listed    ,14 AUG 2026,              10.00,        1220510115,             56.00,    68324156237.70     
14 AUG 2026,ABHAPOWER,SM,ABHA POWER N STEEL LTD   ,Listed    ,14 AUG 2026,              10.00,          18587830,             25.65,      476777839.50 
14 AUG 2026,ABINFRA,EQ,A B INFRABUILD LIMITED   ,Listed    ,14 AUG 2026,               1.00,         638789360,             10.80,     6905312981.60   
14 AUG 2026,ABLBL,EQ,ADITYA BIRLA LIFES BRAN L,Listed    ,14 AUG 2026,              10.00,        1220521649,             88.75,   108345706781.75     
14 AUG 2026,ABMINTLLTD,EQ,ABM INTERNATIONAL LTD    ,Listed    ,14 AUG 2026,              10.00,           9408000,             62.45,      587435520.00
14 AUG 2026,ABMKNO,EQ,A B M KNOWLEDGEWARE LTD. ,Permitted ,14 AUG 2026,               5.00,          20002200,            199.75,     3995839494.00    
14 AUG 2026,ABNINT,IT,A B N INTERCORP LIMITED  ,Listed    ,Not Traded ,              10.00,            419532,            200.00,       83906400.00    
14 AUG 2026,ABREL,EQ,ADITYA BIRLA REAL EST LTD,Listed    ,14 AUG 2026,              10.00,         111695680,           1402.90,   156697869472.00     
14 AUG 2026,ABSLAMC,EQ,ADIT BIRL SUN LIF AMC LTD,Listed    ,14 AUG 2026,               5.00,         289175042,           1011.20,   292413802470.40   
14 AUG 2026,ABSMARINE,ST,ABS MARINE SERVICES LTD  ,Listed    ,14 AUG 2026,              10.00,          24550000,            234.45,     5755747500.00 
14 AUG 2026,ACC,EQ,ACC LIMITED              ,Listed    ,14 AUG 2026,              10.00,         187787263,           1321.40,   248142089328.20       
14 AUG 2026,ACCELYA,EQ,ACCELYA SOLN INDIA LTD   ,Listed    ,14 AUG 2026,              10.00,          14926261,           1139.70,    17011459661.70   
14 AUG 2026,ACCENTMIC,SM,ACCENT MICROCELL LIMITED ,Listed    ,14 AUG 2026,              10.00,          23989020,            583.00,    13985598660.00 
14 AUG 2026,ACCORD,ST,ACCORD SYNERGY LIMITED   ,Listed    ,04 AUG 2026,              10.00,           3872000,            198.35,      768011200.00    
14 AUG 2026,ACCPL,ST,ACCRETION PHARMA LIMITED ,Listed    ,14 AUG 2026,              10.00,          11116000,            190.50,     2117598000.00     
14 AUG 2026,ACCURACY,BE,ACCURACY SHIPPING LIMITED,Listed    ,14 AUG 2026,               1.00,         150560000,              4.85,      727204800.00  
14 AUG 2026,ACE,EQ,ACTION CONST EQUIP LTD   ,Listed    ,14 AUG 2026,               2.00,         119083196,           1085.60,   129276717577.60       
14 AUG 2026,ACEINTEG,EQ,ACE INTEGRATED SOLU. LTD.,Listed    ,14 AUG 2026,              10.00,          10200000,             17.80,      181560000.00  
14 AUG 2026,ACETEC,SM,ACETECH E-COMMERCE LTD   ,Listed    ,14 AUG 2026,              10.00,          16383735,            127.05,     2081553531.75    
14 AUG 2026,ACI,EQ,ARCHEAN CHEMICAL IND LTD ,Listed    ,14 AUG 2026,               2.00,         123458394,            503.30,    62136609700.20       
14 AUG 2026,ACL,EQ,ANDHRA CEMENTS LIMITED   ,Listed    ,14 AUG 2026,              10.00,          92172140,             46.15,     4252822539.60       
14 AUG 2026,ACMESOLAR,EQ,ACME SOLAR HOLDINGS LTD  ,Listed    ,14 AUG 2026,               2.00,         706874336,            374.10,   264441689097.60 
14 AUG 2026,ACSTECH,EQ,A C S TECHNOLOGIES LTD.  ,Permitted ,14 AUG 2026,              10.00,          60681608,             50.00,     3032866767.85   
14 AUG 2026,ACTIVEINFR,SM,ACTIVE INFRASTRUCTURES L ,Listed    ,10 AUG 2026,               5.00,          15015016,            170.00,     2552552720.00
14 AUG 2026,ACUTAAS,EQ,ACUTAAS CHEMICALS LIMITED,Listed    ,14 AUG 2026,               5.00,          81871122,           3235.60,   264902202343.20   
14 AUG 2026,ADANIENSOL,EQ,ADANI ENERGY SOLUTION LTD,Listed    ,14 AUG 2026,              10.00,        1201282642,           1616.00,  1941272749472.00
14 AUG 2026,ADANIENT,EQ,ADANI ENTERPRISES LIMITED,Listed    ,14 AUG 2026,               1.00,        1300905023,           3035.10,  3948376835307.30  
14 AUG 2026,ADANIGREEN,EQ,ADANI GREEN ENERGY LTD   ,Listed    ,14 AUG 2026,              10.00,        1647176155,           1348.00,  2220393456940.00
14 AUG 2026,ADANIPORTS,EQ,ADANI PORT & SEZ LTD     ,Listed    ,14 AUG 2026,               2.00,        2303959098,           1700.00,  3916730466600.00
14 AUG 2026,ADANIPOWER,EQ,ADANI POWER LTD          ,Listed    ,14 AUG 2026,               2.00,       19284694705,            205.25,  3958183588201.25
14 AUG 2026,ADDICTIVE,SM,ADDICTIVE LEARNING TECH L,Listed    ,14 AUG 2026,              10.00,          15909732,             42.15,      670595203.80 
14 AUG 2026,ADFFOODS,EQ,ADF FOODS LIMITED        ,Listed    ,14 AUG 2026,               2.00,         109863595,            262.45,    28833700507.75  
14 AUG 2026,ADISOFT,SM,ADISOFT TECHNOLOGIES LTD ,Listed    ,14 AUG 2026,              10.00,          16318000,            183.30,     2991089400.00   
14 AUG 2026,ADL,EQ,ARCHIDPLY DECOR LIMITED  ,Listed    ,14 AUG 2026,              10.00,           5566250,             69.55,      387077025.00       
14 AUG 2026,ADOR,EQ,ADOR WELDING LTD         ,Listed    ,14 AUG 2026,              10.00,          17402815,           1538.50,    26774230877.50      
14 AUG 2026,ADROITINFO,EQ,ADROIT INFOTECH LIMITED  ,Listed    ,14 AUG 2026,              10.00,          54177208,              9.80,      531478410.50
14 AUG 2026,ADSL,EQ,ALLIED DIGITAL SERV. LTD ,Listed    ,14 AUG 2026,               5.00,          56568528,            112.80,     6382061328.95      
14 AUG 2026,ADVAIT,EQ,ADVAIT ENRGY TRANSITION L,Listed    ,14 AUG 2026,              10.00,          10943011,           2095.20,    22927796647.20    
14 AUG 2026,ADVANCE,EQ,ADVANCE AGROLIFE LIMITED ,Listed    ,14 AUG 2026,              10.00,          64285720,            118.80,     7636500678.80   
14 AUG 2026,ADVANIHOTR,EQ,ADVANI HOT.& RES.(I) LTD ,Listed    ,14 AUG 2026,               2.00,          92438500,             52.10,     4815121465.00
14 AUG 2026,ADVENTHTL,EQ,ADVENT HOTELS INTERNATI L,Listed    ,14 AUG 2026,              10.00,          53942887,            141.60,     7637233941.45 
14 AUG 2026,ADVENZYMES,EQ,ADVANCED ENZYME TECH LTD ,Listed    ,14 AUG 2026,               2.00,         111976150,            304.30,    34074342445.00
14 AUG 2026,AEGISLOG,EQ,AEGIS LOGISTICS LIMITED  ,Listed    ,14 AUG 2026,               1.00,         351000000,           1265.40,   444155400000.00  
14 AUG 2026,AEGISVOPAK,EQ,AEGIS VOPAK TERMINALS LTD,Listed    ,14 AUG 2026,              10.00,        1107991489,            269.10,   298160509689.90
14 AUG 2026,AEPL,EQ,ARTEMIS ELECTRICALS & P L,Listed    ,14 AUG 2026,               1.00,         251036900,             15.30,     3840864570.00      
14 AUG 2026,AEQUS,EQ,AEQUS LIMITED            ,Listed    ,14 AUG 2026,              10.00,         670665635,            249.65,   167424969121.40     
14 AUG 2026,AEROENTER,EQ,AEROFLEX ENTERPRISES LTD ,Listed    ,14 AUG 2026,               2.00,         113085000,            127.95,    14469225750.00 
14 AUG 2026,AEROFLEX,EQ,AEROFLEX INDUSTRIES LTD  ,Listed    ,14 AUG 2026,               2.00,         132330768,            459.85,    60852303664.80  
14 AUG 2026,AERON,SM,AERON COMPOSITE LIMITED  ,Listed    ,14 AUG 2026,              10.00,          17020000,             76.05,     1294371000.00     
14 AUG 2026,AERONEU,EQ,AEROFLEX NEU LIMITED     ,Listed    ,14 AUG 2026,              10.00,          25796000,             86.00,     2218456000.00   
14 AUG 2026,AEROPLANE,EQ,AMIR CHAND JAG KUM (E) L ,Listed    ,14 AUG 2026,              10.00,         103551556,            192.15,    19896395969.85 
14 AUG 2026,AESTHETIK,SM,AESTHETIK ENGINEERS LTD  ,Listed    ,14 AUG 2026,              10.00,          17220175,             71.50,     1231242512.50 
14 AUG 2026,AETHER,EQ,AETHER INDUSTRIES LIMITED,Listed    ,14 AUG 2026,              10.00,         132712576,           1625.10,   215671207257.60    
14 AUG 2026,AFCONS,EQ,AFCONS INFRASTRUCTURE LTD,Listed    ,14 AUG 2026,              10.00,         367784631,            268.80,    98860508812.80    
14 AUG 2026,AFFLE,EQ,AFFLE 3I LIMITED         ,Listed    ,14 AUG 2026,               2.00,         140796384,           1668.80,   234961005619.20     
14 AUG 2026,AFFORDABLE,BE,AFFORD ROBO & AUTO LTD   ,Listed    ,14 AUG 2026,              10.00,          11851105,            181.90,     2155597488.45
14 AUG 2026,AFIL,EQ,AKME FINTRADE (INDIA) LTD,Listed    ,14 AUG 2026,               1.00,         426749960,              9.70,     4130939612.80      
14 AUG 2026,AFSL,EQ,ABANS FINANCIAL SRVCS LTD,Listed    ,14 AUG 2026,               2.00,          50792840,            204.65,    10395770562.80      
14 AUG 2026,AGARIND,EQ,AGARWAL INDS CORP LTD.   ,Listed    ,14 AUG 2026,              10.00,          14957789,            484.75,     7250788217.75   
14 AUG 2026,AGARWALEYE,EQ,DR AGARWALS HEALTH CARE L,Listed    ,14 AUG 2026,               1.00,         316983028,            506.50,   160551903682.00
14 AUG 2026,AGARWALFT,SM,AGARWAL FLOAT GLASS I LTD,Listed    ,14 AUG 2026,              10.00,           7243488,             34.95,      253159905.60 
14 AUG 2026,AGARWALTUF,SM,AGARWAL TOUGH GLASS IND L,Listed    ,14 AUG 2026,              10.00,          17674600,            142.00,     2509793200.00
14 AUG 2026,AGI,EQ,AGI GREENPAC LIMITED     ,Listed    ,14 AUG 2026,               2.00,          64697381,            703.80,    45534016747.80       
14 AUG 2026,AGIIL,EQ,AGI INFRA LIMITED        ,Listed    ,14 AUG 2026,               1.00,         124997388,            301.90,    37736711437.20     
14 AUG 2026,AGL,EQ,ALLCARGO GLOBAL LIMITED  ,Listed    ,14 AUG 2026,               2.00,         982782096,             14.90,    14653281051.35       
14 AUG 2026,AGNI,SM,AGNI GREEN POWER LTD     ,Listed    ,14 AUG 2026,              10.00,          19534800,             15.60,      304742880.00      
14 AUG 2026,AGRITECH,EQ,AGRI-TECH (INDIA) LIMITED,Listed    ,14 AUG 2026,              10.00,           5940000,            105.50,      626610600.00  
14 AUG 2026,AGROPHOS,EQ,AGRO PHOS INDIA LIMITED  ,Listed    ,14 AUG 2026,              10.00,          20274115,             27.35,      554091562.95  
14 AUG 2026,AGSTRA,BZ,AGS TRANSACT TECH LTD    ,Listed    ,14 AUG 2026,              10.00,         128433076,              2.00,      258150482.75    
14 AUG 2026,AGUL,SM,A G UNIVERSAL LIMITED    ,Listed    ,11 AUG 2026,              10.00,           5484000,             53.65,      294216600.00      
14 AUG 2026,AHCL,EQ,ANLON HEALTHCARE LIMITED ,Listed    ,14 AUG 2026,               2.00,         531515000,             14.45,     7669761450.00      
14 AUG 2026,AHIMSA,ST,AHIMSA INDUSTRIES LTD.   ,Listed    ,12 AUG 2026,              10.00,           5473990,             27.15,      148618828.50    
14 AUG 2026,AHLADA,EQ,AHLADA ENGINEERS LIMITED ,Listed    ,14 AUG 2026,              10.00,          12921000,             38.35,      495649560.00    
14 AUG 2026,AHLEAST,EQ,ASIAN HOTELS (EAST) LTD  ,Listed    ,14 AUG 2026,              10.00,          17291696,            138.10,     2388329051.50   
14 AUG 2026,AHLUCONT,EQ,AHLUWALIA CONT IND LTD   ,Listed    ,14 AUG 2026,               2.00,          66987560,            837.35,    56092033366.00  
14 AUG 2026,AHLWEST,BE,ASIAN HOTELS (WEST) LTD  ,Listed    ,14 AUG 2026,              10.00,          11651210,            550.00,     6408165500.00   
14 AUG 2026,AIAENG,EQ,AIA ENGINEERING LIMITED  ,Listed    ,14 AUG 2026,               2.00,          93320370,           4482.80,   418336554636.00    
14 AUG 2026,AIIL,EQ,AUTHUM INVEST & INFRA LTD,Listed    ,14 AUG 2026,               1.00,         849225500,            564.90,   479727484950.00      
14 AUG 2026,AILIMITED,SM,ABHISHEK INTEGRATIONS LTD,Listed    ,14 AUG 2026,              10.00,           6338070,             35.85,      227219809.50 
14 AUG 2026,AIMTRON,SM,AIMTRON ELECTRONICS LTD  ,Listed    ,14 AUG 2026,              10.00,          20609177,           1731.15,    35677576763.55   
14 AUG 2026,AIRAN,EQ,AIRAN LIMITED            ,Listed    ,14 AUG 2026,               2.00,         125020000,             15.25,     1907805200.00     
14 AUG 2026,AIROLAM,EQ,AIRO LAM LIMITED         ,Listed    ,14 AUG 2026,              10.00,          15002000,             87.30,     1309524580.00   
14 AUG 2026,AISL,SM,ANI INTEGRATED SERV LTD. ,Listed    ,14 AUG 2026,              10.00,          11687200,             58.00,      677857600.00      
14 AUG 2026,AJANTPHARM,EQ,AJANTA PHARMA LIMITED    ,Listed    ,14 AUG 2026,               2.00,         124935624,           3672.80,   458863559827.20
14 AUG 2026,AJAXENGG,EQ,AJAX ENGINEERING LIMITED ,Listed    ,14 AUG 2026,               1.00,         114406800,            582.20,    66607638960.00  
14 AUG 2026,AJMERA,EQ,AJMERA REALTY & INF I LTD,Listed    ,14 AUG 2026,               2.00,         196795650,            118.25,    23267149699.50    
14 AUG 2026,AJOONI,EQ,AJOONI BIOTECH LIMITED   ,Listed    ,14 AUG 2026,               2.00,         172243598,              3.85,      664860288.30    
14 AUG 2026,AKANKSHA,SM,AKANKSHA POWER N INFRA L ,Listed    ,14 AUG 2026,              10.00,          19580520,            118.75,     2325186750.00  
14 AUG 2026,AKASH,EQ,AKASH INFRA-PROJECTS LTD ,Listed    ,14 AUG 2026,              10.00,          16862534,             24.60,      414818336.40     
14 AUG 2026,AKCAPIT,EQ,A K CAPITAL SERVICES LTD.,Permitted ,14 AUG 2026,              10.00,           6600000,           1737.00,    11464200000.00   
14 AUG 2026,AKG,EQ,AKG EXIM LIMITED         ,Listed    ,14 AUG 2026,              10.00,          31776576,              8.70,      277091742.70       
14 AUG 2026,AKI,EQ,AKI INDIA LIMITED        ,Listed    ,14 AUG 2026,               2.00,         103205956,              4.15,      428304717.40       
14 AUG 2026,AKIKO,ST,AKIKO GLOBAL SERVICES L  ,Listed    ,14 AUG 2026,              10.00,          10769600,            340.00,     3661664000.00     
14 AUG 2026,AKSHAR,EQ,AKSHAR SPINTEX LIMITED   ,Listed    ,14 AUG 2026,               1.00,         787468500,              0.40,      322862085.00    
14 AUG 2026,AKSHARCHEM,BE,AKSHARCHEM INDIA LIMITED ,Listed    ,14 AUG 2026,              10.00,           8033099,            305.65,     2455236378.35
14 AUG 2026,AKSHOPTFBR,BE,AKSH OPTIFIBRE  LTD      ,Listed    ,14 AUG 2026,               5.00,         162697971,              6.65,     1081941507.15
14 AUG 2026,AKUMS,EQ,AKUMS DRUGS AND PHARMA L ,Listed    ,14 AUG 2026,               2.00,         157393988,            726.60,   114362471680.80     
14 AUG 2026,ALANKIT,EQ,ALANKIT LIMITED          ,Listed    ,14 AUG 2026,               1.00,         271158100,              8.30,     2247900649.00   
14 AUG 2026,ALBERTDAVD,EQ,ALBERT DAVID LIMITED     ,Listed    ,14 AUG 2026,              10.00,           5707162,            812.50,     4637069125.00
14 AUG 2026,ALCODIS,SM,ALCOKRAFT DISTILLERIE LTD,Listed    ,14 AUG 2026,              10.00,          10250000,             61.05,      625762500.00   
14 AUG 2026,ALEMBICLTD,EQ,ALEMBIC LIMITED          ,Listed    ,14 AUG 2026,               2.00,         256781828,             86.85,    22301501761.80
14 AUG 2026,ALGOQUANT,EQ,ALGOQUANT FINTECH LIMITED,Listed    ,14 AUG 2026,               1.00,         281096028,             66.00,    18552337848.00 
14 AUG 2026,ALICON,EQ,ALICON CASTALLOY LIMITED ,Listed    ,14 AUG 2026,               5.00,          16411840,            719.60,    11809960064.00    
14 AUG 2026,ALIVUS,EQ,ALIVUS LIFE SCIENCES LTD ,Listed    ,14 AUG 2026,               2.00,         122739448,           1386.70,   170202792541.60    
14 AUG 2026,ALKALI,BE,ALKALI METALS LTD        ,Listed    ,14 AUG 2026,              10.00,          10182506,             66.85,      680904176.20    
14 AUG 2026,ALKEM,EQ,ALKEM LABORATORIES LTD.  ,Listed    ,14 AUG 2026,               2.00,         119565000,           5368.00,   641824920000.00     
14 AUG 2026,ALKYLAMINE,EQ,ALKYL AMINES CHEM. LTD   ,Listed    ,14 AUG 2026,               2.00,          51144052,           1916.90,    98038033278.80
14 AUG 2026,ALLCARGO,EQ,ALLCARGO LOGISTICS LTD   ,Listed    ,14 AUG 2026,               2.00,        1497778469,             10.00,    14977784690.00  
14 AUG 2026,ALLDIGI,EQ,ALLDIGI TECH LIMITED     ,Listed    ,14 AUG 2026,              10.00,          15238326,            813.40,    12394854368.40   
14 AUG 2026,ALLETEC,ST,ALL E TECHNOLOGIES LTD   ,Listed    ,14 AUG 2026,              10.00,          20194176,            137.00,     2766602112.00   
14 AUG 2026,ALLTIME,EQ,ALL TIME PLASTICS LIMITED,Listed    ,14 AUG 2026,               2.00,          65507778,            215.55,    14119546470.10   
14 AUG 2026,ALMONDZ,EQ,ALMONDZ GLOBAL SEC LTD   ,Listed    ,14 AUG 2026,               1.00,         174899756,             14.30,     2501066510.80   
14 AUG 2026,ALOKINDS,EQ,ALOK INDUSTRIES LIMITED  ,Listed    ,14 AUG 2026,               1.00,        4965240401,             11.60,    57696093459.60  
14 AUG 2026,ALPA,EQ,ALPA LABORATORIES LTD    ,Listed    ,14 AUG 2026,              10.00,          21040600,             64.25,     1352279362.00      
14 AUG 2026,ALPEXSOLAR,SM,ALPEX SOLAR LIMITED      ,Listed    ,14 AUG 2026,              10.00,          25543000,            777.10,    19849465300.00
14 AUG 2026,ALPHAGEO,EQ,ALPHAGEO (INDIA) LIMITED ,Listed    ,14 AUG 2026,              10.00,           6364767,            301.35,     1918086183.10  
14 AUG 2026,ALPINETEX,EQ,ALPINE TEXWORLD LIMITED  ,Listed    ,14 AUG 2026,              10.00,          38247000,             58.60,     2241274200.00 
14 AUG 2026,ALUWIND,SM,ALUWIND INFRA-TECH LTD   ,Listed    ,14 AUG 2026,              10.00,          24847420,             49.60,     1232432032.00   
14 AUG 2026,AMAGI,EQ,AMAGI MEDIA LABS LIMITED ,Listed    ,14 AUG 2026,               5.00,         216338944,            608.70,   131685515212.80     
14 AUG 2026,AMANTA,BE,AMANTA HEALTHCARE LIMITED,Listed    ,14 AUG 2026,              10.00,          38829351,            156.35,     6070192441.85    
14 AUG 2026,AMBAAUTO,SM,AMBA AUTO SALES AND SER L,Listed    ,14 AUG 2026,              10.00,          18324000,            105.95,     1941427800.00  
14 AUG 2026,AMBALALSA,EQ,AMBALAL SARABHAI ENT L   ,Permitted ,14 AUG 2026,              10.00,          76633296,             42.25,     3239289421.90 
14 AUG 2026,AMBANIORGO,SM,AMBANI ORGOCHEM LIMITED  ,Listed    ,14 AUG 2026,              10.00,           7658659,            115.00,      880745785.00
14 AUG 2026,AMBER,EQ,AMBER ENTERPRISES (I) LTD,Listed    ,14 AUG 2026,              10.00,          35267767,           7222.00,   254703813274.00     
14 AUG 2026,AMBICAAGAR,EQ,AMBICA AGAR & AROMAINDLTD,Listed    ,14 AUG 2026,              10.00,          17177400,             24.95,      428232582.00
14 AUG 2026,AMBIKCO,EQ,AMBIKA COTTON MILL LTD.  ,Listed    ,14 AUG 2026,              10.00,           5725000,           1598.60,     9151985000.00   
14 AUG 2026,AMBUJACEM,EQ,AMBUJA CEMENTS LTD       ,Listed    ,14 AUG 2026,               2.00,        2484817186,            417.50,  1037411175155.00 
14 AUG 2026,AMCL,SM,ANB METAL CAST LIMITED   ,Listed    ,14 AUG 2026,              10.00,          11834780,            392.00,     4639233760.00      
14 AUG 2026,AMDIND,EQ,AMD INDUSTRIES LIMITED   ,Listed    ,14 AUG 2026,              10.00,          19166749,             54.80,     1050337845.20    
14 AUG 2026,AMEYA,SM,AMEYA PRECISION ENG LTD  ,Listed    ,14 AUG 2026,              10.00,           7500000,            110.00,      825000000.00     
14 AUG 2026,AMIABLE,SM,AMIABLE LOGISTICS (I) LTD,Listed    ,13 AUG 2026,              10.00,           1748200,             65.00,      113633000.00   
14 AUG 2026,AMJLAND,EQ,AMJ LAND HOLDINGS LIMITED,Listed    ,14 AUG 2026,               2.00,          41000000,             39.35,     1613760000.00   
14 AUG 2026,AMNPLST,EQ,AMINES & PLASTICIZERS LTD,Listed    ,14 AUG 2026,               2.00,          55020000,            193.05,    10621611000.00   
14 AUG 2026,AMRUTANJAN,EQ,AMRUTAJAN HEALTH LTD     ,Listed    ,14 AUG 2026,               1.00,          28910630,            496.05,    14341118011.50
14 AUG 2026,ANANDRATHI,EQ,ANAND RATHI WEALTH LTD   ,Listed    ,14 AUG 2026,               5.00,         166041268,           2174.70,   361089945519.60
14 AUG 2026,ANANTAM,IV,ANANTAM HIGHWAYS TRUST   ,Listed    ,14 AUG 2026,             100.00,         217500000,            105.30,    22902750000.00   
14 AUG 2026,ANANTRAJ,EQ,ANANT RAJ LIMITED        ,Listed    ,14 AUG 2026,               2.00,         359876930,            629.95,   226704472053.50  
14 AUG 2026,ANAWIL,ST,ANAWIL WIRE AND ENGIN LTD,Listed    ,14 AUG 2026,              10.00,          24999800,            420.45,    10511165910.00    
14 AUG 2026,ANDHRAPAP,EQ,ANDHRA PAPER LIMITED     ,Listed    ,14 AUG 2026,               2.00,         198850195,             59.70,    11869368139.55 
14 AUG 2026,ANDHRSUGAR,EQ,ANDHRA SUGARS LTD        ,Listed    ,14 AUG 2026,               2.00,         135535390,            101.90,    13808345533.20
14 AUG 2026,ANGELONE,EQ,ANGEL ONE LIMITED        ,Listed    ,14 AUG 2026,               1.00,         913349399,            287.30,   262405282332.70  
14 AUG 2026,ANIKINDS,EQ,ANIK INDUSTRIES LTD      ,Listed    ,14 AUG 2026,              10.00,          27753486,             42.70,     1184796317.35  
14 AUG 2026,ANKITMETAL,BZ,ANKIT MET & POW LTD      ,Listed    ,14 AUG 2026,              10.00,         141110500,              1.60,      222954590.00
14 AUG 2026,ANLON,SM,ANLON TECHNOLOGY SOL LTD ,Listed    ,14 AUG 2026,              10.00,           7509800,            640.00,     4806272000.00     
14 AUG 2026,ANMOL,EQ,ANMOL INDIA LIMITED      ,Listed    ,14 AUG 2026,              10.00,          56914150,             10.15,      578247764.00     
14 AUG 2026,ANNAPURNA,EQ,ANNAPURNA SWADISHT LTD   ,Listed    ,14 AUG 2026,              10.00,          21820000,            152.60,     3329732000.00 
14 AUG 2026,ANONDITA,SM,ANONDITA MEDICARE LIMITED,Listed    ,14 AUG 2026,              10.00,          18086618,           1117.85,    20218125931.30  
14 AUG 2026,ANSALAPI,BZ,ANSAL PROP & INFRA LTD   ,Listed    ,14 AUG 2026,               5.00,         157404876,              3.45,      543046822.20  
14 AUG 2026,ANTELOPUS,EQ,ANTELOPUS SELAN ENRGY LTD,Listed    ,14 AUG 2026,              10.00,          35162358,            782.60,    27518061370.80 
14 AUG 2026,ANTGRAPHIC,EQ,ANTARCTICA LTD           ,Listed    ,14 AUG 2026,               1.00,         155009600,              0.75,      113157008.00
14 AUG 2026,ANTHEM,EQ,ANTHEM BIOSCIENCES LTD   ,Listed    ,14 AUG 2026,               2.00,         563195101,            890.10,   501299959400.10    
14 AUG 2026,ANUHPHR,EQ,ANUH PHARMA LIMITED      ,Listed    ,14 AUG 2026,               5.00,         100224000,             76.20,     7638071040.00   
14 AUG 2026,ANUP,EQ,THE ANUP ENGINEERING LTD ,Listed    ,14 AUG 2026,              10.00,          20031466,           1852.80,    37114300204.80      
14 AUG 2026,ANURAS,EQ,ANUPAM RASAYAN INDIA LTD ,Listed    ,14 AUG 2026,              10.00,         113848310,           1209.40,   137688146114.00    
14 AUG 2026,ANYA,SM,ANYA POLYTECH & FERTI LTD,Listed    ,14 AUG 2026,               2.00,         120000000,             15.15,     1818000000.00      
14 AUG 2026,ANZEN,IV,ANZEN IND ENE YLD PLU TRU,Listed    ,14 AUG 2026,             100.00,         336062900,            132.40,    44494727960.00     
14 AUG 2026,APARINDS,EQ,APAR INDUSTRIES LTD.     ,Listed    ,14 AUG 2026,              10.00,          40174235,          16691.00,   670548156385.00  
14 AUG 2026,APCL,EQ,ANJANI PORTLAND CEM LTD  ,Listed    ,14 AUG 2026,              10.00,          29374764,            103.55,     3041756812.20      
14 AUG 2026,APCOTEXIND,EQ,APCOTEX INDUSTRIES LIMITE,Listed    ,14 AUG 2026,               2.00,          51844960,            599.50,    31081053520.00
14 AUG 2026,APEX,EQ,APEX FROZEN FOODS LIMITED,Listed    ,14 AUG 2026,              10.00,          31250000,            426.35,    13323437500.00      
14 AUG 2026,APEXECO,ST,APEX ECOTECH LIMITED     ,Listed    ,14 AUG 2026,              10.00,          13185200,            290.00,     3823708000.00   
14 AUG 2026,APLAPOLLO,EQ,APL APOLLO TUBES LTD     ,Listed    ,14 AUG 2026,               2.00,         277658405,           2083.30,   578445755136.50 
14 AUG 2026,APLLTD,EQ,ALEMBIC PHARMA LTD       ,Listed    ,14 AUG 2026,               2.00,         196563124,            831.25,   163393096825.00    
14 AUG 2026,APOLLO,EQ,APOLLO MICRO SYSTEMS LTD ,Listed    ,14 AUG 2026,               1.00,         357305440,            393.55,   140617555912.00    
14 AUG 2026,APOLLOHOSP,EQ,APOLLO HOSPITALS ENTER. L,Listed    ,14 AUG 2026,               5.00,         143784657,           8920.50,  1282631032768.50
14 AUG 2026,APOLLOPIPE,EQ,APOLLO PIPES LIMITED     ,Listed    ,14 AUG 2026,              10.00,          44048206,            510.85,    22502026035.10
14 AUG 2026,APOLLOTYRE,EQ,APOLLO TYRES LTD         ,Listed    ,14 AUG 2026,               1.00,         635100946,            444.10,   282048330118.60
14 AUG 2026,APOLSINHOT,EQ,APOLLO SINDOORI HOTEL LTD,Listed    ,14 AUG 2026,               5.00,           2600400,           1208.00,     3141283200.00
14 AUG 2026,APRAMEYA,SM,APRAMEYA ENGINEERING LTD ,Listed    ,14 AUG 2026,              10.00,          19040000,            139.85,     2662744000.00  
14 AUG 2026,APS,SM,AUSTRALIAN PREM SOLAR I L,Listed    ,14 AUG 2026,              10.00,          20160000,            244.95,     4938192000.00       
14 AUG 2026,APSISAERO,ST,APSIS AEROCOM LIMITED    ,Listed    ,14 AUG 2026,              10.00,          12051921,            490.00,     5905441290.00 
14 AUG 2026,APTECHT,BE,APTECH LIMITED           ,Listed    ,14 AUG 2026,              10.00,          58002817,             92.40,     5360040318.95   
14 AUG 2026,APTUS,EQ,APTUS VALUE HSG FIN I LTD,Listed    ,14 AUG 2026,               2.00,         500742736,            250.50,   125436055368.00     
14 AUG 2026,AQYLON,EQ,AQYLON NEXUS LIMITED     ,Listed    ,14 AUG 2026,               1.00,         253730560,             22.95,     5818041740.80    
14 AUG 2026,ARABIAN,SM,ARABIAN PETROLEUM LIMITED,Listed    ,13 AUG 2026,              10.00,          10892000,             83.00,      904036000.00   
14 AUG 2026,ARCHIDPLY,EQ,ARCHIDPLY IND. LTD       ,Listed    ,14 AUG 2026,              10.00,          19865000,             93.30,     1853404500.00 
14 AUG 2026,ARCHIES,EQ,ARCHIES LTD              ,Listed    ,14 AUG 2026,               2.00,          33780000,             13.75,      464812800.00   
14 AUG 2026,ARCIIL,SM,ARC INSULATION & INSU LTD,Listed    ,14 AUG 2026,              10.00,          10297380,             37.80,      389240964.00    
14 AUG 2026,ARDEE,EQ,ARDEE INDUSTRIES LIMITED ,Listed    ,14 AUG 2026,               2.00,         315200950,             59.15,    18644136192.50     
14 AUG 2026,ARE&M,EQ,AMARA RAJA ENERGY MOB LTD,Listed    ,14 AUG 2026,               1.00,         183025364,            945.95,   173132843075.80     
14 AUG 2026,ARENTERP,EQ,RAJDARSHAN INDUSTRIES LTD,Listed    ,14 AUG 2026,              10.00,           3108300,             39.00,      121192617.00  
14 AUG 2026,ARFIN,EQ,ARFIN INDIA LIMITED      ,Listed    ,14 AUG 2026,               1.00,         168722482,             84.05,    14181124612.10     
14 AUG 2026,ARHAM,SM,ARHAM TECHNOLOGIES LTD   ,Listed    ,14 AUG 2026,              10.00,          21812000,            189.50,     4133374000.00     
14 AUG 2026,ARIES,EQ,ARIES AGRO LTD.          ,Listed    ,14 AUG 2026,              10.00,          13004339,            413.50,     5377294176.50     
14 AUG 2026,ARIHANT,EQ,ARIHANT FOUN & HOU LTD   ,Permitted ,14 AUG 2026,              10.00,           9965624,           1048.50,    10448956764.00   
14 AUG 2026,ARIHANTACA,SM,ARIHANT ACADEMY LIMITED  ,Listed    ,14 AUG 2026,              10.00,           6055200,            499.55,     3024875160.00
14 AUG 2026,ARIHANTCAP,EQ,ARIHANT CAPITAL MKTS LTD ,Listed    ,14 AUG 2026,               1.00,         109612800,             74.15,     8126692992.00
14 AUG 2026,ARIHANTSUP,EQ,ARIHANT SUPERSTRUCT LTD  ,Listed    ,14 AUG 2026,              10.00,          43249991,            247.55,    10706535272.05
14 AUG 2026,ARIS,EQ,ARISINFRA SOLUTIONS LTD  ,Listed    ,14 AUG 2026,               2.00,          81761246,            134.10,    10963365476.15      
14 AUG 2026,ARISTO,SM,ARISTO BIO T AND LIFESC L,Listed    ,13 AUG 2026,              10.00,           6807800,            108.00,      735242400.00    
14 AUG 2026,ARKADE,EQ,ARKADE DEVELOPERS LIMITED,Listed    ,14 AUG 2026,              10.00,         185663617,            133.35,    24756386690.80    
14 AUG 2026,ARMANFIN,EQ,ARMAN FIN SERV LTD       ,Listed    ,14 AUG 2026,              10.00,          10514761,           1969.40,    20707770313.40  
14 AUG 2026,ARMOUR,ST,ARMOUR SECURITY (INDIA) L,Listed    ,14 AUG 2026,              10.00,          16870000,             18.60,      313782000.00    
14 AUG 2026,AROGRANITE,EQ,ARO GRANITE IND. LTD.    ,Listed    ,14 AUG 2026,              10.00,          15300000,             25.35,      388161000.00
14 AUG 2026,ARROWGREEN,BE,ARROW GREENTECH LIMITED  ,Listed    ,14 AUG 2026,              10.00,          15087938,            809.10,    12207650635.80
14 AUG 2026,ARSHIYA,BZ,ARSHIYA LIMITED          ,Listed    ,14 AUG 2026,               2.00,         263475915,              0.95,      247667360.10   
14 AUG 2026,ARSSBL,EQ,ANAND RATHI SH N STK BR L,Listed    ,14 AUG 2026,               5.00,          63026300,            508.20,    32029965660.00    
14 AUG 2026,ARTEMISMED,EQ,ARTEMIS MED SERVICE LTD  ,Listed    ,14 AUG 2026,               1.00,         158306247,            314.75,    49826891243.25
14 AUG 2026,ARTNIRMAN,EQ,ART NIRMAN LIMITED       ,Listed    ,14 AUG 2026,              10.00,          24956000,             41.05,     1024942920.00 
14 AUG 2026,ARUNAYA,ST,ARUNAYA ORGANICS LIMITED ,Listed    ,14 AUG 2026,              10.00,          17538432,             14.60,      256061107.20   
14 AUG 2026,ARVEE,EQ,ARVEE LABORATORIES I LTD ,Listed    ,14 AUG 2026,              10.00,          11020000,            166.00,     1829430200.00     
14 AUG 2026,ARVIND,EQ,ARVIND LIMITED           ,Listed    ,14 AUG 2026,              10.00,         262139640,            571.85,   149904553134.00    
14 AUG 2026,ARVINDFASN,EQ,ARVIND FASHIONS LIMITED  ,Listed    ,14 AUG 2026,               4.00,         133630192,            447.85,    59846281487.20
14 AUG 2026,ARVINDPORT,SM,ARVIND PORT AND INFRA LTD,Listed    ,14 AUG 2026,              10.00,          17798300,             31.85,      566875855.00
14 AUG 2026,ARVSMART,EQ,ARVIND SMARTSPACES LTD   ,Listed    ,14 AUG 2026,              10.00,          45866979,            655.60,    30070391432.40  
14 AUG 2026,ASAHIINDIA,EQ,ASAHI INDIA GLASS LIMITED,Listed    ,14 AUG 2026,               1.00,         254927192,            939.20,   239427618726.40
14 AUG 2026,ASAHISONG,BE,ASAHI SONGWON COLOR LTD  ,Listed    ,14 AUG 2026,              10.00,          11787262,            361.90,     4265810117.80 
14 AUG 2026,ASAL,EQ,AUTOMOTIVE STAMPINGS & AS,Listed    ,14 AUG 2026,              10.00,          15864397,            499.10,     7917920542.70      
14 AUG 2026,ASALCBR,EQ,ASSO ALCOHOLS & BREW LTD ,Listed    ,14 AUG 2026,              10.00,          20079200,            713.95,    14335544840.00   
14 AUG 2026,ASCOM,ST,ASCOM LEASIN & INVEST LTD,Listed    ,12 AUG 2026,              10.00,          11714179,            233.60,     2736432214.40     
14 AUG 2026,ASHALOG,SM,ASHAPURA LOGISTICS LTD   ,Listed    ,14 AUG 2026,              10.00,          13556121,             59.95,      812689453.95   
14 AUG 2026,ASHAPURMIN,EQ,ASHAPURA MINECHEM LTD    ,Listed    ,14 AUG 2026,               2.00,          95526098,            603.45,    57645223838.10
14 AUG 2026,ASHIANA,EQ,ASHIANA HOUSING LTD      ,Listed    ,14 AUG 2026,               2.00,         100524857,            362.45,    36435234419.65   
14 AUG 2026,ASHIKAG,BE,ASHIKA GLOBAL SEC LTD    ,Permitted ,14 AUG 2026,              10.00,          44724971,            443.20,    19822107147.20   
14 AUG 2026,ASHIMASYN,EQ,ASHIMA LTD               ,Listed    ,14 AUG 2026,              10.00,         191660078,             17.15,     3283137136.15 
14 AUG 2026,ASHOKA,EQ,ASHOKA BUILDCON LTD      ,Listed    ,14 AUG 2026,               5.00,         280723217,            112.40,    31550482358.65    
14 AUG 2026,ASHOKAMET,EQ,ASHOKA METCAST LIMITED   ,Listed    ,14 AUG 2026,              10.00,          24996000,             13.80,      344444880.00 
14 AUG 2026,ASHOKLEY,EQ,ASHOK LEYLAND LTD        ,Listed    ,14 AUG 2026,               1.00,        5873854552,            171.65,  1008188395305.30  
14 AUG 2026,ASHWINI,SM,ASHWINI CONTAINER MOVER L,Listed    ,14 AUG 2026,              10.00,          15000000,            195.00,     2925000000.00   
14 AUG 2026,ASIANENE,EQ,ASIAN ENERGY SERVICES LTD,Listed    ,14 AUG 2026,              10.00,          48629641,            374.40,    18206937590.40  
14 AUG 2026,ASIANHOTNR,EQ,ASIAN HOTELS (NORTH) LTD ,Listed    ,14 AUG 2026,              10.00,          42633229,            301.65,    12860313527.85
14 AUG 2026,ASIANPAINT,EQ,ASIAN PAINTS LIMITED     ,Listed    ,14 AUG 2026,               1.00,         959197790,           2696.30,  2586285001177.00
14 AUG 2026,ASIANTILES,EQ,ASIAN GRANITO IND. LTD.  ,Listed    ,14 AUG 2026,              10.00,         231911649,             50.55,    11723133856.95
14 AUG 2026,ASKAUTOLTD,EQ,ASK AUTOMOTIVE LIMITED   ,Listed    ,14 AUG 2026,               2.00,         197142600,            644.70,   127097834220.00
14 AUG 2026,ASMS,BE,AVIO SMART MRKT STACK LTD,Listed    ,14 AUG 2026,               1.00,         304576740,              7.05,     2147266017.00      
14 AUG 2026,ASPINWALL,EQ,ASPINWALL & CO LTD       ,Listed    ,14 AUG 2026,              10.00,           7818288,            236.00,     1845115968.00 
14 AUG 2026,ASPIRE,SM,ASPIRE & INNOVATIVE ADV L,Listed    ,14 AUG 2026,              10.00,          15178000,             15.10,      229187800.00    
14 AUG 2026,ASTAR,EQ,ASIAN STAR CO. LTD.      ,Permitted ,14 AUG 2026,              10.00,          16006800,            600.85,     9617685780.00     
14 AUG 2026,ASTEC,EQ,ASTEC LIFESCIENCES LTD   ,Listed    ,14 AUG 2026,              10.00,          22282820,            593.95,    13234880939.00     
14 AUG 2026,ASTERDM,EQ,ASTER DM QUALITY CARE LTD,Listed    ,14 AUG 2026,              10.00,         518121029,            822.35,   426076828198.15   
14 AUG 2026,ASTRAL,EQ,ASTRAL LIMITED           ,Listed    ,14 AUG 2026,               1.00,         268650163,           1556.30,   418100248676.90    
14 AUG 2026,ASTRAMICRO,EQ,ASTRA MICROWAVE LTD      ,Listed    ,14 AUG 2026,               2.00,          94945008,           1739.30,   165137852414.40
14 AUG 2026,ASTRAZEN,EQ,ASTRAZENECA PHARMA IND LT,Listed    ,14 AUG 2026,               2.00,          25000000,           7753.00,   193825000000.00  
14 AUG 2026,ASTRON,BZ,ASTRON PAPER BORD MIL LTD,Listed    ,14 AUG 2026,              10.00,          46500000,              3.50,      162285000.00    
14 AUG 2026,ATALREAL,EQ,ATAL REALTECH LIMITED    ,Listed    ,14 AUG 2026,               2.00,         123896250,             36.15,     4476371512.50  
14 AUG 2026,ATAM,EQ,ATAM VALVES LIMITED      ,Listed    ,14 AUG 2026,              10.00,          11463000,             59.05,      676660890.00      
14 AUG 2026,ATCENERGY,ST,ATC ENERGIES SYSTEM LTD  ,Listed    ,14 AUG 2026,              10.00,          20388600,             24.45,      498501270.00 
14 AUG 2026,ATGL,EQ,ADANI TOTAL GAS LIMITED  ,Listed    ,14 AUG 2026,               1.00,        1099810083,            654.05,   719330784786.15      
14 AUG 2026,ATHERENERG,EQ,ATHER ENERGY LIMITED     ,Listed    ,14 AUG 2026,               1.00,         383120970,           1511.50,   579087346155.00
14 AUG 2026,ATL,EQ,ALLCARGO TERMINALS LTD   ,Listed    ,14 AUG 2026,               2.00,         252060324,             23.70,     5973829678.80       
14 AUG 2026,ATLANTAA,EQ,ATLANTAA LIMITED         ,Listed    ,14 AUG 2026,               2.00,          81500000,             40.00,     3261630000.00  
14 AUG 2026,ATLANTAELE,EQ,ATLANTA ELECTRICALS LTD  ,Listed    ,14 AUG 2026,               2.00,          76896625,           1680.80,   129247847300.00
14 AUG 2026,ATLASCYCLE,EQ,ATLAS CYCLE (HARYANA) LTD,Listed    ,14 AUG 2026,               5.00,           6503838,             96.40,      627035021.60
14 AUG 2026,ATMASTCO,ST,ATMASTCO LIMITED         ,Listed    ,14 AUG 2026,              10.00,          24734690,            151.00,     3734938190.00  
14 AUG 2026,ATUL,EQ,ATUL LTD                 ,Listed    ,14 AUG 2026,              10.00,          29441755,           6729.00,   198113569395.00      
14 AUG 2026,ATULAUTO,EQ,ATUL AUTO LIMITED        ,Listed    ,14 AUG 2026,               5.00,          27751280,            494.60,    13725783088.00  
14 AUG 2026,AUBANK,EQ,AU SMALL FINANCE BANK LTD,Listed    ,14 AUG 2026,              10.00,         748739583,           1081.90,   810061354847.70    
14 AUG 2026,AURIONPRO,EQ,AURIONPRO SOLN LTD       ,Listed    ,14 AUG 2026,              10.00,          55261664,            734.00,    40562061376.00 
14 AUG 2026,AUROIMPEX,SM,AURO IMPEX & CHEMICALS L ,Listed    ,13 AUG 2026,              10.00,          12200800,             26.10,      318440880.00 
14 AUG 2026,AUROPHARMA,EQ,AUROBINDO PHARMA LTD     ,Listed    ,14 AUG 2026,               1.00,         575377895,           1622.10,   933320483479.50
14 AUG 2026,AURUM,EQ,AURUM PROPTECH LIMITED   ,Listed    ,14 AUG 2026,               5.00,          76352367,            220.45,    16833406352.50     
14 AUG 2026,AURUS,EQ,AURUS GEM CORP LIMITED   ,Listed    ,14 AUG 2026,              10.00,          29484000,              4.75,      139754160.00     
14 AUG 2026,AUSL,SM,ADITYA ULTRA STEEL LTD   ,Listed    ,14 AUG 2026,              10.00,          24835568,             26.50,      658142552.00      
14 AUG 2026,AUSOMENT,EQ,AUSOM ENTERPRISE LIMITED ,Listed    ,14 AUG 2026,              10.00,          13623552,            147.05,     2003479557.10  
14 AUG 2026,AUTOAXLES,EQ,AUTOMOTIVE AXLES LIMITED ,Listed    ,14 AUG 2026,              10.00,          15111975,           1783.00,    26944651425.00 
14 AUG 2026,AUTOIND,BE,AUTOLINE INDUSTRIES LTD  ,Listed    ,14 AUG 2026,              10.00,          45375401,             98.25,     4459040656.25   
14 AUG 2026,AVADHSUGAR,EQ,AVADH SUG & ENERGY LTD   ,Listed    ,14 AUG 2026,              10.00,          20018420,            653.15,    13075031023.00
14 AUG 2026,AVALON,EQ,AVALON TECHNOLOGIES LTD  ,Listed    ,14 AUG 2026,               2.00,          66787697,           1940.80,   129621562337.60    
14 AUG 2026,AVANA,ST,AVANA ELECTROSYSTEMS LTD ,Listed    ,14 AUG 2026,              10.00,          22645408,            144.90,     3281319619.20     
14 AUG 2026,AVANTEL,EQ,AVANTEL LIMITED          ,Listed    ,14 AUG 2026,               2.00,         265710850,            158.50,    42115169725.00   
14 AUG 2026,AVANTIFEED,EQ,AVANTI FEEDS LIMITED     ,Listed    ,14 AUG 2026,               1.00,         136245630,            861.40,   117361985682.00
14 AUG 2026,AVATAR,ST,AVATAR INDUSTRIES LIMITED,Listed    ,14 AUG 2026,              10.00,          10417090,            231.00,     2406347790.00    
14 AUG 2026,AVG,BE,AVG LOGISTICS LIMITED    ,Listed    ,14 AUG 2026,              10.00,          18708076,            205.00,     3835155580.00       
14 AUG 2026,AVIANSH,SM,AVI ANSH TEXTILE LIMITED ,Listed    ,14 AUG 2026,              10.00,          13976930,            104.75,     1464083417.50   
14 AUG 2026,AVIENCE,SM,AVIENCE BIOMEDICALS LTD  ,Listed    ,14 AUG 2026,              10.00,           5485056,            247.30,     1356454348.80   
14 AUG 2026,AVL,EQ,ADITYA VISION LIMITED    ,Listed    ,14 AUG 2026,               1.00,         129138050,            624.65,    80666082932.50       
14 AUG 2026,AVONMORE,EQ,AVONMORE CAP&MGT SERV LTD,Listed    ,14 AUG 2026,               1.00,         282184741,             12.35,     3484981551.35  
14 AUG 2026,AVPINFRA,SM,AVP INFRACON LIMITED     ,Listed    ,14 AUG 2026,              10.00,          24979200,             60.00,     1498752000.00  
14 AUG 2026,AVROIND,EQ,AVRO INDIA LIMITED       ,Listed    ,14 AUG 2026,               1.00,         134171400,              8.65,     1157899182.00   
14 AUG 2026,AVSL,ST,AVSL INDUSTRIES LIMITED  ,Listed    ,18 MAY 2026,              10.00,           5331120,            119.70,      638135064.00      
14 AUG 2026,AVTNPL,EQ,AVT NATURAL PRODUCTS LTD ,Listed    ,14 AUG 2026,               1.00,         152284000,             81.25,    12373075000.00    
14 AUG 2026,AWFIS,EQ,AWFIS SPACE SOLUTIONS LTD,Listed    ,14 AUG 2026,              10.00,          71563186,            266.55,    19075167228.30     
14 AUG 2026,AWHCL,EQ,ANTONY WASTE HDG CELL LTD,Listed    ,14 AUG 2026,               5.00,          28382100,            390.30,    11077533630.00     
14 AUG 2026,AWL,EQ,AWL AGRI BUSINESS LIMITED,Listed    ,14 AUG 2026,               1.00,        1299678605,            192.15,   249746240736.80       
14 AUG 2026,AXISBANK,EQ,AXIS BANK LIMITED        ,Listed    ,14 AUG 2026,               2.00,        3110399674,           1217.40,  3786600563127.60  
14 AUG 2026,AXISCADES,EQ,AXISCADES TECH LTD       ,Listed    ,14 AUG 2026,               5.00,          42530989,           1484.80,    63150012467.20 
14 AUG 2026,AXITA,EQ,AXITA COTTON LIMITED     ,Listed    ,14 AUG 2026,               1.00,         382727951,              7.25,     2782432203.75     
14 AUG 2026,AYE,EQ,AYE FINANCE LIMITED      ,Listed    ,14 AUG 2026,               2.00,         246784266,            172.80,    42649256850.10       
14 AUG 2026,AYMSYNTEX,EQ,AYM SYNTEX LIMITED       ,Listed    ,14 AUG 2026,              10.00,          58614091,            266.75,    15635308774.25 
14 AUG 2026,AZAD,EQ,AZAD ENGINEERING LIMITED ,Listed    ,14 AUG 2026,               2.00,          64581743,           2717.80,   175520261125.40      
14 AUG 2026,BABAFP,SM,BABA FOOD PROCESSING     ,Listed    ,14 AUG 2026,              10.00,          16326403,             22.20,      362446146.60    
14 AUG 2026,BAFNAPH,BE,BAFNA PHARMACEUTICALS LTD,Listed    ,14 AUG 2026,              10.00,          23656335,            257.70,     6096237529.50   
14 AUG 2026,BAGDIGITAL,SM,B.A.G.CONVERGENCE LIMITED,Listed    ,14 AUG 2026,              10.00,          21218800,            111.90,     2374383720.00
14 AUG 2026,BAGFILMS,EQ,B.A.G FILMS AND MEDIA LTD,Listed    ,14 AUG 2026,               2.00,         207547749,              4.50,      938115825.50  
14 AUG 2026,BAGMANE,RR,BAGMANE PRIME OFFICE REIT,Listed    ,14 AUG 2026,             100.00,        3400000000,            107.70,   366248000000.00   
14 AUG 2026,BAHETI,SM,BAHETI RECYCLING IND LTD ,Listed    ,14 AUG 2026,              10.00,          10446905,            786.00,     8211267330.00    
14 AUG 2026,BAIDFIN,EQ,BAID FINSERV LIMITED     ,Listed    ,14 AUG 2026,               2.00,         154888107,              9.90,     1533392259.30   
14 AUG 2026,BAJAJ-AUTO,EQ,BAJAJ AUTO LIMITED       ,Listed    ,14 AUG 2026,              10.00,         279497838,          11700.00,  3270124704600.00
14 AUG 2026,BAJAJCON,EQ,BAJAJ CONSUMER CARE LTD  ,Listed    ,14 AUG 2026,               1.00,         130618321,            500.60,    65387531492.60  
14 AUG 2026,BAJAJELEC,EQ,BAJAJ ELECT.LTD          ,Listed    ,14 AUG 2026,               2.00,         115392769,            362.40,    41818339485.60 
14 AUG 2026,BAJAJFINSV,EQ,BAJAJ FINSERV LTD.       ,Listed    ,14 AUG 2026,               1.00,        1600549988,           2008.30,  3214384540900.40
14 AUG 2026,BAJAJHCARE,EQ,BAJAJ HEALTHCARE LIMITED ,Listed    ,14 AUG 2026,               5.00,          33662661,            329.25,    11083431134.25
14 AUG 2026,BAJAJHFL,EQ,BAJAJ HOUSING FINANCE LTD,Listed    ,14 AUG 2026,              10.00,        8332334619,             84.35,   702665778420.25  
14 AUG 2026,BAJAJHIND,EQ,BAJAJ HINDUSTHAN SUGAR LT,Listed    ,14 AUG 2026,               1.00,        2390666041,             17.30,    41358522509.30 
14 AUG 2026,BAJAJHLDNG,EQ,BAJAJ HOLDINGS & INVS LTD,Listed    ,14 AUG 2026,              10.00,         111293510,          11475.00,  1277093027250.00
14 AUG 2026,BAJAJINDEF,EQ,INDEF MANUFACTURING LTD  ,Listed    ,14 AUG 2026,               1.00,          32000000,            217.15,     6948800000.00
14 AUG 2026,BAJAJST,EQ,BAJAJ STEEL INDS. LTD.   ,Permitted ,14 AUG 2026,               5.00,          20800000,            362.15,     7532720000.00   
14 AUG 2026,BAJEL,EQ,BAJEL PROJECTS LIMITED   ,Listed    ,14 AUG 2026,               2.00,         115696935,            188.35,    21791517707.25     
14 AUG 2026,BAJFINANCE,EQ,BAJAJ FINANCE LIMITED    ,Listed    ,14 AUG 2026,               1.00,        6225954304,           1087.00,  6767612328448.00
14 AUG 2026,BALAJEE,EQ,SHREE TIRUPATI BALAJEE L ,Listed    ,14 AUG 2026,              10.00,          81570852,             27.70,     2260328308.90   
14 AUG 2026,BALAJIPHOS,SM,BALAJI PHOSPHATES LIMITED,Listed    ,14 AUG 2026,              10.00,          23777100,             89.00,     2116161900.00
14 AUG 2026,BALAJITELE,EQ,BALAJI TELEFILMS LIMITED.,Listed    ,14 AUG 2026,               2.00,         121902291,             92.40,    11261333642.60
14 AUG 2026,BALAMINES,EQ,BALAJI AMINES LIMITED    ,Listed    ,14 AUG 2026,               2.00,          32401000,           2133.80,    69137253800.00 
14 AUG 2026,BALAXI,EQ,BALAXI PHARMA LTD        ,Listed    ,14 AUG 2026,               2.00,          55207500,             24.00,     1324980000.00    
14 AUG 2026,BALCO,ST,SOLVE PLASTIC PRODUCTS L ,Listed    ,13 AUG 2026,              10.00,           4368250,             18.00,       78628500.00     
14 AUG 2026,BALKRISHNA,EQ,BALKRISHNA PAPER MILLS L ,Listed    ,14 AUG 2026,              10.00,          32219532,             17.55,      565130591.30
14 AUG 2026,BALKRISIND,EQ,BALKRISHNA IND. LTD      ,Listed    ,14 AUG 2026,               2.00,         193317190,           2363.60,   456924510284.00
14 AUG 2026,BALMLAWRIE,EQ,BALMER LAWRIE & CO LTD   ,Listed    ,14 AUG 2026,              10.00,         171003846,            173.45,    29657197011.80
14 AUG 2026,BALPHARMA,EQ,BAL PHARMA LTD.          ,Listed    ,14 AUG 2026,              10.00,          15920872,             87.05,     1385911907.60 
14 AUG 2026,BALRAMCHIN,EQ,BALRAMPUR CHINI MILLS LTD,Listed    ,14 AUG 2026,               1.00,         201950436,            624.85,   126188729934.60
14 AUG 2026,BALUFORGE,EQ,BALU FORGE INDUSTRIES LTD,Listed    ,14 AUG 2026,              10.00,         119681900,            493.75,    59092938125.00 
14 AUG 2026,BANARBEADS,EQ,BANARAS BEADS LTD        ,Listed    ,14 AUG 2026,              10.00,           6597522,            112.50,      742287200.20
14 AUG 2026,BANARISUG,EQ,BANNARI AMMAN SUGARS LTD ,Listed    ,14 AUG 2026,              10.00,          12539700,           3450.00,    43261965000.00 
14 AUG 2026,BANCOINDIA,EQ,BANCO PRODUCTS (I) LTD   ,Listed    ,14 AUG 2026,               2.00,         143037300,            618.10,    88411355130.00
14 AUG 2026,BANDHANBNK,EQ,BANDHAN BANK LIMITED     ,Listed    ,14 AUG 2026,              10.00,        1611017956,            174.55,   281203184219.80
14 AUG 2026,BANG,EQ,BANG OVERSEAS LTD.       ,Listed    ,14 AUG 2026,              10.00,          13560000,             28.55,      387409200.00      
14 AUG 2026,BANKA,EQ,BANKA BIOLOO LIMITED     ,Listed    ,14 AUG 2026,              10.00,          10922432,             81.45,      889522862.10     
14 AUG 2026,BANKBARODA,EQ,BANK OF BARODA           ,Listed    ,14 AUG 2026,               2.00,        5171362179,            248.20,  1283635520071.40
14 AUG 2026,BANKINDIA,EQ,BANK OF INDIA            ,Listed    ,14 AUG 2026,              10.00,        4552667866,            144.10,   656039439490.60 
14 AUG 2026,BANSALWIRE,EQ,BANSAL WIRE INDUSTRIES L ,Listed    ,14 AUG 2026,               5.00,         156555952,            318.25,    49823931724.00
14 AUG 2026,BANSWRAS,EQ,BANSWARA SYNTEX LIMITED  ,Listed    ,14 AUG 2026,               5.00,          34232084,            116.05,     3971948706.50  
14 AUG 2026,BARFLEX,SM,BARFLEX POLYFILMS LIMITED,Listed    ,14 AUG 2026,              10.00,          24749000,             56.90,     1408218100.00   
14 AUG 2026,BASF,EQ,BASF INDIA LTD           ,Listed    ,14 AUG 2026,              10.00,          43285640,           4077.90,   176514511356.00      
14 AUG 2026,BASILIC,SM,BASILIC FLY STUDIO LTD   ,Listed    ,14 AUG 2026,              10.00,          25265000,            200.95,     5077001750.00   
14 AUG 2026,BASML,BE,BANNARI AM SPIN MILL LTD.,Listed    ,14 AUG 2026,               5.00,          79921375,             24.75,     1977254817.50     
14 AUG 2026,BATAINDIA,EQ,BATA INDIA LTD           ,Listed    ,14 AUG 2026,               5.00,         128527540,            755.70,    97128261978.00 
14 AUG 2026,BATLIBOI,EQ,BATLIBOI LTD.            ,Permitted ,14 AUG 2026,               5.00,          47132510,             89.55,     4221187595.60  
14 AUG 2026,BAWEJA,ST,BAWEJA STUDIOS LIMITED   ,Listed    ,14 AUG 2026,              10.00,          18427001,             23.50,      433034523.50    
14 AUG 2026,BAYERCROP,EQ,BAYER CROPSCIENCE LTD    ,Permitted ,14 AUG 2026,              10.00,          44942092,           4045.80,   181826715813.60 
14 AUG 2026,BBL,EQ,BHARAT BIJLEE LTD        ,Listed    ,14 AUG 2026,               5.00,          11303120,           2284.80,    25825368576.00       
14 AUG 2026,BBOX,EQ,BLACK BOX LIMITED        ,Listed    ,14 AUG 2026,               2.00,         177599205,            795.85,   141342327299.25      
14 AUG 2026,BBTC,EQ,BOMBAY BURMAH TRADING COR,Listed    ,14 AUG 2026,               2.00,          69771900,           1468.20,   102439103580.00      
14 AUG 2026,BBTCL,EQ,B&B TRIPLEWALL CONT LTD  ,Listed    ,14 AUG 2026,              10.00,          20511240,            244.65,     5017869753.60     
14 AUG 2026,BCG,EQ,BRIGHTCOM GROUP LIMITED  ,Listed    ,14 AUG 2026,               2.00,        2017921873,              9.95,    20037964198.90       
14 AUG 2026,BCLIND,EQ,BCL INDUSTRIES LIMITED   ,Listed    ,14 AUG 2026,               1.00,         295163340,             35.65,    10516669804.20    
14 AUG 2026,BCONCEPTS,EQ,BRAND CONCEPTS LIMITED   ,Listed    ,14 AUG 2026,              10.00,          12481877,            159.00,     1984868080.55 
14 AUG 2026,BCPL,EQ,BCPL RAILWAY INFRA LTD   ,Listed    ,14 AUG 2026,              10.00,          16723638,             72.85,     1218149791.90      
14 AUG 2026,BDL,EQ,BHARAT DYNAMICS LIMITED  ,Listed    ,14 AUG 2026,               5.00,         366562500,           1398.00,   512454375000.00       
14 AUG 2026,BDR,IT,BDR BUILDCON LIMITED     ,Listed    ,10 MAR 2017,              10.00,           6645000,             87.65,      582434250.00       
14 AUG 2026,BEACON,SM,BEACON TRUSTEESHIP LTD   ,Listed    ,14 AUG 2026,              10.00,          18064913,             88.00,     1589712344.00    
14 AUG 2026,BEARDSELL,EQ,BEARDSELL LIMITED        ,Listed    ,14 AUG 2026,               2.00,          39437000,             24.70,      974882640.00 
14 AUG 2026,BECTORFOOD,EQ,MRS BECTORS FOOD SPE LTD ,Listed    ,14 AUG 2026,               2.00,         306990595,            240.35,    73791329320.15
14 AUG 2026,BEDMUTHA,EQ,BEDMUTHA INDUST LTD      ,Listed    ,14 AUG 2026,              10.00,          32263884,            113.65,     3666145138.90  
14 AUG 2026,BEEKAY,EQ,BEEKAY STEEL INDS. LTD.  ,Permitted ,14 AUG 2026,              10.00,          19072052,            435.35,     8303017838.20    
14 AUG 2026,BEL,EQ,BHARAT ELECTRONICS LTD   ,Listed    ,14 AUG 2026,               1.00,        7309778829,            410.80,  3002857142953.20       
14 AUG 2026,BELLACASA,EQ,BELLA CASA FASH AND RET L,Listed    ,14 AUG 2026,              10.00,          13387500,            223.75,     2995319250.00 
14 AUG 2026,BELRISE,EQ,BELRISE INDUSTRIES LTD   ,Listed    ,14 AUG 2026,               5.00,         967151919,            255.35,   246962242516.65   
14 AUG 2026,BEML,EQ,BEML LIMITED             ,Listed    ,14 AUG 2026,               5.00,          83289000,           1874.40,   156116901600.00      
14 AUG 2026,BENGALASM,EQ,BENGAL & ASSAM CO. LTD.  ,Permitted ,14 AUG 2026,              10.00,          11403899,           6210.00,    70818212790.00 
14 AUG 2026,BEPL,EQ,BHANSALI ENG. POLYMERS LT,Listed    ,14 AUG 2026,               1.00,         248858460,            123.70,    30783791502.00      
14 AUG 2026,BERGEPAINT,EQ,BERGER PAINTS (I) LTD    ,Listed    ,14 AUG 2026,               1.00,        1166002812,            545.10,   635588132821.20
14 AUG 2026,BESTAGRO,EQ,BEST AGROLIFE LIMITED    ,Listed    ,14 AUG 2026,               1.00,         354671100,             18.85,     6692643657.00  
14 AUG 2026,BETA,EQ,BETA DRUGS LIMITED       ,Listed    ,14 AUG 2026,              10.00,          10136890,           2550.70,    25856165323.00      
14 AUG 2026,BEWLTD,SM,BEW ENGINEERING LIMITED  ,Listed    ,14 AUG 2026,              10.00,          13073324,             51.75,      676544517.00    
14 AUG 2026,BFINVEST,EQ,BF INVESTMENT LIMITED    ,Listed    ,14 AUG 2026,               5.00,          37667628,            463.45,    17457062196.60  
14 AUG 2026,BFUTILITIE,EQ,BF UTILITIES LIMITED     ,Listed    ,14 AUG 2026,               5.00,          37667628,            533.60,    20099446300.80
14 AUG 2026,BGRENERGY,BE,BGR ENERGY SYSTEMS LTD   ,Listed    ,14 AUG 2026,              10.00,          72161560,            257.45,    18577993622.00 
14 AUG 2026,BHADORA,ST,BHADORA INDUSTRIES LTD   ,Listed    ,14 AUG 2026,              10.00,          18600000,            105.40,     1960440000.00   
14 AUG 2026,BHAGCHEM,EQ,BHAGIRADHA CHEM & INDS L ,Listed    ,14 AUG 2026,               1.00,         129669080,            289.85,    37584582838.00  
14 AUG 2026,BHAGERIA,BE,BHAGERIA INDUSTRIES LTD  ,Listed    ,14 AUG 2026,               5.00,          43644180,            199.25,     8696102865.00  
14 AUG 2026,BHAGYANGR,EQ,BHAGYANAGAR INDIA LIMITED,Listed    ,14 AUG 2026,               2.00,          31995000,            364.30,    11655778500.00 
14 AUG 2026,BHANDARI,BE,BHANDARI HOSIERY EXP LTD ,Listed    ,14 AUG 2026,               1.00,         432089374,              2.85,     1235775609.65  
14 AUG 2026,BHARATCOAL,EQ,BHARAT COKING COAL LTD   ,Listed    ,14 AUG 2026,              10.00,        4657000000,             33.70,   156894330000.00
14 AUG 2026,BHARATFORG,EQ,BHARAT FORGE LTD         ,Listed    ,14 AUG 2026,               2.00,         478088632,           2065.00,   987253025080.00
14 AUG 2026,BHARATGEAR,BE,BHARAT GEARS LTD         ,Listed    ,14 AUG 2026,              10.00,          15355058,            103.30,     1585870390.25
14 AUG 2026,BHARATRAS,EQ,BHARAT RASAYAN LTD       ,Listed    ,14 AUG 2026,               5.00,          16621072,           1302.60,    21650608387.20 
14 AUG 2026,BHARATSE,EQ,BHARAT SEATS LIMITED     ,Listed    ,14 AUG 2026,               2.00,          62800000,            248.05,    15577540000.00  
14 AUG 2026,BHARATWIRE,EQ,BHARAT WIRE ROPES LTD.   ,Listed    ,14 AUG 2026,              10.00,          68584648,            188.00,    12894599670.50
14 AUG 2026,BHARTIARTL,EQ,BHARTI AIRTEL LIMITED    ,Listed    ,14 AUG 2026,               5.00,        6093279384,           1992.10, 12138421860866.40
14 AUG 2026,BHARTIHEXA,EQ,BHARTI HEXACOM LIMITED   ,Listed    ,14 AUG 2026,               5.00,         500000000,           1621.10,   810550000000.00
14 AUG 2026,BHEL,EQ,BHEL                     ,Listed    ,14 AUG 2026,               2.00,        3482063355,            421.70,  1468386116803.50      
14 AUG 2026,BI,EQ,BILCARE LTD.             ,Permitted ,14 AUG 2026,              10.00,          23545231,             76.80,     1808509193.10        
14 AUG 2026,BIGBLOC,EQ,BIGBLOC CONSTRUCTION LTD ,Listed    ,14 AUG 2026,               2.00,         141575750,             44.95,     6363829962.50   
14 AUG 2026,BIKAJI,EQ,BIKAJI FOODS INTERN LTD  ,Listed    ,14 AUG 2026,               1.00,         250736400,            613.30,   153776634120.00    
14 AUG 2026,BIKEWO,ST,BIKEWO GREEN TECH LIMITED,Listed    ,14 AUG 2026,              10.00,          13043250,            100.05,     1304977162.50    
14 AUG 2026,BIL,EQ,BHARTIYA INTERNATIONAL   ,Listed    ,14 AUG 2026,              10.00,          13410411,            837.40,    11229878171.40       
14 AUG 2026,BILVYAPAR,BE,BIL VYAPAR LIMITED       ,Listed    ,14 AUG 2026,              10.00,          31366175,              4.15,      129855964.50 
14 AUG 2026,BIMETAL,EQ,BIMETAL BEARINGS LTD.    ,Permitted ,14 AUG 2026,              10.00,           3825000,            628.60,     2404395000.00   
14 AUG 2026,BIOCON,EQ,BIOCON LIMITED.          ,Listed    ,14 AUG 2026,               5.00,        1620907773,            417.00,   675918541341.00    
14 AUG 2026,BIOFILCHEM,EQ,BIOFIL CHEM & PHARMA LTD ,Listed    ,14 AUG 2026,              10.00,          16273800,             31.85,      518157792.00
14 AUG 2026,BIOPOL,SM,BIOPOL CHEMICALS LIMITED ,Listed    ,14 AUG 2026,              10.00,          10805400,             94.15,     1017328410.00    
14 AUG 2026,BIRDYS,SM,GRILL SPLENDOUR SER LTD  ,Listed    ,Not Traded ,              10.00,           6921800,             88.50,      612579300.00    
14 AUG 2026,BIRET,RR,BROOKFIELD INDIA RET     ,Listed    ,14 AUG 2026,             275.00,         829880869,            345.05,   286366991465.85     
14 AUG 2026,BIRLACABLE,BE,BIRLA CABLE LIMITED      ,Listed    ,14 AUG 2026,              10.00,          30000000,            288.45,     8653200000.00
14 AUG 2026,BIRLACORPN,EQ,BIRLA CORPORATION LTD    ,Listed    ,14 AUG 2026,              10.00,          77005347,            904.90,    69682138500.30
14 AUG 2026,BIRLAMONEY,EQ,ADITYA BIRLA MONEY LTD   ,Listed    ,14 AUG 2026,               1.00,          56509201,            131.90,     7452433427.90
14 AUG 2026,BIRLANU,EQ,BIRLANU LIMITED          ,Listed    ,14 AUG 2026,              10.00,           7540899,           1555.20,    11727606124.80   
14 AUG 2026,BIRLAPREC,EQ,BIRLA PRECISION TECH L   ,Permitted ,14 AUG 2026,               2.00,          68387637,             35.90,     2456483921.05 
14 AUG 2026,BLACKBUCK,EQ,BLACKBUCK LIMITED        ,Listed    ,14 AUG 2026,               1.00,         182077602,            571.15,   103993622382.30 
14 AUG 2026,BLACKROSE,BE,BLACK ROSE INDS. LTD.    ,Permitted ,14 AUG 2026,               1.00,          51000000,            104.80,     5345310000.00 
14 AUG 2026,BLAL,EQ,BEML LAND ASSETS LIMITED ,Listed    ,14 AUG 2026,              10.00,          41644500,            171.50,     7141615305.00      
14 AUG 2026,BLBLIMITED,EQ,BLB LIMITED              ,Listed    ,14 AUG 2026,               1.00,          52865258,             15.95,      843729517.70
14 AUG 2026,BLIL,EQ,BALMER LAWRIE INVSTS. L  ,Permitted ,14 AUG 2026,               1.00,         221972690,             70.95,    15746742628.60      
14 AUG 2026,BLISSGVS,BE,BLISS GVS PHARMA LTD     ,Listed    ,14 AUG 2026,               1.00,         105788972,            519.25,    54930923711.00  
14 AUG 2026,BLKASHYAP,EQ,B.L.KASHYAP & SON LTD    ,Listed    ,14 AUG 2026,               1.00,         225440000,             51.60,    11637212800.00 
14 AUG 2026,BLS,EQ,BLS INTL SERVS LTD       ,Listed    ,14 AUG 2026,               1.00,         411740908,            278.10,   114513381332.95       
14 AUG 2026,BLSE,EQ,BLS E-SERVICES LIMITED   ,Listed    ,14 AUG 2026,              10.00,          90856485,            314.25,    28551650411.25      
14 AUG 2026,BLUECHIP,EQ,BLUE CHIP INDIA LIMITED  ,Listed    ,14 AUG 2026,               2.00,          55304340,              1.80,      100100855.40  
14 AUG 2026,BLUECOAST,BE,BLUE COAST HOTELS LIMITED,Listed    ,14 AUG 2026,              10.00,          19679557,             24.50,      481952350.95 
14 AUG 2026,BLUEDART,EQ,BLUE DART EXPRESS LTD    ,Listed    ,14 AUG 2026,              10.00,          23727934,           5141.00,   121985308694.00  
14 AUG 2026,BLUEJET,EQ,BLUE JET HEALTHCARE LTD  ,Listed    ,14 AUG 2026,               2.00,         189275701,            584.50,   110631647234.50   
14 AUG 2026,BLUEPEBBLE,SM,BLUE PEBBLE LIMITED      ,Listed    ,14 AUG 2026,              10.00,           4080000,             72.50,      295800000.00
14 AUG 2026,BLUESTARCO,EQ,BLUE STAR LIMITED        ,Listed    ,14 AUG 2026,               2.00,         205614788,           1508.00,   310067100304.00
14 AUG 2026,BLUESTONE,EQ,BLUESTONE JEWEL LFSTL LTD,Listed    ,14 AUG 2026,               1.00,         152401781,            845.25,   128817605390.25 
14 AUG 2026,BLUEWATER,ST,BLUE WATER LOGISTICS LTD ,Listed    ,14 AUG 2026,              10.00,          11000000,            413.45,     4547950000.00 
14 AUG 2026,BLUSPRING,EQ,BLUSPRING ENTERPRISES LTD,Listed    ,14 AUG 2026,              10.00,         149440980,            111.05,    16598409648.60 
14 AUG 2026,BMETRICS,SM,BOMBAY METRICS S C LTD   ,Listed    ,13 AUG 2026,              10.00,          12313920,             36.70,      451920864.00  
14 AUG 2026,BMLL,SM,BIO MEDICA LABORATORIES L,Listed    ,14 AUG 2026,              10.00,          12575001,            144.35,     1815201394.35      
14 AUG 2026,BMWVENTLTD,EQ,BMW VENTURES LIMITED     ,Listed    ,14 AUG 2026,              10.00,          86715000,             57.30,     4967902350.00
14 AUG 2026,BNAGROCHEM,EQ,BN AGROCHEM LTD.         ,Permitted ,14 AUG 2026,              10.00,          97772941,            244.95,    23949481897.95
14 AUG 2026,BNALTD,BE,B & A LTD.               ,Permitted ,14 AUG 2026,              10.00,           3100000,            380.00,     1178000000.00    
14 AUG 2026,BODALCHEM,BE,BODAL CHEMICALS LTD      ,Listed    ,14 AUG 2026,               2.00,         125944065,             68.50,     8624649571.20 
14 AUG 2026,BOHRAIND,EQ,BOHRA INDUSTRIES LIMITED ,Listed    ,14 AUG 2026,              10.00,          21172152,             14.85,      314194735.70  
14 AUG 2026,BOMDYEING,EQ,BOMBAY DYEING & MFG. CO L,Listed    ,14 AUG 2026,               2.00,         206534900,            114.40,    23627592560.00 
14 AUG 2026,BONLON,EQ,BONLON INDUSTRIES LIMITED,Listed    ,14 AUG 2026,              10.00,          16383358,             42.45,      695309713.50    
14 AUG 2026,BORANA,EQ,BORANA WEAVES LIMITED    ,Listed    ,14 AUG 2026,              10.00,          26645295,            319.95,     8525162135.25    
14 AUG 2026,BOROLTD,EQ,BOROSIL LIMITED          ,Listed    ,14 AUG 2026,               1.00,         119587629,            238.55,    28527628897.95   
14 AUG 2026,BORORENEW,EQ,BOROSIL RENEWABLES LTD   ,Listed    ,14 AUG 2026,               1.00,         140283183,            577.05,    80950410750.15 
14 AUG 2026,BOROSCI,EQ,BOROSIL SCIENTIFIC LTD   ,Listed    ,14 AUG 2026,               1.00,          88947050,            133.90,    11911788936.00   
14 AUG 2026,BOSCH-HCIL,EQ,BOSCH HOME COMFRT IND LTD,Listed    ,14 AUG 2026,              10.00,          27190884,           1654.20,    44979160312.80
14 AUG 2026,BOSCHLTD,EQ,BOSCH LIMITED            ,Listed    ,14 AUG 2026,              10.00,          29493640,          47100.00,  1389150444000.00  
14 AUG 2026,BOSS,SM,BOSS PACKAGING SOLU LTD  ,Listed    ,13 AUG 2026,              10.00,           4446260,             45.35,      201637891.00      
14 AUG 2026,BPCL,EQ,BHARAT PETROLEUM CORP  LT,Listed    ,14 AUG 2026,              10.00,        4338505488,            319.45,  1385935578141.60      
14 AUG 2026,BPL,EQ,BPL LTD                  ,Listed    ,14 AUG 2026,              10.00,          48975751,             49.55,     2426258704.55       
14 AUG 2026,BRACEPORT,SM,BRACE PORT LOGISTICS LTD ,Listed    ,13 AUG 2026,              10.00,          11301200,             65.00,      734578000.00 
14 AUG 2026,BRANDMAN,SM,BRANDMAN RETAIL LIMITED  ,Listed    ,14 AUG 2026,              10.00,          18457186,            181.60,     3351824977.60  
14 AUG 2026,BRIGADE,EQ,BRIGADE ENTER. LTD       ,Listed    ,14 AUG 2026,              10.00,         326162380,            591.55,   192941355889.00   
14 AUG 2026,BRIGHOTEL,EQ,BRIGADE HOTEL VENTURE LTD,Listed    ,14 AUG 2026,              10.00,         379842565,             59.65,    22661407427.90 
14 AUG 2026,BRITANNIA,EQ,BRITANNIA INDUSTRIES LTD ,Listed    ,14 AUG 2026,               1.00,         240868296,           5558.00,  1338745989168.00 
14 AUG 2026,BRNL,EQ,BHARAT ROAD NETWORK LTD  ,Listed    ,14 AUG 2026,              10.00,          83950000,             17.40,     1462409000.00      
14 AUG 2026,BROOKS,BE,BROOKS LAB LIMITED       ,Listed    ,14 AUG 2026,              10.00,          29457248,             62.40,     1838426847.70    
14 AUG 2026,BSE,EQ,BSE LIMITED              ,Listed    ,14 AUG 2026,               2.00,         407884077,           3447.00,  1405976413419.00       
14 AUG 2026,BSHSL,BE,BOMBAY SUPER HYBRID SEEDS,Listed    ,14 AUG 2026,               1.00,         104937280,             88.95,     9334171056.00     
14 AUG 2026,BSL,EQ,BSL LTD                  ,Listed    ,14 AUG 2026,              10.00,          10292168,            122.45,     1260275971.60       
14 AUG 2026,BSOFT,EQ,BIRLASOFT LIMITED        ,Listed    ,14 AUG 2026,               2.00,         279506288,            312.05,    87219937170.40     
14 AUG 2026,BTML,EQ,BODHI TREE MULTIMEDIA LTD,Listed    ,14 AUG 2026,               1.00,         181697777,              8.80,     1602574393.15      
14 AUG 2026,BTTL,BE,BHILWARA TECHNICAL TEXT L,Permitted ,14 AUG 2026,               1.00,          58373305,             43.00,     2510052115.00      
14 AUG 2026,BUILDPRO,EQ,SHANKARA BUILDPRO LIMITED,Listed    ,14 AUG 2026,              10.00,          24249326,           1248.60,    30277708443.60  
14 AUG 2026,BULKCORP,SM,BULKCORP INTERNATIONAL L ,Listed    ,14 AUG 2026,              10.00,           7514064,             65.00,      488414160.00  
14 AUG 2026,BURNPUR,BE,BURNPUR CEMENT LIMITED   ,Listed    ,14 AUG 2026,              10.00,          17224873,             18.30,      315559673.35   
14 AUG 2026,BUTTERFLY,EQ,BTRFLY GANDHI APPL LTD   ,Listed    ,14 AUG 2026,              10.00,          17879551,            677.90,    12120547622.90 
14 AUG 2026,BVCL,EQ,BARAK VALLEY CEM. LTD.   ,Listed    ,14 AUG 2026,              10.00,          22160000,             41.00,      908116800.00      
14 AUG 2026,BYKE,BE,THE BYKE HOSPITALITY LTD ,Listed    ,14 AUG 2026,              10.00,          52279300,             31.20,     1631114160.00      
14 AUG 2026,C2C,SM,C2C ADVANCED SYSTEMS LTD ,Listed    ,14 AUG 2026,              10.00,          16968433,            253.55,     4302346187.15       
14 AUG 2026,CADSYS,ST,CADSYS (INDIA) LIMITED   ,Listed    ,10 AUG 2026,              10.00,          10002500,             50.80,      508127000.00    
14 AUG 2026,CALSOFT,BE,CALIFORNIA SOFTWARE CO LT,Listed    ,14 AUG 2026,              10.00,          35035310,             24.60,      861868626.00   
14 AUG 2026,CAMLINFINE,EQ,CAMLIN FINE SCIENCES LTD ,Listed    ,14 AUG 2026,               1.00,         192096613,            103.75,    19931944564.90
14 AUG 2026,CAMPUS,EQ,CAMPUS ACTIVEWEAR LIMITED,Listed    ,14 AUG 2026,               5.00,         305653746,            218.40,    66754778126.40    
14 AUG 2026,CAMS,EQ,COMPUTER AGE MNGT SER LTD,Listed    ,14 AUG 2026,               2.00,         247984498,            762.25,   189026183600.50      
14 AUG 2026,CANARYS,SM,CANARYS AUTOMATIONS LTD  ,Listed    ,14 AUG 2026,               2.00,          58744893,             22.25,     1307073869.25   
14 AUG 2026,CANBK,EQ,CANARA BANK              ,Listed    ,14 AUG 2026,               2.00,        9070651260,            131.25,  1190522977875.00     
14 AUG 2026,CANFINHOME,EQ,CAN FIN HOMES LTD        ,Listed    ,14 AUG 2026,               2.00,         133154591,            820.80,   109293288292.80
14 AUG 2026,CANHLIFE,EQ,CANARA HSBC LIFE INS CO L,Listed    ,14 AUG 2026,              10.00,         950000000,            148.70,   141274500000.00  
14 AUG 2026,CANTABIL,EQ,CANTABIL RETAIL LTD      ,Listed    ,14 AUG 2026,               2.00,          83638040,            237.80,    19887453151.20  
14 AUG 2026,CAPACITE,EQ,CAPACITE INFRAPROJECT LTD,Listed    ,14 AUG 2026,              10.00,          84604043,            214.55,    18150105344.80  
14 AUG 2026,CAPILLARY,EQ,CAPILLARY TECHNO INDIA L ,Listed    ,14 AUG 2026,               2.00,          79471983,            538.05,    42759900453.15 
14 AUG 2026,CAPINVIT,IV,CAPITAL INFRA TRUST      ,Listed    ,14 AUG 2026,              99.00,         491551733,             76.80,    37756088611.75  
14 AUG 2026,CAPITALSFB,EQ,CAPITAL SMALL FIN BANK L ,Listed    ,14 AUG 2026,              10.00,          45431585,            285.70,    12979803834.50
14 AUG 2026,CAPLIPOINT,EQ,CAPLIN POINT LAB LTD.    ,Listed    ,14 AUG 2026,               2.00,          76011696,           2480.50,   188547011928.00
14 AUG 2026,CAPTRUST,BE,CAPITAL TRUST LIMITED    ,Listed    ,14 AUG 2026,              10.00,          34019404,             21.25,      722231946.90  
14 AUG 2026,CARBORUNIV,EQ,CARBORUNDUM UNIVERSAL LTD,Listed    ,14 AUG 2026,               1.00,         190493502,           1151.60,   219372316903.20
14 AUG 2026,CARERATING,EQ,CARE RATINGS LIMITED     ,Listed    ,14 AUG 2026,              10.00,          30049163,           1717.40,    51606432536.20
14 AUG 2026,CARRARO,EQ,CARRARO INDIA LIMITED    ,Listed    ,14 AUG 2026,              10.00,          56851538,            514.65,    29258644031.70   
14 AUG 2026,CARTRADE,EQ,CARTRADE TECH LIMITED    ,Listed    ,14 AUG 2026,              10.00,          48023035,           2797.80,   134358847323.00  
14 AUG 2026,CARYSIL,EQ,CARYSIL LIMITED          ,Listed    ,14 AUG 2026,               2.00,          28442606,           1179.80,    33556586558.80   
14 AUG 2026,CASTROLIND,EQ,CASTROL INDIA LIMITED    ,Listed    ,14 AUG 2026,               5.00,         989122384,            186.80,   184787843778.90
14 AUG 2026,CBAZAAR,ST,NET AVENUE TECHNOLOGIES L,Listed    ,14 AUG 2026,               1.00,          21454078,              5.00,      107270390.00   
14 AUG 2026,CCAVENUE,EQ,AVENUESAI LIMITED        ,Listed    ,14 AUG 2026,               1.00,        3488229550,             15.45,    53823381956.50  
14 AUG 2026,CCCL,EQ,CONS. CONST. CONSORT LTD ,Listed    ,14 AUG 2026,               2.00,         446759451,             16.00,     7148151216.00      
14 AUG 2026,CCHHL,EQ,COUNTRY CLUB HOSP HOL LTD,Listed    ,14 AUG 2026,               2.00,         163464735,             12.25,     1999173709.05     
14 AUG 2026,CCL,EQ,CCL PRODUCTS (I) LTD     ,Listed    ,14 AUG 2026,               2.00,         133527920,           1133.40,   151340544528.00       
14 AUG 2026,CDSL,EQ,CENTRAL DEPO SER (I) LTD ,Listed    ,14 AUG 2026,              10.00,         209000000,           1344.40,   280979600000.00      
14 AUG 2026,CEATLTD,EQ,CEAT LIMITED             ,Listed    ,14 AUG 2026,              10.00,          40450092,           3688.80,   149212299369.60   
14 AUG 2026,CEDAAR,ST,CEDAAR TEXTILE LIMITED   ,Listed    ,14 AUG 2026,              10.00,          13878600,             15.35,      213036510.00    
14 AUG 2026,CEIGALL,EQ,CEIGALL INDIA LIMITED    ,Listed    ,14 AUG 2026,               5.00,         174204861,            318.40,    55466827742.40   
14 AUG 2026,CEINSYS,EQ,CEINSYS TECH LIMITED     ,Listed    ,14 AUG 2026,              10.00,          20937661,            817.70,    17120725399.70   
14 AUG 2026,CELEBRITY,EQ,CELEBRITY FASHIONS LTD   ,Listed    ,14 AUG 2026,              10.00,          64548346,              6.75,      436992302.40 
14 AUG 2026,CELLECOR,ST,CELLECOR GADGETS LIMITED ,Listed    ,14 AUG 2026,               1.00,         220677800,             31.10,     6863079580.00  
14 AUG 2026,CELLO,EQ,CELLO WORLD LIMITED      ,Listed    ,14 AUG 2026,               5.00,         220885034,            377.60,    83406188838.40     
14 AUG 2026,CELLPOINT,SM,CELL POINT (INDIA) LTD   ,Listed    ,14 AUG 2026,              10.00,          18685600,             16.70,      312049520.00 
14 AUG 2026,CEMPRO,EQ,CEMINDIA PROJECTS LIMITED,Listed    ,14 AUG 2026,               1.00,         171787584,           1298.80,   223117714099.20    
14 AUG 2026,CENTENKA,EQ,CENTURY ENKA LTD         ,Listed    ,14 AUG 2026,              10.00,          21850589,            569.15,    12436262729.35  
14 AUG 2026,CENTEXT,EQ,CENTURY EXTRUSIONS LTD   ,Listed    ,14 AUG 2026,               1.00,          80000000,             21.30,     1703200000.00   
14 AUG 2026,CENTRALBK,EQ,CENTRAL BANK OF INDIA    ,Listed    ,14 AUG 2026,              10.00,        9051401274,             31.40,   284214000003.60 
14 AUG 2026,CENTRUM,EQ,CENTRUM CAPITAL LIMITED  ,Listed    ,14 AUG 2026,               1.00,         486829194,             25.75,    12545588329.40   
14 AUG 2026,CENTUM,EQ,CENTUM ELECTRONICS LTD   ,Listed    ,14 AUG 2026,              10.00,          14759016,           3538.50,    52224778116.00    
14 AUG 2026,CENTURYPLY,EQ,CENTURY PLYBOARDS (I) LTD,Listed    ,14 AUG 2026,               1.00,         222172990,            756.55,   168084975584.50
14 AUG 2026,CERA,EQ,CERA SANITARYWARE LTD    ,Listed    ,14 AUG 2026,               5.00,          12897541,           5872.00,    75734360752.00      
14 AUG 2026,CEREBRAINT,BZ,CEREBRA INT TECH LTD     ,Listed    ,14 AUG 2026,              10.00,         111986482,              2.55,      287805258.75
14 AUG 2026,CESC,EQ,CESC LTD                 ,Listed    ,14 AUG 2026,               1.00,        1325570430,            167.85,   222470485266.90      
14 AUG 2026,CEWATER,EQ,CONCORD ENVIRO SYSTEMS L ,Listed    ,14 AUG 2026,               5.00,          20696233,            264.65,     5477258063.45   
14 AUG 2026,CGCL,EQ,CAPRI GLOBAL CAPITAL LTD ,Listed    ,14 AUG 2026,               1.00,         962153962,            226.50,   217947115472.25      
14 AUG 2026,CGPOWER,EQ,CG POWER AND IND SOL LTD ,Listed    ,14 AUG 2026,               2.00,        1574979249,            890.15,  1401967778497.35   
14 AUG 2026,CGRAPHICS,SM,CREATIVE GRAPHICS S IND L,Listed    ,14 AUG 2026,              10.00,          24286000,            147.00,     3570042000.00 
14 AUG 2026,CHALET,EQ,CHALET HOTELS LIMITED    ,Listed    ,14 AUG 2026,              10.00,         218994127,            825.10,   180692054187.70    
14 AUG 2026,CHAMBLFERT,EQ,CHAMBAL FERTILIZERS LTD  ,Listed    ,14 AUG 2026,              10.00,         400652297,            442.70,   177368771881.90
14 AUG 2026,CHAMUNDA,SM,CHAMUNDA ELECTRICAL LTD  ,Listed    ,13 AUG 2026,              10.00,          11004594,             41.00,      451188354.00  
14 AUG 2026,CHANDAN,SM,CHANDAN HEALTHCARE LTD   ,Listed    ,14 AUG 2026,              10.00,          24452064,            248.00,     6064111872.00   
14 AUG 2026,CHAVDA,SM,CHAVDA INFRA LIMITED     ,Listed    ,14 AUG 2026,              10.00,          32656000,            135.60,     4428153600.00    
14 AUG 2026,CHEMBOND,BE,CHEMBOND MATERIALTECH LTD,Listed    ,14 AUG 2026,               5.00,          13448288,            178.85,     2405226308.80  
14 AUG 2026,CHEMBONDCH,BE,CHEMBOND CHEMICAL LIMITED,Listed    ,14 AUG 2026,               5.00,          26896576,            269.05,     7236792738.55
14 AUG 2026,CHEMCON,BE,CHEMCON SPECIAL CHEM LTD ,Listed    ,14 AUG 2026,              10.00,          36630701,            191.15,     7001592189.15   
14 AUG 2026,CHEMFAB,BE,CHEMFAB ALKALIS LIMITED  ,Listed    ,14 AUG 2026,              10.00,          14373702,            375.80,     5401637211.60   
14 AUG 2026,CHEMPLASTS,EQ,CHEMPLAST SANMAR LIMITED ,Listed    ,14 AUG 2026,               5.00,         158109574,            184.10,    29107972573.40
14 AUG 2026,CHENNPETRO,EQ,CHENNAI PETROLEUM CORP LT,Listed    ,14 AUG 2026,              10.00,         148911400,           1321.90,   196845979660.00
14 AUG 2026,CHETANA,ST,CHETANA EDUCATION LIMITED,Listed    ,14 AUG 2026,              10.00,          20400000,             47.50,      969000000.00   
14 AUG 2026,CHEVIOT,EQ,CHEVIOT COMPANY LIMITED  ,Listed    ,14 AUG 2026,              10.00,           5841875,           1159.00,     6770733125.00   
14 AUG 2026,CHOICEIN,EQ,CHOICE INTERNATIONAL LTD ,Listed    ,14 AUG 2026,              10.00,         222776500,            804.35,   179190277775.00  
14 AUG 2026,CHOLAFIN,EQ,CHOLAMANDALAM IN & FIN CO,Listed    ,14 AUG 2026,               2.00,         852488507,           1894.40,  1614954227660.80  
14 AUG 2026,CHOLAHLDNG,EQ,CHOLAMANDALAM FIN HOL LTD,Listed    ,14 AUG 2026,               1.00,         187777462,           1597.20,   299918162306.40
14 AUG 2026,CIEINDIA,EQ,CIE AUTOMOTIVE INDIA LTD ,Listed    ,14 AUG 2026,              10.00,         379362377,            407.75,   154685009221.75  
14 AUG 2026,CIFL,EQ,CAPITAL INDIA FINANCE LTD,Listed    ,14 AUG 2026,               2.00,         391056300,             21.15,     8278661871.00      
14 AUG 2026,CINELINE,EQ,CINELINE INDIA LIMITED   ,Listed    ,14 AUG 2026,               5.00,          34266434,             89.80,     3076783108.85  
14 AUG 2026,CINEVISTA,EQ,CINEVISTA LIMITED        ,Listed    ,14 AUG 2026,               2.00,          57436475,             14.70,      845464912.00 
14 AUG 2026,CIPLA,EQ,CIPLA LTD                ,Listed    ,14 AUG 2026,               2.00,         807845316,           1450.00,  1171375708200.00     
14 AUG 2026,CITIUSINVT,IV,CITIUS TRANSNET INV TRUST,Listed    ,14 AUG 2026,             100.00,         610000000,            111.30,    67893000000.00
14 AUG 2026,CKKRETAIL,SM,C K K RETAIL MART LIMITED,Listed    ,14 AUG 2026,              10.00,          19368000,            146.50,     2837412000.00 
14 AUG 2026,CLASSICEIL,SM,CLASSIC ELECTRODE (IND) L,Listed    ,14 AUG 2026,              10.00,          17964950,             47.30,      849742135.00
14 AUG 2026,CLAYCRAFT,SM,CLAY CRAFT INDIA LIMITED ,Listed    ,14 AUG 2026,              10.00,          20570280,            161.60,     3324157248.00 
14 AUG 2026,CLCIND,BE,CLC INDUSTRIES LIMITED   ,Listed    ,14 AUG 2026,              10.00,          10394680,             50.45,      524203712.40    
14 AUG 2026,CLEAN,EQ,CLEAN SCIENCE & TECH LTD ,Listed    ,14 AUG 2026,               1.00,         106282520,            821.50,    87311090180.00     
14 AUG 2026,CLEANMAX,EQ,CLEAN MAX ENVIRO EN SOL L,Listed    ,14 AUG 2026,               1.00,         117126180,           1248.50,   146232035730.00  
14 AUG 2026,CLEDUCATE,BE,CL EDUCATE LIMITED       ,Listed    ,14 AUG 2026,               5.00,          54223958,             58.85,     3191079928.30 
14 AUG 2026,CLSEL,EQ,CHAMAN LAL SETIA EXP LTD ,Listed    ,14 AUG 2026,               2.00,          49725620,            278.45,    13846098889.00     
14 AUG 2026,CLSL,ST,CROP LIFE SCIENCE LIMITED,Listed    ,14 AUG 2026,              10.00,          17140000,             77.00,     1319780000.00      
14 AUG 2026,CMLL,EQ,CALIBER MINING AND LOG L ,Listed    ,14 AUG 2026,              10.00,          65375785,            526.85,    34443232327.25      
14 AUG 2026,CMNL,SM,CHAMAN METALLICS LIMITED ,Listed    ,14 AUG 2026,              10.00,          24134764,            107.00,     2582419748.00      
14 AUG 2026,CMPDI,EQ,CENTRAL MINE P N D INST L,Listed    ,14 AUG 2026,               2.00,         714000000,            237.25,   169396500000.00     
14 AUG 2026,CMRGREEN,EQ,CMR GREEN TECHNOLOGIES L ,Listed    ,14 AUG 2026,               2.00,         219055489,            213.55,    46783680785.75  
14 AUG 2026,CMRSL,SM,CYBER MEDIA RES & SER LTD,Listed    ,13 AUG 2026,              10.00,           2928000,             66.55,      194858400.00     
14 AUG 2026,CMSINFO,EQ,CMS INFO SYSTEMS LIMITED ,Listed    ,14 AUG 2026,              10.00,         164637541,            263.45,    43373760176.45   
14 AUG 2026,CNL,EQ,CREATIVE NEWTECH LIMITED ,Listed    ,14 AUG 2026,              10.00,          15016675,           1243.00,    18665727025.00       
14 AUG 2026,COALINDIA,EQ,COAL INDIA LTD           ,Listed    ,14 AUG 2026,              10.00,        6162728327,            407.10,  2508846701921.70 
14 AUG 2026,COASTCORP,EQ,COASTAL CORPORATION LTD  ,Listed    ,14 AUG 2026,               2.00,          66977230,             41.80,     2800987758.60 
14 AUG 2026,COCHINSHIP,EQ,COCHIN SHIPYARD LIMITED  ,Listed    ,14 AUG 2026,               5.00,         263080780,           1496.50,   393700387270.00
14 AUG 2026,COCKERILL,EQ,JOHN COCKERILL INDIA LTD.,Permitted ,14 AUG 2026,              10.00,           4937813,           8578.50,    42359028820.50 
14 AUG 2026,COFFEEDAY,BE,COFFEE DAY ENTERPRISE LTD,Listed    ,14 AUG 2026,              10.00,         211251719,             28.80,     6088274541.60 
14 AUG 2026,COFORGE,EQ,COFORGE LIMITED          ,Listed    ,14 AUG 2026,               2.00,         442648781,           1812.00,   802079591172.00   
14 AUG 2026,COHANCE,EQ,COHANCE LIFESCIENCES LTD ,Listed    ,14 AUG 2026,               1.00,         382567140,            440.65,   168578210241.00   
14 AUG 2026,COLPAL,EQ,COLGATE PALMOLIVE LTD.   ,Listed    ,14 AUG 2026,               1.00,         271985634,           1981.00,   538803540954.00    
14 AUG 2026,COMFINTE,EQ,COMFORT INTECH LTD.      ,Permitted ,14 AUG 2026,               1.00,         319938080,              6.65,     2121189470.40  
14 AUG 2026,COMMITTED,ST,COMMITTED CARGO CARE LTD ,Listed    ,14 AUG 2026,              10.00,          11574600,            348.00,     4027960800.00 
14 AUG 2026,COMPINFO,BZ,COMPUAGE INFOCOM LTD     ,Listed    ,14 AUG 2026,               2.00,          85768064,              1.10,       94344870.40  
14 AUG 2026,COMPUSOFT,EQ,COMPUCOM SOFTWARE LTD    ,Listed    ,14 AUG 2026,               2.00,          79125188,             13.10,     1035748710.90 
14 AUG 2026,COMSYN,EQ,COMMERCIAL SYN BAGS LTD  ,Listed    ,14 AUG 2026,              10.00,          40339200,            288.35,    11631001536.00    
14 AUG 2026,CONCOR,EQ,CONTAINER CORP OF IND LTD,Listed    ,14 AUG 2026,               5.00,         761617935,            527.00,   401372651745.00    
14 AUG 2026,CONCORDBIO,EQ,CONCORD BIOTECH LIMITED  ,Listed    ,14 AUG 2026,               1.00,         104616204,           1451.30,   151829496865.20
14 AUG 2026,CONFIPET,EQ,CONFIDENCE PETRO IND LTD.,Listed    ,14 AUG 2026,               1.00,         332241043,             72.00,    23918032685.55  
14 AUG 2026,CONNPLEX,SM,CONNPLEX CINEMAS LIMITED ,Listed    ,14 AUG 2026,              10.00,          19100000,            205.75,     3929825000.00  
14 AUG 2026,CONSOFINVT,BE,CONSO. FIN. & HOLD. LTD. ,Listed    ,14 AUG 2026,              10.00,          32326366,            270.00,     8728118820.00
14 AUG 2026,CONTI,SM,CONTINENTAL SEED CHEM LTD,Listed    ,13 AUG 2026,              10.00,          13942414,             11.60,      161732002.40     
14 AUG 2026,CONTROLPR,EQ,CONTROL PRINT LIMITED    ,Listed    ,14 AUG 2026,              10.00,          15994212,            584.65,     9351016045.80 
14 AUG 2026,COOLCAPS,ST,COOL CAPS INDUSTRIES LTD ,Listed    ,14 AUG 2026,               2.00,         117624370,             20.00,     2352487400.00  
14 AUG 2026,CORALFINAC,EQ,CORAL INDIA FIN & HOUS LT,Listed    ,14 AUG 2026,               2.00,          40302225,             33.05,     1332391558.50
14 AUG 2026,CORDELIA,EQ,WATERWAYS LEISURE TOUR L ,Listed    ,14 AUG 2026,              10.00,          72394543,            837.85,    60655767852.55  
14 AUG 2026,CORDSCABLE,BE,CORDS CABLE INDUS LTD.   ,Listed    ,14 AUG 2026,              10.00,          12927780,            218.50,     2824849207.80
14 AUG 2026,COROMANDEL,EQ,COROMANDEL INTERNTL. LTD ,Listed    ,14 AUG 2026,               1.00,         295014639,           2095.30,   618144173096.70
14 AUG 2026,CORONA,EQ,CORONA REMEDIES LIMITED  ,Listed    ,14 AUG 2026,              10.00,          61160088,           2137.10,   130705224064.80    
14 AUG 2026,COSMOFIRST,EQ,COSMO FIRST LIMITED      ,Listed    ,14 AUG 2026,              10.00,          26249727,            938.35,    24631431330.45
14 AUG 2026,COUNCODOS,BE,COUNTRY CONDO S LIMITED  ,Listed    ,14 AUG 2026,               1.00,          77597300,              6.45,      500502585.00 
14 AUG 2026,CPCAP,EQ,CP CAPITAL LIMITED       ,Listed    ,14 AUG 2026,              10.00,          18192939,            126.55,     2302680289.25     
14 AUG 2026,CPEDU,EQ,CAREER POINT EDUTECH LTD ,Listed    ,14 AUG 2026,              10.00,          18192939,            204.85,     3726641624.75     
14 AUG 2026,CPL,EQ,CAPTAIN POLYPLAST LIMITED,Listed    ,14 AUG 2026,               2.00,          60178790,             68.35,     4113822084.40       
14 AUG 2026,CPPLUS,EQ,ADITYA INFOTECH LIMITED  ,Listed    ,14 AUG 2026,               1.00,         117850485,           3519.00,   414715856715.00    
14 AUG 2026,CPS,SM,C P S SHAPERS LIMITED    ,Listed    ,14 AUG 2026,              10.00,           2278020,           1066.45,     2429394429.00       
14 AUG 2026,CRAFTSMAN,EQ,CRAFTSMAN AUTOMATION LTD ,Listed    ,14 AUG 2026,               5.00,          26154433,          10251.00,   268109092683.00 
14 AUG 2026,CRAMC,EQ,CANARA ROBECO AMC LIMITED,Listed    ,14 AUG 2026,              10.00,         199417428,            256.20,    51090745053.60     
14 AUG 2026,CRAYONS,SM,CRAYONS ADVERTISING LTD  ,Listed    ,13 AUG 2026,              10.00,          24430000,             27.00,      659610000.00   
14 AUG 2026,CREATIVEYE,EQ,CREATIVE EYE LIMITED     ,Listed    ,14 AUG 2026,               5.00,          20058250,              6.20,      124361150.00
14 AUG 2026,CREDITACC,EQ,CREDITACCESS GRAMEEN LTD ,Listed    ,14 AUG 2026,              10.00,         160247885,           1549.40,   248288073019.00 
14 AUG 2026,CREST,EQ,CREST VENTURES LIMITED   ,Listed    ,14 AUG 2026,              10.00,          28449775,            360.80,    10264678820.00     
14 AUG 2026,CRISIL,EQ,CRISIL LTD               ,Listed    ,14 AUG 2026,               1.00,          73130017,           4475.90,   327322643090.30    
14 AUG 2026,CRIZAC,EQ,CRIZAC LIMITED           ,Listed    ,14 AUG 2026,               2.00,         174982500,            179.30,    31377861900.00    
14 AUG 2026,CROMPTON,EQ,CROMPT GREA CON ELEC LTD ,Listed    ,14 AUG 2026,               2.00,         643914875,            248.30,   159884063462.50  
14 AUG 2026,CROWN,EQ,CROWN LIFTERS LIMITED    ,Listed    ,14 AUG 2026,              10.00,          11590000,            107.95,     1251024600.00     
14 AUG 2026,CSBBANK,EQ,CSB BANK LIMITED         ,Listed    ,14 AUG 2026,              10.00,         173485827,            319.80,    55480767474.60   
14 AUG 2026,CSLFINANCE,EQ,CSL FINANCE LIMITED      ,Listed    ,14 AUG 2026,              10.00,          22782621,            219.00,     4989393999.00
14 AUG 2026,CSM,EQ,CSM TECHNOLOGIES LIMITED ,Listed    ,14 AUG 2026,              10.00,          51603472,            100.70,     5196985665.10       
14 AUG 2026,CSSL,SM,CLEAR SECURED SERVICES L ,Listed    ,14 AUG 2026,              10.00,          24047112,             99.50,     2392687644.00      
14 AUG 2026,CTE,EQ,CAMBRIDGE TECH ENTER LTD ,Listed    ,14 AUG 2026,              10.00,          19631015,             38.85,      762272312.45       
14 AUG 2026,CUB,EQ,CITY UNION BANK LTD      ,Listed    ,14 AUG 2026,               1.00,         990787238,            208.65,   206717849336.30       
14 AUG 2026,CUBEINVIT,IV,CUBE HIGHWAYS TRUST      ,Listed    ,14 AUG 2026,             100.00,        1344069762,            159.20,   213962465412.80 
14 AUG 2026,CUBEXTUB,EQ,CUBEX TUBINGS LTD        ,Listed    ,14 AUG 2026,              10.00,          14318975,             82.60,     1182747335.00  
14 AUG 2026,CUDML,ST,CASH UR DRIVE MARKETING L,Listed    ,14 AUG 2026,              10.00,          17645800,            112.00,     1976329600.00     
14 AUG 2026,CUMMINSIND,EQ,CUMMINS INDIA LTD        ,Listed    ,14 AUG 2026,               2.00,         277200000,           5400.00,  1496880000000.00
14 AUG 2026,CUPID,EQ,CUPID LIMITED            ,Listed    ,14 AUG 2026,               1.00,        1344660700,            293.90,   395168886516.00     
14 AUG 2026,CURAA,EQ,CURA TECHNOLOGIES LIMITED,Listed    ,14 AUG 2026,              10.00,           9900000,             71.35,      706365000.00     
14 AUG 2026,CURIS,SM,CURIS LIFESCIENCES LTD   ,Listed    ,13 AUG 2026,              10.00,           8084434,            102.00,      824612268.00     
14 AUG 2026,CURRENT,SM,CURRENT INFRAPROJECTS LTD,Listed    ,13 AUG 2026,              10.00,          19148000,            101.05,     1934905400.00   
14 AUG 2026,CYBERMEDIA,BE,CYBER MEDIA (INDIA) LTD. ,Listed    ,14 AUG 2026,              10.00,          20658392,             16.50,      340656884.10
14 AUG 2026,CYBERTECH,BE,CYBERTECH SYSTEMS & SOFTW,Listed    ,14 AUG 2026,              10.00,          31130593,            133.95,     4169631626.40 
14 AUG 2026,CYIENT,EQ,CYIENT LIMITED           ,Listed    ,14 AUG 2026,               5.00,         111141804,            867.05,    96365501158.20    
14 AUG 2026,CYIENTDLM,EQ,CYIENT DLM LIMITED       ,Listed    ,14 AUG 2026,              10.00,          79364396,            696.65,    55289206473.40 
14 AUG 2026,DABUR,EQ,DABUR INDIA LTD          ,Listed    ,14 AUG 2026,               1.00,        1773952388,            405.25,   718894205237.00     
14 AUG 2026,DAICHI,EQ,DAI-ICHI KARKARIA LTD.   ,Permitted ,14 AUG 2026,              10.00,           7451229,            336.25,     2505475751.25    
14 AUG 2026,DALBHARAT,EQ,DALMIA BHARAT LIMITED    ,Listed    ,14 AUG 2026,               2.00,         187565953,           1842.00,   345496485426.00 
14 AUG 2026,DALMIASUG,EQ,DALMIA BHARAT SUG IN LTD ,Listed    ,14 AUG 2026,               2.00,          80939303,            422.40,    34188761587.20 
14 AUG 2026,DAMCAPITAL,EQ,DAM CAPITAL ADVISORS LTD ,Listed    ,14 AUG 2026,               2.00,          70686000,            145.30,    10272089520.00
14 AUG 2026,DAMODARIND,BE,DAMODAR INDUSTRIES LTD   ,Listed    ,14 AUG 2026,               5.00,          23300000,             27.50,      640750000.00
14 AUG 2026,DANGEE,EQ,DANGEE DUMS LIMITED      ,Listed    ,14 AUG 2026,               1.00,         153975000,              2.95,      454226250.00    
14 AUG 2026,DANISH,SM,DANISH POWER LIMITED     ,Listed    ,14 AUG 2026,              10.00,          19691610,            763.15,    15027652171.50    
14 AUG 2026,DATAMATICS,EQ,DATAMATICS GLOBAL SER LTD,Listed    ,14 AUG 2026,               5.00,          59106389,            866.25,    51200909471.25
14 AUG 2026,DATAPATTNS,EQ,DATA PATTERNS INDIA LTD  ,Listed    ,14 AUG 2026,               2.00,          55983969,           4455.80,   249453369070.20
14 AUG 2026,DAVANGERE,EQ,DAVANGERE SUGAR COMPANY L,Listed    ,14 AUG 2026,               1.00,        1429990798,              3.00,     4304272302.00 
14 AUG 2026,DBCORP,EQ,D.B.CORP LTD             ,Listed    ,14 AUG 2026,              10.00,         178254679,            211.50,    37697299514.90    
14 AUG 2026,DBEIL,BE,DEEPAK BUILDERS & ENG I L,Listed    ,14 AUG 2026,               1.00,         465808600,              7.10,     3311899146.00     
14 AUG 2026,DBL,EQ,DILIP BUILDCON LIMITED   ,Listed    ,14 AUG 2026,              10.00,         162444833,            412.35,    66984126887.55       
14 AUG 2026,DBOL,EQ,DHAMPUR BIO ORGANICS LTD ,Listed    ,14 AUG 2026,              10.00,          66387590,            119.80,     7953233282.00      
14 AUG 2026,DBREALTY,EQ,VALOR ESTATE LIMITED     ,Listed    ,14 AUG 2026,              10.00,         542406761,            111.90,    60700740623.50  
14 AUG 2026,DBSTOCKBRO,BE,DB (INT) STOCK BROKERS   ,Listed    ,14 AUG 2026,               2.00,          35000000,             32.65,     1142050000.00
14 AUG 2026,DCAL,EQ,DISHMAN CARBO AMCIS LTD  ,Listed    ,14 AUG 2026,               2.00,         156783095,            190.65,    29892264892.70      
14 AUG 2026,DCBBANK,EQ,DCB BANK LIMITED         ,Listed    ,14 AUG 2026,              10.00,         322077427,            182.05,    58630974811.10   
14 AUG 2026,DCCL,SM,DAR CREDIT & CAPITAL LTD ,Listed    ,14 AUG 2026,              10.00,          14276000,             46.40,      662406400.00      
14 AUG 2026,DCG,SM,DCG CABLES & WIRES LTD   ,Listed    ,14 AUG 2026,              10.00,          18149600,             54.95,      997320520.00       
14 AUG 2026,DCI,EQ,DC INFOTECH AND COMUN LTD,Listed    ,14 AUG 2026,              10.00,          16400000,            365.10,     5987640000.00       
14 AUG 2026,DCM,BE,DCM LIMITED              ,Listed    ,14 AUG 2026,              10.00,          18677749,             82.65,     1543902732.35       
14 AUG 2026,DCMFINSERV,EQ,DCM FINANCIAL SERVICES LT,Listed    ,14 AUG 2026,              10.00,          18781987,              5.30,       99732350.95
14 AUG 2026,DCMNVL,EQ,DCM NOUVELLE LIMITED     ,Listed    ,14 AUG 2026,              10.00,          18677749,            179.25,     3348360063.25    
14 AUG 2026,DCMSHRIRAM,EQ,DCM SHRIRAM LIMITED      ,Listed    ,14 AUG 2026,               2.00,         155942296,           1024.70,   159794070711.20
14 AUG 2026,DCMSIL,BE,DCM SHRIRAM INTERNATNL L ,Listed    ,14 AUG 2026,               2.00,          86992185,             82.35,     7164676356.60    
14 AUG 2026,DCMSRIND,EQ,DCM SHRIRAM IND LTD      ,Listed    ,14 AUG 2026,               2.00,          86992185,             42.25,     3674549894.40  
14 AUG 2026,DCW,EQ,DCW LTD                  ,Listed    ,14 AUG 2026,               2.00,         295155017,             44.05,    13001578498.85       
14 AUG 2026,DCXINDIA,EQ,DCX SYSTEMS LIMITED      ,Listed    ,14 AUG 2026,               2.00,         111386427,            176.20,    19625174573.15  
14 AUG 2026,DDEVPLSTIK,EQ,DDEV PLASTIKS IND LTD    ,Listed    ,14 AUG 2026,               1.00,         103476664,            276.95,    28657862094.80
14 AUG 2026,DECCANCE,EQ,DECCAN CEMENTS LIMITED   ,Listed    ,14 AUG 2026,               5.00,          14007500,            545.35,     7638990125.00  
14 AUG 2026,DECCANTRAN,SM,DECCAN TRANSCON LEASING L,Listed    ,14 AUG 2026,              10.00,          22723448,             22.00,      499915856.00
14 AUG 2026,DECNGOLD,EQ,DECCAN GOLD MINES LTD.   ,Permitted ,14 AUG 2026,               1.00,         197901715,            225.45,    44618920663.90  
14 AUG 2026,DEEDEV,EQ,DEE DEVELOPMENT ENG LTD  ,Listed    ,14 AUG 2026,              10.00,          69263342,            631.95,    43770968976.90    
14 AUG 2026,DEEM,ST,DEEM ROLL TECH LIMITED   ,Listed    ,13 AUG 2026,              10.00,           8337272,             42.80,      356835241.60      
14 AUG 2026,DEEPAKFERT,EQ,DEEPAK FERTILIZERS & PETR,Listed    ,14 AUG 2026,              10.00,         126237825,           1496.40,   188902281330.00
14 AUG 2026,DEEPAKNTR,EQ,DEEPAK NITRITE LTD       ,Listed    ,14 AUG 2026,               2.00,         136393041,           1723.20,   235032488251.20 
14 AUG 2026,DEEPINDS,EQ,DEEP INDUSTRIES LIMITED  ,Listed    ,14 AUG 2026,               5.00,          64000000,            668.70,    42796800000.00  
14 AUG 2026,DELAPLEX,SM,DELAPLEX LIMITED         ,Listed    ,14 AUG 2026,              10.00,           9110000,             90.00,      819900000.00  
14 AUG 2026,DELHIVERY,EQ,DELHIVERY LIMITED        ,Listed    ,14 AUG 2026,               1.00,         748848124,            459.70,   344245482602.80 
14 AUG 2026,DELPHIFX,BE,DELPHI WORLD MONEY LTD   ,Listed    ,14 AUG 2026,               2.00,         245267775,              6.65,     1633483381.50  
14 AUG 2026,DELTACORP,EQ,DELTA CORP LIMITED       ,Listed    ,14 AUG 2026,               1.00,         267771097,             60.55,    16210862212.40 
14 AUG 2026,DELTAMAGNT,EQ,DELTA MANUFACTURING LTD  ,Listed    ,14 AUG 2026,              10.00,          10851120,             58.50,      634790520.00
14 AUG 2026,DELTIC,SM,DELTA AUTOCORP LIMITED   ,Listed    ,14 AUG 2026,              10.00,          15289698,             34.50,      527494581.00    
14 AUG 2026,DEN,EQ,DEN NETWORKS LTD         ,Listed    ,14 AUG 2026,              10.00,         477223845,             27.50,    13128427975.95       
14 AUG 2026,DENEERS,SM,DE NEERS TOOLS LIMITED   ,Listed    ,14 AUG 2026,              10.00,           8846400,            172.00,     1521580800.00   
14 AUG 2026,DENORA,EQ,DE NORA INDIA LIMITED    ,Listed    ,14 AUG 2026,              10.00,           5308634,            839.80,     4458190833.20    
14 AUG 2026,DENTA,EQ,DENTA WATER N INFRA SOL L,Listed    ,14 AUG 2026,              10.00,          26700000,            295.75,     7896525000.00     
14 AUG 2026,DENTALKART,SM,VASA DENTICITY LIMITED   ,Listed    ,14 AUG 2026,              10.00,          17343549,            407.00,     7058824443.00
14 AUG 2026,DESTINY,SM,DESTINY LOGISTICS & I LTD,Listed    ,11 AUG 2026,              10.00,          22423000,            100.65,     2256874950.00   
14 AUG 2026,DEVIT,EQ,DEV INFO TECHNOLOGY LTD  ,Listed    ,14 AUG 2026,               2.00,          56363714,             26.10,     1470529298.25     
14 AUG 2026,DEVX,EQ,DEV ACCELERATOR LIMITED  ,Listed    ,14 AUG 2026,               2.00,          90187515,             32.85,     2962659867.75      
14 AUG 2026,DEVYANI,EQ,DEVYANI INTERNATIONAL LTD,Listed    ,14 AUG 2026,               1.00,        1232939791,            143.75,   177247424354.15   
14 AUG 2026,DGCONTENT,EQ,DIGICONTENT LIMITED      ,Listed    ,14 AUG 2026,               2.00,          58187078,             24.55,     1429656506.45 
14 AUG 2026,DHAMPURSUG,EQ,DHAMPUR SUGAR MILLS LTD. ,Listed    ,14 AUG 2026,              10.00,          64306509,            160.95,    10348846493.35
14 AUG 2026,DHANBANK,EQ,DHANLAXMI BANK LIMITED   ,Listed    ,14 AUG 2026,              10.00,         394698851,             32.35,    12764560841.35  
14 AUG 2026,DHANLAXMI,SM,DHANLAXMI CROP SCIENCE L ,Listed    ,14 AUG 2026,              10.00,          16328000,             25.50,      416364000.00 
14 AUG 2026,DHANSA,SM,DHANSA LABS LIMITED      ,Listed    ,14 AUG 2026,              10.00,          24946819,             20.10,      501431061.90    
14 AUG 2026,DHANUKA,EQ,DHANUKA AGRITECH LTD     ,Listed    ,14 AUG 2026,               2.00,          45078324,           1009.70,    45515583742.80   
14 AUG 2026,DHARAN,BZ,DHARAN INFRA-EPC LIMITED ,Listed    ,14 AUG 2026,               1.00,        5228758452,              0.15,      836601352.30    
14 AUG 2026,DHARARAIL,ST,DHARA RAIL PROJECTS LTD  ,Listed    ,14 AUG 2026,              10.00,          15084000,            141.30,     2131369200.00 
14 AUG 2026,DHARIWAL,SM,DHARIWALCORP LIMITED     ,Listed    ,14 AUG 2026,               2.00,          94014000,             18.25,     1715755500.00  
14 AUG 2026,DHARMAJ,EQ,DHARMAJ CROP GUARD LTD   ,Listed    ,14 AUG 2026,              10.00,          33797296,            270.15,     9130339514.40   
14 AUG 2026,DHRUV,EQ,DHRUV CONSULTANCY SER LTD,Listed    ,14 AUG 2026,              10.00,          18966569,             23.95,      454628658.95     
14 AUG 2026,DHTL,SM,DOCMODE HEALTH TECH LTD  ,Listed    ,14 AUG 2026,              10.00,           3142800,             33.15,      104183820.00      
14 AUG 2026,DHUNINV,EQ,DHUNSERI INVESTMENTS LTD ,Listed    ,14 AUG 2026,              10.00,           6097178,           1063.50,     6484348803.00   
14 AUG 2026,DIACABS,BE,DIAMOND POWER INFRA LTD  ,Listed    ,14 AUG 2026,               1.00,         526971060,            368.50,   194188835610.00   
14 AUG 2026,DIAMINESQ,EQ,DIAMINES & CHEMICALS LTD ,Listed    ,14 AUG 2026,              10.00,          10053392,            242.05,     2433524067.50 
14 AUG 2026,DIAMONDYD,EQ,PRATAAP SNACKS LIMITED   ,Listed    ,14 AUG 2026,               5.00,          23910527,           1191.40,    28487001867.80 
14 AUG 2026,DICIND,EQ,DIC INDIA LIMITED        ,Listed    ,14 AUG 2026,              10.00,           9178977,            569.25,     5225132657.25    
14 AUG 2026,DIFFNKG,EQ,DIFFUSION ENGINEERS LTD  ,Listed    ,14 AUG 2026,              10.00,          37426259,            391.95,    14669222215.05   
14 AUG 2026,DIGIDRIVE,EQ,DIGIDRIVE DISTRIBUTORS L ,Listed    ,14 AUG 2026,              10.00,          38561898,             17.30,      667120835.40 
14 AUG 2026,DIGIKORE,SM,DIGIKORE STUDIOS LIMITED ,Listed    ,14 AUG 2026,              10.00,          12665600,             41.80,      529422080.00  
14 AUG 2026,DIGISPICE,EQ,DIGISPICE TECHNOLOGIES LT,Listed    ,14 AUG 2026,               3.00,         234671106,             17.05,     4003489068.35 
14 AUG 2026,DIGITIDE,EQ,DIGITIDE SOLUTIONS LTD   ,Listed    ,14 AUG 2026,              10.00,         149110807,            100.10,    14924500672.65  
14 AUG 2026,DIGJAMLMTD,EQ,DIGJAM LTD               ,Listed    ,14 AUG 2026,              10.00,          20000000,             50.40,     1007600000.00
14 AUG 2026,DIRL,SM,DHANUKA INFRA REALTY LTD ,Listed    ,11 AUG 2026,              10.00,           9540040,              9.60,       91584384.00      
14 AUG 2026,DISAQ,EQ,DISA INDIA LTD.          ,Permitted ,14 AUG 2026,              10.00,           1454205,          11661.00,    16957484505.00     
14 AUG 2026,DISHTV,EQ,DISH TV INDIA LTD.       ,Listed    ,14 AUG 2026,               1.00,        1841256054,              2.80,     5192342072.30    
14 AUG 2026,DIVGIITTS,EQ,DIVGI TORQTRANSFER SYST L,Listed    ,14 AUG 2026,               5.00,          30582927,           1301.05,    39789917173.35 
14 AUG 2026,DIVINEHIRA,ST,DIVINE HIRA JEWELLERS LTD,Listed    ,14 AUG 2026,              10.00,          39141300,            110.00,     4305543000.00
14 AUG 2026,DIVISLAB,EQ,DIVI S LABORATORIES LTD  ,Listed    ,14 AUG 2026,               2.00,         265468580,           8477.00,  2250377152660.00  
14 AUG 2026,DIVYADHAN,ST,DIVYADHAN RECYCLING IND L,Listed    ,14 AUG 2026,              10.00,          14306714,             48.00,      686722272.00 
14 AUG 2026,DIXON,EQ,DIXON TECHNO (INDIA) LTD ,Listed    ,14 AUG 2026,               2.00,          61085921,          14130.00,   863144063730.00     
14 AUG 2026,DJML,EQ,DJ MEDIAPRINT & LOG LTD  ,Listed    ,14 AUG 2026,              10.00,          34377851,            106.80,     3670866929.80      
14 AUG 2026,DKEGL,SM,D K ENTERPRISES GLOBAL L ,Listed    ,13 AUG 2026,              10.00,           7508000,             63.55,      477133400.00     
14 AUG 2026,DLF,EQ,DLF LIMITED              ,Listed    ,14 AUG 2026,               2.00,        2475315036,            665.00,  1646084498940.00       
14 AUG 2026,DLINKINDIA,EQ,D-LINK INDIA LTD         ,Listed    ,14 AUG 2026,               2.00,          35504850,            420.45,    14928014182.50
14 AUG 2026,DMART,EQ,AVENUE SUPERMARTS LIMITED,Listed    ,14 AUG 2026,              10.00,         652230157,           4060.00,  2648054437420.00     
14 AUG 2026,DMCC,EQ,DMCC SPECIALITY CHEMICALS,Listed    ,14 AUG 2026,              10.00,          24939933,            294.15,     7336081291.95      
14 AUG 2026,DNAMEDIA,EQ,DILIGENT MEDIA CORP LTD. ,Listed    ,14 AUG 2026,               1.00,         117708018,              2.60,      308395007.15  
14 AUG 2026,DODLA,EQ,DODLA DAIRY LIMITED      ,Listed    ,14 AUG 2026,              10.00,          60327809,           1109.40,    66927671304.60     
14 AUG 2026,DOLATALGO,EQ,DOLAT ALGOTECH LIMITED   ,Listed    ,14 AUG 2026,               1.00,         176000000,             69.40,    12214400000.00 
14 AUG 2026,DOLLAR,EQ,DOLLAR INDUSTRIES LIMITED,Listed    ,14 AUG 2026,               2.00,          56716120,            273.50,    15511858820.00    
14 AUG 2026,DOLLEX,SM,DOLLEX AGROTECH LIMITED  ,Listed    ,14 AUG 2026,              10.00,          39948800,             32.15,     1284353920.00    
14 AUG 2026,DOLPHIN,EQ,DOLPHIN OFF ENT (IND) L  ,Listed    ,14 AUG 2026,               1.00,          40004580,            508.10,    20326327098.00   
14 AUG 2026,DOMS,EQ,DOMS INDUSTRIES LIMITED  ,Listed    ,14 AUG 2026,              10.00,          60688336,           2215.90,   134479283742.40      
14 AUG 2026,DONEAR,EQ,DONEAR IND. LIMITED      ,Listed    ,14 AUG 2026,               2.00,          52000000,             87.30,     4538560000.00    
14 AUG 2026,DPABHUSHAN,EQ,D. P. ABHUSHAN LIMITED   ,Listed    ,14 AUG 2026,              10.00,          22827920,           1429.30,    32627946056.00
14 AUG 2026,DPEL,SM,DIVINE POWER ENERGY LTD  ,Listed    ,14 AUG 2026,              10.00,          24965080,            569.40,    14215116552.00      
14 AUG 2026,DPSCLTD,BE,DPSC LIMITED             ,Listed    ,14 AUG 2026,               1.00,         973789640,              7.30,     7128140164.80   
14 AUG 2026,DPWIRES,BE,D P WIRES LIMITED        ,Listed    ,14 AUG 2026,              10.00,          15500444,            162.40,     2517117101.15   
14 AUG 2026,DRAGARWQ,EQ,DR. AGARWAL'S EYE HOSP L ,Permitted ,14 AUG 2026,              10.00,           4832827,           5403.00,    26111764281.00  
14 AUG 2026,DRCSYSTEMS,EQ,DRC SYSTEMS INDIA LIMITED,Listed    ,14 AUG 2026,               1.00,         144081330,             12.80,     1842800210.70
14 AUG 2026,DREAMFOLKS,EQ,DREAMFOLKS SERVICES LTD  ,Listed    ,14 AUG 2026,               2.00,          53269862,             66.70,     3553632494.00
14 AUG 2026,DREDGECORP,EQ,DREDGING CORP OF INDIA   ,Listed    ,14 AUG 2026,              10.00,          28000000,           1166.40,    32659200000.00
14 AUG 2026,DRONE,SM,DRONE DESTINATION LIMITED,Listed    ,14 AUG 2026,              10.00,          24399998,             38.45,      938179923.10     
14 AUG 2026,DRREDDY,EQ,DR. REDDY S LABORATORIES ,Listed    ,14 AUG 2026,               1.00,         834669070,           1200.00,  1001602884000.00   
14 AUG 2026,DRSCARGO,SM,DRS CARGO MOVERS LIMITED ,Listed    ,15 APR 2026,              10.00,           7531201,             21.80,      164180181.80  
14 AUG 2026,DRSDILIP,SM,DRS DILIP ROADLINES LTD. ,Listed    ,05 AUG 2026,              10.00,          15062403,            109.90,     1655358089.70  
14 AUG 2026,DSFCL,BE,DCM SHRIRAM FINE CHEM LTD,Listed    ,14 AUG 2026,               2.00,          86992185,             25.25,     2196552671.25     
14 AUG 2026,DSKULKARNI,BE,DS KULKARNI DEVELOPERS L ,Listed    ,14 AUG 2026,              10.00,          10000000,             13.30,      133000000.00
14 AUG 2026,DSSL,EQ,DYNACONS SYS & SOLN LTD  ,Listed    ,14 AUG 2026,              10.00,          12737080,           1196.40,    15238642512.00      
14 AUG 2026,DTIL,EQ,DHUNSERI TEA & IND. LTD. ,Listed    ,14 AUG 2026,              10.00,          10507427,            135.50,     1423966507.05      
14 AUG 2026,DTL,SM,DIENSTEN TECH LIMITED    ,Listed    ,12 AUG 2026,              10.00,           8260646,            116.00,      958234936.00       
14 AUG 2026,DUCOL,SM,DUCOL ORGS AND COLOURS LT,Listed    ,14 AUG 2026,              10.00,          16293958,            101.05,     1646504455.90     
14 AUG 2026,DUCON,EQ,DUCON INFRATECHNOLOGIES L,Listed    ,14 AUG 2026,               1.00,         324925587,              3.10,     1004020063.85     
14 AUG 2026,DUGLOBAL,SM,DUDIGITAL GLOBAL LIMITED ,Listed    ,14 AUG 2026,               2.00,          71941741,             25.00,     1798543525.00  
14 AUG 2026,DURLAX,SM,DURLAX TOP SURFACE LTD   ,Listed    ,14 AUG 2026,              10.00,          28932198,             67.95,     1965942854.10    
14 AUG 2026,DVL,EQ,DHUNSERI VENTURES LIMITED,Listed    ,14 AUG 2026,              10.00,          35024754,            267.00,     9351259070.45       
14 AUG 2026,DWARKESH,EQ,DWARIKESH SUGAR IND LTD  ,Listed    ,14 AUG 2026,               1.00,         185301470,             42.95,     7958698136.50  
14 AUG 2026,DYCL,EQ,DYNAMIC CABLES LIMITED   ,Listed    ,14 AUG 2026,              10.00,          48458638,            450.20,    21816078827.60      
14 AUG 2026,DYNAMATECH,EQ,DYNAMATIC TECHNOLOGIES   ,Listed    ,14 AUG 2026,              10.00,           6791443,          11188.00,    75982664284.00
14 AUG 2026,DYNAMIC,ST,DYNAMIC SRVCS & SEC LTD  ,Listed    ,14 AUG 2026,              10.00,          23518192,            136.00,     3198474112.00   
14 AUG 2026,DYNPRO,EQ,DYNEMIC PRODUCTS LIMITED ,Listed    ,14 AUG 2026,              10.00,          12428387,            231.85,     2881521525.95    
14 AUG 2026,E2E,BE,E2E NETWORKS LIMITED     ,Listed    ,14 AUG 2026,               1.00,         205564890,            666.75,   137060390407.50       
14 AUG 2026,E2ERAIL,ST,E TO E TRANS INFRA LTD   ,Listed    ,14 AUG 2026,              10.00,          17257570,            266.55,     4600005283.50   
14 AUG 2026,EASEMYTRIP,EQ,EASY TRIP PLANNERS LTD   ,Listed    ,14 AUG 2026,               1.00,        3984651865,              6.40,    25501771936.00
14 AUG 2026,EASTSILK,BE,EASTERN SILK INDUSTRIES L,Listed    ,14 AUG 2026,               2.00,           5000000,             59.55,      297800000.00  
14 AUG 2026,EBGNG,EQ,GNG ELECTRONICS LIMITED  ,Listed    ,14 AUG 2026,               2.00,         114011517,            565.20,    64439309408.40     
14 AUG 2026,ECLERX,EQ,ECLERX SERVICES LTD      ,Listed    ,14 AUG 2026,              10.00,          94050718,           1897.00,   178414212046.00    
14 AUG 2026,ECOLINE,ST,ECOLINE EXIM LIMITED     ,Listed    ,14 AUG 2026,              10.00,          20515376,            186.65,     3829194930.40   
14 AUG 2026,ECOSMOBLTY,BE,ECOS (INDIA) MOB & HOSP L,Listed    ,14 AUG 2026,               2.00,          60000000,            120.25,     7215600000.00
14 AUG 2026,EDELWEISS,EQ,EDELWEISS FIN SERV LTD   ,Listed    ,14 AUG 2026,               1.00,         946531653,            122.00,   115457931032.95 
14 AUG 2026,EEPL,SM,EPPELTONE ENGINEERS LTD  ,Listed    ,14 AUG 2026,              10.00,          12959312,            140.10,     1815599611.20      
14 AUG 2026,EFACTOR,SM,E FACTOR EXPERIENCES LTD ,Listed    ,14 AUG 2026,              10.00,          13131398,            196.50,     2580319707.00   
14 AUG 2026,EFCIL,EQ,EFC (I) LIMITED          ,Listed    ,14 AUG 2026,               2.00,         147946162,            179.90,    26618473467.05     
14 AUG 2026,EFFWA,ST,EFFWA INFRA & RESEARCH L ,Listed    ,14 AUG 2026,              10.00,          23147167,            361.00,     8356127287.00     
14 AUG 2026,EFORCE,SM,ELECTRO FORCE (INDIA) LTD,Listed    ,14 AUG 2026,              10.00,          23400001,             21.00,      491400021.00    
14 AUG 2026,EICHERMOT,EQ,EICHER MOTORS LTD        ,Listed    ,14 AUG 2026,               1.00,         274497530,           8066.50,  2214234325745.00 
14 AUG 2026,EIDPARRY,EQ,EID PARRY INDIA LTD      ,Listed    ,14 AUG 2026,               1.00,         177926042,            775.20,   137928267758.40  
14 AUG 2026,EIEL,EQ,ENVIRO INFRA ENGINEERS L ,Listed    ,14 AUG 2026,              10.00,         175530000,            196.75,    34532016900.00      
14 AUG 2026,EIFFL,BE,EURO (I) FRESH FOODS LTD ,Listed    ,14 AUG 2026,              10.00,          24800000,            274.70,     6812560000.00     
14 AUG 2026,EIHAHOTELS,EQ,EIH ASSOCIATED HOTELS LTD,Listed    ,14 AUG 2026,              10.00,          60936294,            299.25,    18235185979.50
14 AUG 2026,EIHOTEL,EQ,EIH LIMITED              ,Listed    ,14 AUG 2026,               2.00,         625364182,            300.35,   187828132063.70   
14 AUG 2026,EIMCOELECO,EQ,EIMCO ELECON (INDIA) LTD ,Listed    ,14 AUG 2026,              10.00,           5768385,           2005.50,    11568496117.50
14 AUG 2026,EKC,EQ,EVEREST KANTO CYLINDERLTD,Listed    ,14 AUG 2026,               2.00,         112207682,            110.40,    12388850169.60       
14 AUG 2026,ELANTAS,EQ,ELANTAS BECK INDIA LTD.  ,Permitted ,14 AUG 2026,              10.00,           7927682,          11807.50,    93606105215.00   
14 AUG 2026,ELCIDIN,EQ,ELCID INVESTMENTS LTD.   ,Permitted ,14 AUG 2026,              10.00,            200000,         110390.00,    22078000000.00   
14 AUG 2026,ELDEHSG,EQ,ELDECO HSG & IND LTD.    ,Listed    ,14 AUG 2026,               2.00,           9833000,            759.30,     7466196900.00   
14 AUG 2026,ELECON,EQ,ELECON ENG. CO. LTD      ,Listed    ,14 AUG 2026,               1.00,         224399930,            432.35,    97019309735.50    
14 AUG 2026,ELECTCAST,EQ,ELECTROSTEEL CASTINGS LTD,Listed    ,14 AUG 2026,               1.00,         618184591,             70.75,    43730377967.35 
14 AUG 2026,ELECTHERM,EQ,ELECTROTHERM (I) LTD.    ,Listed    ,14 AUG 2026,              10.00,          12742814,           1003.50,    12787413849.00 
14 AUG 2026,ELGIEQUIP,EQ,ELGI EQUIPMENTS LTD      ,Listed    ,14 AUG 2026,               1.00,         316909016,            609.50,   193156045252.00 
14 AUG 2026,ELGIRUBCO,EQ,ELGI RUBBER CO. LTD      ,Listed    ,14 AUG 2026,               1.00,          50050000,             58.35,     2919416500.00 
14 AUG 2026,ELGNZ,SM,ELEGANZ INTERIORS LIMITED,Listed    ,14 AUG 2026,              10.00,          22599626,             86.05,     1944697817.30     
14 AUG 2026,ELIN,EQ,ELIN ELECTRONICS LIMITED ,Listed    ,14 AUG 2026,               5.00,          49709220,            101.55,     5047971291.00      
14 AUG 2026,ELITECON,EQ,ELITECON INTERNATIONAL L ,Permitted ,14 AUG 2026,               1.00,        1598500000,             17.15,    27446245000.00  
14 AUG 2026,ELLEN,EQ,ELLENBARRIE INDUS GASES L,Listed    ,14 AUG 2026,               2.00,         140935600,            332.60,    46875180560.00     
14 AUG 2026,ELPROINTL,EQ,ELPRO INTERNATIONAL LTD  ,Permitted ,14 AUG 2026,               1.00,         169479130,            174.85,    29633425880.50 
14 AUG 2026,EMAMILTD,EQ,EMAMI LIMITED            ,Listed    ,14 AUG 2026,               1.00,         436500000,            403.30,   176040450000.00  
14 AUG 2026,EMAMIPAP,BE,EMAMI PAPER MILLS LIMITED,Listed    ,14 AUG 2026,               2.00,          60499050,            109.15,     6604076298.00  
14 AUG 2026,EMAMIREAL,EQ,EMAMI REALTY LIMITED     ,Listed    ,14 AUG 2026,               2.00,          52033889,             75.25,     3916590825.05 
14 AUG 2026,EMAPARTNER,SM,EMA PARTNERS INDIA LTD   ,Listed    ,14 AUG 2026,               5.00,          22521426,             79.10,     1781444796.60
14 AUG 2026,EMBASSY,RR,EMBASSY OFFICE PARKS REIT,Listed    ,14 AUG 2026,             300.00,         947893743,            452.60,   429026187019.25   
14 AUG 2026,EMBDL,EQ,EMBASSY DEVELOPMENTS LTD ,Listed    ,14 AUG 2026,               2.00,        1390633433,             61.60,    85690832141.45     
14 AUG 2026,EMCURE,EQ,EMCURE PHARMACEUTICALS L ,Listed    ,14 AUG 2026,              10.00,         189659547,           1932.30,   366479142668.10    
14 AUG 2026,EMIL,EQ,ELECTRONICS MART IND LTD ,Listed    ,14 AUG 2026,              10.00,         384748762,            189.45,    72886805473.30      
14 AUG 2026,EMKAY,EQ,EMKAY GLOBAL FIN SERV LTD,Listed    ,14 AUG 2026,              10.00,          27130131,            237.10,     6432825361.40     
14 AUG 2026,EMKAYTOOLS,SM,EMKAY TAP & CUT. TOOL LTD,Listed    ,14 AUG 2026,              10.00,          10671300,             92.95,      991897335.00
14 AUG 2026,EMMBI,BE,EMMBI INDUSTRIES LIMITED ,Listed    ,14 AUG 2026,              10.00,          19240250,             85.70,     1649274230.00     
14 AUG 2026,EMMIL,SM,ENERGY MISSION MACH IND L,Listed    ,14 AUG 2026,              10.00,          11326500,            125.00,     1415812500.00     
14 AUG 2026,EMMVEE,EQ,EMMVEE PHOTOVOLTAIC PWR L,Listed    ,14 AUG 2026,               2.00,         692345033,            321.50,   222588928109.50    
14 AUG 2026,EMPOWER,BE,EMPOWER INDIA LTD.       ,Permitted ,14 AUG 2026,               1.00,        1163798560,              2.10,     2432338990.40   
14 AUG 2026,EMSLIMITED,EQ,EMS LIMITED              ,Listed    ,14 AUG 2026,              10.00,          55530807,            362.70,    20141023698.90
14 AUG 2026,EMUDHRA,EQ,EMUDHRA LIMITED          ,Listed    ,14 AUG 2026,               5.00,          82811707,            518.80,    42962713591.60   
14 AUG 2026,ENCOMPAS,SM,ENCOMPASS DESIGN INDIA L ,Listed    ,14 AUG 2026,              10.00,          14183544,            235.90,     3345898029.60  
14 AUG 2026,ENDURANCE,EQ,ENDURANCE TECHNO. LTD.   ,Listed    ,14 AUG 2026,              10.00,         140662848,           2899.00,   407781596352.00 
14 AUG 2026,ENERGYDEV,EQ,ENERGY DEVE. CO.LTD      ,Listed    ,14 AUG 2026,              10.00,          47500000,             16.85,      800375000.00 
14 AUG 2026,ENFUSE,SM,ENFUSE SOLUTIONS LIMITED ,Listed    ,14 AUG 2026,              10.00,           8847600,            165.05,     1460296380.00    
14 AUG 2026,ENGINERSIN,EQ,ENGINEERS INDIA LTD      ,Listed    ,14 AUG 2026,               5.00,         562042373,            243.70,   136958485452.65
14 AUG 2026,ENIL,EQ,ENTERTAIN NET. IND. LTD. ,Listed    ,14 AUG 2026,              10.00,          47670415,            101.00,     4815188619.15      
14 AUG 2026,ENRIN,EQ,SIEMENS ENERGY INDIA LTD ,Listed    ,14 AUG 2026,               2.00,         356120505,           3536.30,  1259348941831.50     
14 AUG 2026,ENSER,SM,ENSER COMMUNICATIONS LTD ,Listed    ,14 AUG 2026,               2.00,          87160590,             14.30,     1246396437.00     
14 AUG 2026,ENTERO,EQ,ENTERO HEALTHCARE SOLU L ,Listed    ,14 AUG 2026,              10.00,          43518177,           1416.60,    61647849538.20    
14 AUG 2026,ENVIRO,SM,ENVIROTECH SYSTEMS LTD   ,Listed    ,14 AUG 2026,              10.00,          18790000,             74.45,     1398915500.00    
14 AUG 2026,EPACK,EQ,EPACK DURABLE LIMITED    ,Listed    ,14 AUG 2026,              10.00,          96228477,            215.45,    20734349939.20     
14 AUG 2026,EPACKPEB,EQ,EPACK PREFAB TECHN LTD   ,Listed    ,14 AUG 2026,               2.00,         100628849,            229.70,    23114446615.30  
14 AUG 2026,EPIGRAL,EQ,EPIGRAL LIMITED          ,Listed    ,14 AUG 2026,              10.00,          43141338,           1098.40,    47386445659.20   
14 AUG 2026,EPL,EQ,EPL LIMITED              ,Listed    ,14 AUG 2026,               2.00,         320336779,            244.60,    78354376143.40       
14 AUG 2026,EPWINDIA,ST,EPW INDIA LIMITED        ,Listed    ,14 AUG 2026,               5.00,          11479600,            215.00,     2468114000.00  
14 AUG 2026,EQUIPPP,BE,EQUIPPP SOC IMP TECH LTD ,Listed    ,14 AUG 2026,               1.00,         103095225,             21.50,     2216547337.50   
14 AUG 2026,EQUITASBNK,EQ,EQUITAS SMALL FIN BNK LTD,Listed    ,14 AUG 2026,              10.00,        1143721806,             74.50,    85230148983.10
14 AUG 2026,ERIS,EQ,ERIS LIFESCIENCES LIMITED,Listed    ,14 AUG 2026,               1.00,         138567256,           1358.50,   188243617276.00      
14 AUG 2026,ESABINDIA,EQ,ESAB INDIA LTD           ,Listed    ,14 AUG 2026,              10.00,          15393020,           6232.00,    95929300640.00 
14 AUG 2026,ESAFSFB,BE,ESAF SMALL FINANCE BANK L,Listed    ,14 AUG 2026,              10.00,         515951795,             38.60,    19926058322.90   
14 AUG 2026,ESCONET,SM,ESCONET TECHNOLOGIES LTD ,Listed    ,14 AUG 2026,              10.00,          13196238,            213.30,     2814757565.40   
14 AUG 2026,ESCORTS,EQ,ESCORTS KUBOTA LIMITED   ,Listed    ,14 AUG 2026,              10.00,         111877754,           3113.70,   348353762629.80   
14 AUG 2026,ESFL,SM,ESSEN SPECIALITY FILMS L ,Listed    ,14 AUG 2026,              10.00,          24839040,            134.00,     3328431360.00      
14 AUG 2026,ESPRIT,SM,ESPRIT STONES LIMITED    ,Listed    ,14 AUG 2026,              10.00,          21945200,             68.00,     1492273600.00    
14 AUG 2026,ESSARSHPNG,EQ,ESSAR SHIPPING LTD       ,Listed    ,14 AUG 2026,              10.00,         206976072,             17.50,     3620011499.30
14 AUG 2026,ESSENTIA,EQ,INTEGRA ESSENTIA LIMITED ,Listed    ,14 AUG 2026,               1.00,        1755283254,              1.40,     2422290890.50  
14 AUG 2026,ESTER,EQ,ESTER INDUSTRIES LTD     ,Listed    ,14 AUG 2026,               5.00,         104295042,            101.00,    10535885142.85     
14 AUG 2026,ETERNAL,EQ,ETERNAL LIMITED          ,Listed    ,14 AUG 2026,               1.00,        9650350647,            318.50,  3073636681069.50   
14 AUG 2026,ETHOSLTD,EQ,ETHOS LIMITED            ,Listed    ,14 AUG 2026,              10.00,          26757693,           2747.40,    73514085748.20  
14 AUG 2026,ETL,SM,EMKAY TOOLS LIMITED      ,Listed    ,13 AUG 2026,               1.00,          10671300,           1029.00,    10980767700.00       
14 AUG 2026,ETML,SM,EMERALD TYRE MANUF LTD   ,Listed    ,14 AUG 2026,              10.00,          19476512,             83.75,     1631157880.00      
14 AUG 2026,EUREKAFORB,EQ,EUREKA FORBES LIMITED    ,Listed    ,14 AUG 2026,              10.00,         193419186,            442.75,    85636344601.50
14 AUG 2026,EUROBOND,EQ,EURO PANEL PRODUCTS LTD  ,Listed    ,14 AUG 2026,              10.00,          24500000,            158.45,     3881780000.00  
14 AUG 2026,EUROPRATIK,EQ,EURO PRATIK SALES LIMITED,Listed    ,14 AUG 2026,               1.00,         102200000,            287.40,    29372280000.00
14 AUG 2026,EUROTEXIND,BE,EUROTEX IND & EXPORTS LTD,Listed    ,14 AUG 2026,              10.00,           8749865,             13.90,      121798120.80
14 AUG 2026,EVEREADY,EQ,EVEREADY INDS. IND.  LTD.,Listed    ,14 AUG 2026,               5.00,          72687260,            356.50,    25913008190.00  
14 AUG 2026,EVERESTIND,BE,EVEREST INDUSTRIES LTD   ,Listed    ,14 AUG 2026,              10.00,          15855754,            456.65,     7240530064.10
14 AUG 2026,EXCELINDUS,EQ,EXCEL INDUSTRIES LTD     ,Listed    ,14 AUG 2026,               5.00,          12570692,           1013.65,    12742281945.80
14 AUG 2026,EXCELLENT,ST,EXCELLENT WIRES N PACK L ,Listed    ,13 AUG 2026,              10.00,           4470000,            215.00,      961050000.00 
14 AUG 2026,EXCELSOFT,EQ,EXCELSOFT TECHNOLOGIES L ,Listed    ,14 AUG 2026,              10.00,         115084164,             73.95,     8511624769.45 
14 AUG 2026,EXICOM,EQ,EXICOM TELE SYSTEMS LTD  ,Listed    ,14 AUG 2026,              10.00,         139079771,            151.80,    21110918440.10    
14 AUG 2026,EXIDEIND,EQ,EXIDE INDUSTRIES LTD     ,Listed    ,14 AUG 2026,               1.00,         850000000,            476.10,   404685000000.00  
14 AUG 2026,EXIMROUTES,SM,EXIM ROUTES LIMITED      ,Listed    ,14 AUG 2026,               5.00,          18752000,            107.10,     2008339200.00
14 AUG 2026,EXPLEOSOL,EQ,EXPLEO SOLUTIONS LIMITED ,Listed    ,14 AUG 2026,              10.00,          15519739,            815.95,    12663331037.05 
14 AUG 2026,EXXARO,EQ,EXXARO TILES LIMITED     ,Listed    ,14 AUG 2026,               1.00,         447410700,              6.20,     2769472233.00    
14 AUG 2026,FABTECH,EQ,FABTECH TECHNOLOGIES LTD ,Listed    ,14 AUG 2026,              10.00,          44450794,            147.75,     6568493829.40   
14 AUG 2026,FACT,EQ,FACT LTD                 ,Listed    ,14 AUG 2026,              10.00,         647071974,            807.70,   522640033399.80      
14 AUG 2026,FAIRCHEMOR,BE,FAIRCHEM ORGANICS LIMITED,Listed    ,14 AUG 2026,              10.00,          12595902,            701.40,     8834765662.80
14 AUG 2026,FALCONTECH,SM,FALCON TECHNOPROJ IND LTD,Listed    ,14 AUG 2026,              10.00,          26783965,             12.35,      330781967.75
14 AUG 2026,FAZE3Q,EQ,FAZE THREE LIMITED       ,Listed    ,14 AUG 2026,              10.00,          24319000,            487.35,    11851864650.00    
14 AUG 2026,FCL,EQ,FINEOTEX CHEMICAL LIMITED,Listed    ,14 AUG 2026,               1.00,        1164500900,             43.35,    50492759024.00       
14 AUG 2026,FCSSOFT,EQ,FCS SOFTWARE SOLN. LTD.  ,Listed    ,14 AUG 2026,               1.00,        1709553100,              1.50,     2547234119.00   
14 AUG 2026,FDC,EQ,FDC LIMITED              ,Listed    ,14 AUG 2026,               1.00,         162810084,            354.20,    57667331752.80       
14 AUG 2026,FEDDERSHOL,EQ,FEDDERS HOLDING LTD.     ,Permitted ,14 AUG 2026,               1.00,         201415970,             42.20,     8495725614.60
14 AUG 2026,FEDERALBNK,EQ,FEDERAL BANK LTD         ,Listed    ,14 AUG 2026,               2.00,        2468325038,            351.30,   867122585849.40
14 AUG 2026,FEDFINA,EQ,FEDBANK FINANCIAL SER L  ,Listed    ,14 AUG 2026,              10.00,         374511445,            150.85,    56502541707.15   
14 AUG 2026,FEL,BZ,FUTURE ENTERPRISES LTD   ,Listed    ,14 AUG 2026,               2.00,         454930401,              0.40,      177422856.40       
14 AUG 2026,FELDVR,BZ,FUTURE ENTERPRISES LTD   ,Listed    ,14 AUG 2026,               2.00,          39374679,              2.35,       92924242.45    
14 AUG 2026,FELIX,SM,FELIX INDUSTRIES LTD.    ,Listed    ,14 AUG 2026,              10.00,          17206350,            190.60,     3279530310.00     
14 AUG 2026,FERMENTA,EQ,FERMENTA BIOTECH LTD.    ,Listed    ,14 AUG 2026,               5.00,          29430987,            450.05,    13245415699.35  
14 AUG 2026,FIBERWEB,EQ,FIBERWEB INDIA LIMITED   ,Listed    ,14 AUG 2026,              10.00,          28791710,             29.00,      835535424.20  
14 AUG 2026,FIDEL,SM,FIDEL SOFTECH LIMITED    ,Listed    ,14 AUG 2026,              10.00,          13750560,            135.90,     1868701104.00     
14 AUG 2026,FIEMIND,EQ,FIEM INDUSTRIES LIMITED  ,Listed    ,14 AUG 2026,              10.00,          26319660,           2350.40,    61861728864.00   
14 AUG 2026,FILATEX,EQ,FILATEX INDIA LTD        ,Listed    ,14 AUG 2026,               1.00,         444058375,             81.40,    36141911141.25   
14 AUG 2026,FILATFASH,EQ,FILATEX FASHIONS LIMITED ,Listed    ,14 AUG 2026,               1.00,        8334072725,              0.20,     1500133090.50 
14 AUG 2026,FINBUD,SM,FINBUD FINANCIAL SERV LTD,Listed    ,14 AUG 2026,              10.00,          19049480,            139.50,     2657402460.00    
14 AUG 2026,FINCABLES,EQ,FINOLEX CABLES LTD       ,Listed    ,14 AUG 2026,               2.00,         152939345,           1246.85,   190692422313.25 
14 AUG 2026,FINEORG,EQ,FINE ORGANIC IND. LTD.   ,Listed    ,14 AUG 2026,               5.00,          30659976,           5143.80,   157708784548.80   
14 AUG 2026,FINKURVE,EQ,FINKURVE FINANCIAL SERV L,Listed    ,14 AUG 2026,               1.00,         140143988,             72.75,    10194073687.10  
14 AUG 2026,FINOPB,EQ,FINO PAYMENTS BANK LTD   ,Listed    ,14 AUG 2026,              10.00,          83218402,            150.25,    12502732716.50    
14 AUG 2026,FINPIPE,EQ,FINOLEX INDUSTRIES LTD   ,Listed    ,14 AUG 2026,               2.00,         620476905,            159.25,    98804742352.20   
14 AUG 2026,FIRSTCRY,EQ,BRAINBEES SOLUTIONS LTD  ,Listed    ,14 AUG 2026,               2.00,         522066865,            206.10,   107592760207.85  
14 AUG 2026,FISCHER,EQ,FISCHER MEDICAL VENTURE L,Listed    ,14 AUG 2026,               1.00,         648515470,             38.65,    25058637760.80   
14 AUG 2026,FIVESTAR,EQ,FIVE-STAR BUS FIN LTD    ,Listed    ,14 AUG 2026,               1.00,         295179788,            550.20,   162407919357.60  
14 AUG 2026,FLAIR,EQ,FLAIR WRITING INDUST LTD ,Listed    ,14 AUG 2026,               5.00,         105395378,            253.90,    26759886474.20     
14 AUG 2026,FLEXITUFF,BE,FLEXITUFF VENTURES INT L ,Listed    ,14 AUG 2026,              10.00,          32822806,              3.20,      104704751.15 
14 AUG 2026,FLFL,BZ,FUT LIFESTYLE FASH LTD   ,Listed    ,14 AUG 2026,               2.00,         201774874,              1.20,      242129848.80      
14 AUG 2026,FLUOROCHEM,EQ,GUJARAT FLUOROCHEM LTD   ,Listed    ,14 AUG 2026,               1.00,         109850000,           4737.80,   520447330000.00
14 AUG 2026,FLYSBS,SM,FLYSBS AVIATION LIMITED  ,Listed    ,14 AUG 2026,              10.00,          17303751,            441.45,     7638740878.95    
14 AUG 2026,FMGOETZE,EQ,FEDERAL-MOGUL GOETZE (IND,Listed    ,14 AUG 2026,              10.00,          55632130,            457.25,    25437791442.50  
14 AUG 2026,FMNL,BE,FUTURE MKT NETWORKS LTD  ,Listed    ,14 AUG 2026,              10.00,          60644381,              9.20,      556715417.60      
14 AUG 2026,FOCE,SM,FOCE INDIA LIMITED       ,Listed    ,13 AUG 2026,              10.00,          11743020,            560.00,     6576091200.00      
14 AUG 2026,FOCUS,BE,FOCUS LIGHTG & FIXTRS LTD,Listed    ,14 AUG 2026,               2.00,          67444950,             66.45,     4481042478.00     
14 AUG 2026,FONEBOX,SM,FONEBOX RETAIL LIMITED   ,Listed    ,14 AUG 2026,              10.00,          10260000,             98.50,     1010610000.00   
14 AUG 2026,FOODSIN,EQ,FOODS & INNS LIMITED     ,Listed    ,14 AUG 2026,               1.00,          73531558,             57.20,     4206740433.20   
14 AUG 2026,FORCAS,ST,FORCAS STUDIO LIMITED    ,Listed    ,14 AUG 2026,              10.00,          17580000,            202.85,     3566103000.00    
14 AUG 2026,FORCEMOT,EQ,FORCE MOTORS LIMITED     ,Listed    ,14 AUG 2026,              10.00,          13032914,          18361.00,   239297333954.00  
14 AUG 2026,FORGEAUTO,SM,FORGE AUTO INTERNATION L ,Listed    ,13 AUG 2026,              10.00,          10920000,            108.00,     1179360000.00 
14 AUG 2026,FORTIS,EQ,FORTIS HEALTHCARE LTD    ,Listed    ,14 AUG 2026,              10.00,         754958148,            929.00,   701356119492.00    
14 AUG 2026,FOSECOIND,EQ,FOSECO INDIA LTD         ,Listed    ,14 AUG 2026,              10.00,           7537259,           5655.00,    42623199645.00 
14 AUG 2026,FRACTAL,EQ,FRACTAL ANALYTICS LIMITED,Listed    ,14 AUG 2026,               1.00,         171965112,            834.35,   143479091197.20   
14 AUG 2026,FRESHARA,ST,FRESHARA AGRO EXPORTS LTD,Listed    ,14 AUG 2026,              10.00,          23499200,            355.15,     8345740880.00  
14 AUG 2026,FROG,ST,FROG INNOVATIONS LIMITED ,Listed    ,14 AUG 2026,              10.00,          15554300,            215.50,     3351951650.00      
14 AUG 2026,FRONTSP,EQ,FRONTIER SPRINGS LTD.    ,Permitted ,14 AUG 2026,              10.00,          11815533,           1330.30,    15718203549.90   
14 AUG 2026,FSL,EQ,FIRSTSOURCE SOLU. LTD.   ,Listed    ,14 AUG 2026,              10.00,         696990826,            267.10,   186166249624.60       
14 AUG 2026,FUSION,EQ,FUSION FINANCE LIMITED   ,Listed    ,14 AUG 2026,              10.00,         161683984,            198.55,    32102355023.20    
14 AUG 2026,FWSTC,SM,FLYWINGS SIMULAT T C LTD ,Listed    ,14 AUG 2026,              10.00,          10177128,            197.75,     2012527062.00     
14 AUG 2026,GABRIEL,EQ,GABRIEL INDIA LTD        ,Listed    ,14 AUG 2026,               1.00,         143643940,           1459.00,   209576508460.00   
14 AUG 2026,GAEL,EQ,GUJARAT AMBUJA EXPORTS LT,Listed    ,14 AUG 2026,               1.00,         458670660,            172.80,    79262876754.60      
14 AUG 2026,GAIL,EQ,GAIL (INDIA) LTD         ,Listed    ,14 AUG 2026,              10.00,        6575099644,            174.90,  1149984927735.60      
14 AUG 2026,GAJANAND,SM,GAJANAND INTERNATIONAL L ,Listed    ,13 AUG 2026,              10.00,          18835568,              8.05,      151626322.40  
14 AUG 2026,GALAPREC,EQ,GALA PRECISION ENG LTD   ,Listed    ,14 AUG 2026,              10.00,          12797550,           1000.60,    12805228530.00  
14 AUG 2026,GALAXYSURF,EQ,GALAXY SURFACTANTS LTD   ,Listed    ,14 AUG 2026,              10.00,          35454752,           2508.40,    88934699916.80
14 AUG 2026,GALLANTT,EQ,GALLANTT ISPAT LIMITED   ,Listed    ,14 AUG 2026,              10.00,         241280945,            582.05,   140437574037.25  
14 AUG 2026,GANDHAR,EQ,GANDHAR OIL REFINE IND L ,Listed    ,14 AUG 2026,               2.00,          97879530,            245.55,    24036276182.10   
14 AUG 2026,GANDHITUBE,EQ,GANDHI SPL. TUBES LTD    ,Listed    ,14 AUG 2026,               5.00,          12152000,            882.85,    10728393200.00
14 AUG 2026,GANECOS,EQ,GANESHA ECOSPHERE LIMITED,Listed    ,14 AUG 2026,              10.00,          26795984,           1060.60,    28419820630.40   
14 AUG 2026,GANESHBE,BE,GANESH BENZOPLAST LIMITED,Listed    ,14 AUG 2026,               1.00,          71989421,            117.65,     8469555380.65  
14 AUG 2026,GANESHCP,EQ,GANESH CONSUMER PRODUCT L,Listed    ,14 AUG 2026,              10.00,          40412946,            160.55,     6487894350.85  
14 AUG 2026,GANESHHOU,EQ,GANESH HOUSING LIMITED   ,Listed    ,14 AUG 2026,              10.00,          83387090,            835.60,    69678252404.00 
14 AUG 2026,GANESHIN,ST,GANESH INFRAWORLD LIMITED,Listed    ,14 AUG 2026,               5.00,          42721397,            110.55,     4722850438.35  
14 AUG 2026,GANGABATH,SM,GANGA BATH FITTINGS LTD  ,Listed    ,14 AUG 2026,              10.00,          22207848,             22.45,      498566187.60 
14 AUG 2026,GANGAFORGE,EQ,GANGA FORGING LIMITED    ,Listed    ,14 AUG 2026,               1.00,         337005575,              2.60,      882954606.50
14 AUG 2026,GANGESSECU,EQ,GANGES SECURITIES LIMITED,Listed    ,14 AUG 2026,              10.00,          10003687,            118.50,     1185536946.35
14 AUG 2026,GARFIBRES,EQ,GARWARE TECH FIBRES LTD  ,Listed    ,14 AUG 2026,              10.00,          99265845,            755.50,    74995345897.50 
14 AUG 2026,GARUDA,EQ,GARUDA CONSTRUCT N ENG L ,Listed    ,14 AUG 2026,               5.00,          93041742,            183.05,    17030360455.70    
14 AUG 2026,GATECH,BE,GACM TECHNOLOGIES LIMITED,Listed    ,14 AUG 2026,               1.00,        1102742236,              0.75,      838084099.35    
14 AUG 2026,GATECHDVR,BE,GACM TECHNOLOGIES LIMITED,Listed    ,14 AUG 2026,               1.00,         189665894,              0.50,       92936288.05 
14 AUG 2026,GATEWAY,EQ,GATEWAY DISTRIPARKS LTD  ,Listed    ,14 AUG 2026,              10.00,         499643836,             54.85,    27410460842.95   
14 AUG 2026,GAUDIUMIVF,BE,GAUDIUM IVF N WOMEN H L  ,Listed    ,14 AUG 2026,               5.00,          72786884,            123.25,     8969527715.30
14 AUG 2026,GAYAHWS,EQ,GAYATRI HIGHWAYS LIMITED ,Listed    ,14 AUG 2026,               2.00,         239651900,              1.90,      452942091.00   
14 AUG 2026,GAYAPROJ,BE,GAYATRI PROJECTS LTD     ,Listed    ,14 AUG 2026,               2.00,         464299000,             21.15,     9824566840.00  
14 AUG 2026,GCHOTELS,ST,GRAND CONTINENT HOTELS L ,Listed    ,14 AUG 2026,              10.00,          24919403,             93.05,     2318750449.15  
14 AUG 2026,GCSL,EQ,GRETEX CORPORATE SERVICES,Listed    ,14 AUG 2026,              10.00,          24159346,            517.75,    12508501391.50      
14 AUG 2026,GEECEE,BE,GEECEE VENTURES LIMITED  ,Listed    ,14 AUG 2026,              10.00,          20911729,            371.60,     7770798496.40    
14 AUG 2026,GEEKAYWIRE,EQ,GEEKAY WIRES LIMITED     ,Listed    ,14 AUG 2026,               1.00,         104520000,             22.60,     2362152000.00
14 AUG 2026,GEMAROMA,EQ,GEM AROMATICS LIMITED    ,Listed    ,14 AUG 2026,               2.00,          52237138,            167.20,     8734049473.60  
14 AUG 2026,GENCON,EQ,GENERIC ENG CONS PROJ LTD,Listed    ,14 AUG 2026,               5.00,          56986219,             39.60,     2257224134.60    
14 AUG 2026,GENESYS,EQ,GENESYS INTL CORPN LTD   ,Listed    ,14 AUG 2026,               5.00,          66864603,            181.15,    12112522833.45   
14 AUG 2026,GENESYS-RE,BE,GENESYS INTER CORPORATION,Permitted ,14 AUG 2026,               5.00,          25065332,            119.15,     2986534307.80
14 AUG 2026,GENSOL,BZ,GENSOL ENGINEERING LTD   ,Listed    ,14 AUG 2026,              10.00,          38002434,             16.60,      631600453.10    
14 AUG 2026,GENUSPAPER,EQ,GENUS P&B LIMITED        ,Listed    ,14 AUG 2026,               1.00,         257125940,             11.10,     2851526674.60
14 AUG 2026,GENUSPOWER,EQ,GENUS POWER INFRASTRU LTD,Listed    ,14 AUG 2026,               1.00,         304242615,            309.10,    94041392296.50
14 AUG 2026,GENXAI,SM,GENXAI ANALYTICS LIMITED ,Listed    ,14 AUG 2026,              10.00,          17943610,             79.00,     1417545190.00    
14 AUG 2026,GEOJITFSL,EQ,GEOJIT FINANCIAL SER L   ,Listed    ,14 AUG 2026,               1.00,         279122119,             80.35,    22433044704.05 
14 AUG 2026,GESHIP,EQ,THE GE SHPG.LTD          ,Listed    ,14 AUG 2026,              10.00,         142767161,           1284.50,   183384418304.50    
14 AUG 2026,GFLLIMITED,EQ,GFL LIMITED              ,Listed    ,14 AUG 2026,               1.00,         109850000,             50.80,     5579281500.00
14 AUG 2026,GGBL,SM,GANESH GREEN BHARAT LTD  ,Listed    ,14 AUG 2026,              10.00,          24801000,            232.10,     5756312100.00      
14 AUG 2026,GHCL,EQ,GHCL LIMITED             ,Listed    ,14 AUG 2026,              10.00,          92130655,            429.00,    39524050995.00      
14 AUG 2026,GHCLTEXTIL,EQ,GHCL TEXTILES LIMITED    ,Listed    ,14 AUG 2026,               2.00,          95585786,            118.15,    11293460615.90
14 AUG 2026,GICHSGFIN,EQ,GIC HOUSING FINANCE LTD  ,Listed    ,14 AUG 2026,              10.00,          53851066,            141.10,     7597308391.30 
14 AUG 2026,GICL,EQ,GLOBE INTL CARRIERS LTD  ,Listed    ,14 AUG 2026,               5.00,         111954588,             23.05,     2580553253.40      
14 AUG 2026,GICRE,EQ,GENERAL INS CORP OF INDIA,Listed    ,14 AUG 2026,               5.00,        1754400000,            352.10,   617724240000.00     
14 AUG 2026,GILLANDERS,EQ,GILLANDERS ARBUTHNOT LTD ,Listed    ,14 AUG 2026,              10.00,          21342346,             89.00,     1899468794.00
14 AUG 2026,GILLETTE,EQ,GILLETTE INDIA LTD       ,Listed    ,14 AUG 2026,              10.00,          32585217,           7600.00,   247647649200.00  
14 AUG 2026,GINNIFILA,BE,GINNIFILAMENTS LTD.      ,Listed    ,14 AUG 2026,              10.00,          85650065,             45.05,     3856822426.95 
14 AUG 2026,GIPCL,EQ,GUJ IND POW CO. LTD      ,Listed    ,14 AUG 2026,              10.00,         155215944,            175.75,    27282306476.90     
14 AUG 2026,GIRIRAJ,SM,GIRIRAJ CIVIL DEVP LTD   ,Listed    ,14 AUG 2026,              10.00,          23920500,             65.55,     1567988775.00   
14 AUG 2026,GJL,ST,GROVER JEWELLS LIMITED   ,Listed    ,14 AUG 2026,              10.00,          14507200,            229.35,     3327226320.00       
14 AUG 2026,GKENERGY,EQ,GK ENERGY LIMITED        ,Listed    ,14 AUG 2026,               2.00,         202817266,            127.65,    25887595832.25  
14 AUG 2026,GKSL,EQ,GUJARAT KIDNEY N SUP SP L,Listed    ,14 AUG 2026,               2.00,          78843250,            136.45,    10756584597.50      
14 AUG 2026,GKWLIMITED,EQ,GKW LIMITED              ,Listed    ,14 AUG 2026,              10.00,           5966500,           1609.10,     9600695150.00
14 AUG 2026,GLAND,EQ,GLAND PHARMA LIMITED     ,Listed    ,14 AUG 2026,               1.00,         164959682,           2970.20,   489963247476.40     
14 AUG 2026,GLAXO,EQ,GLAXOSMITHKLINE PHARMA LT,Listed    ,14 AUG 2026,              10.00,         169406034,           2688.80,   455498944219.20     
14 AUG 2026,GLENMARK,EQ,GLENMARK PHARMACEUTICALS ,Listed    ,14 AUG 2026,               1.00,         282200809,           2318.40,   654254355585.60  
14 AUG 2026,GLFL,EQ,GUJARAT LEASE FINANCING L,Listed    ,14 AUG 2026,              10.00,          27125767,              5.60,      151904295.20      
14 AUG 2026,GLOBAL,EQ,GLOBAL EDUCATION LIMITED ,Listed    ,14 AUG 2026,               2.00,          50901500,            106.40,     5416937630.00    
14 AUG 2026,GLOBALE,EQ,GLOBALE TESSILE LIMITED  ,Listed    ,14 AUG 2026,              10.00,          10620275,             10.75,      114061753.50   
14 AUG 2026,GLOBALPET,ST,GLOBAL PET INDUSTRIES LTD,Listed    ,12 AUG 2026,              10.00,          11787408,            162.00,     1909560096.00 
14 AUG 2026,GLOBALVECT,EQ,GLOBAL VEC HELICORP LTD  ,Listed    ,14 AUG 2026,              10.00,          14000000,            150.55,     2107420000.00
14 AUG 2026,GLOBE,EQ,GLOBE ENTERPRISE (I) LTD ,Listed    ,14 AUG 2026,               2.00,         450418788,              2.00,      896333388.10     
14 AUG 2026,GLOBECIVIL,EQ,GLOBE CIVIL PROJECTS LTD ,Listed    ,14 AUG 2026,              10.00,          59718999,             44.40,     2652120745.60
14 AUG 2026,GLOBUSSPR,EQ,GLOBUS SPIRITS LTD       ,Listed    ,14 AUG 2026,              10.00,          29080341,            871.05,    25330431028.05 
14 AUG 2026,GLOSTERLTD,EQ,GLOSTER LIMITED          ,Listed    ,14 AUG 2026,              10.00,          10943260,            634.65,     6945139959.00
14 AUG 2026,GLOTTIS,BE,GLOTTIS LIMITED          ,Listed    ,14 AUG 2026,               2.00,          92403000,             65.00,     6008043060.00   
14 AUG 2026,GMBREW,EQ,G M BREWERIES LTD        ,Listed    ,14 AUG 2026,              10.00,          22846923,            894.75,    20442284354.25    
14 AUG 2026,GMDCLTD,EQ,GUJARAT MINERAL DEV CORP ,Listed    ,14 AUG 2026,               2.00,         318000000,            580.80,   184694400000.00   
14 AUG 2026,GML,SM,GALAXY MEDICARE LIMITED  ,Listed    ,14 AUG 2026,              10.00,          15171983,             19.80,      300405263.40       
14 AUG 2026,GMMPFAUDLR,EQ,GMM PFAUDLER LIMITED     ,Listed    ,14 AUG 2026,               2.00,          44957224,           1048.25,    47126410058.00
14 AUG 2026,GMRAIRPORT,EQ,GMR AIRPORTS LIMITED     ,Listed    ,14 AUG 2026,               1.00,       10558975952,            101.50,  1071841648887.50
14 AUG 2026,GMRP&UI,EQ,GMR POW AND URBAN INFRA L,Listed    ,14 AUG 2026,               5.00,         781017529,             97.05,    75813371540.05   
14 AUG 2026,GNA,EQ,GNA AXLES LIMITED        ,Listed    ,14 AUG 2026,              10.00,          42930800,            542.70,    23298545160.00       
14 AUG 2026,GNFC,EQ,GUJ NAR VAL FER & CHEM L ,Listed    ,14 AUG 2026,              10.00,         146940683,            568.95,    83601901592.85      
14 AUG 2026,GNRL,EQ,GUJARAT NATURAL RES L    ,Permitted ,14 AUG 2026,              10.00,         128402632,            111.35,    14296349046.90      
14 AUG 2026,GOACARBON,EQ,GOA CARBON LIMITED       ,Listed    ,14 AUG 2026,              10.00,           9151052,            362.55,     3317713902.60 
14 AUG 2026,GOCLCORP,EQ,GOCL CORPORATION LIMITED ,Listed    ,14 AUG 2026,               2.00,          49572490,            397.10,    19685235779.00  
14 AUG 2026,GOCOLORS,EQ,GO FASHION INDIA LTD     ,Listed    ,14 AUG 2026,              10.00,          54008984,            327.50,    17687942260.00  
14 AUG 2026,GODAVARIB,EQ,GODAVARI BIOREFINERIES L ,Listed    ,14 AUG 2026,              10.00,          51175977,            247.25,    12653260313.25 
14 AUG 2026,GODFRYPHLP,EQ,GODFREY PHILLIPS INDIA LT,Listed    ,14 AUG 2026,               2.00,         155981760,           2149.00,   335204802240.00
14 AUG 2026,GODIGIT,EQ,GO DIGIT GENERAL INS LTD ,Listed    ,14 AUG 2026,              10.00,         924575576,            259.65,   240066048308.40   
14 AUG 2026,GODREJAGRO,EQ,GODREJ AGROVET LIMITED   ,Listed    ,14 AUG 2026,              10.00,         192359967,            580.50,   111664960843.50
14 AUG 2026,GODREJCP,EQ,GODREJ CONSUMER PRODUCTS ,Listed    ,14 AUG 2026,               1.00,        1023244581,            934.30,   956017412028.30  
14 AUG 2026,GODREJIND,EQ,GODREJ INDUSTRIES LTD    ,Listed    ,14 AUG 2026,               1.00,         336804842,           1252.50,   421848064605.00 
14 AUG 2026,GODREJPROP,EQ,GODREJ PROPERTIES LTD    ,Listed    ,14 AUG 2026,               5.00,         301225962,           1990.00,   599439664380.00
14 AUG 2026,GOKEX,EQ,GOKALDAS EXPORTS LTD.    ,Listed    ,14 AUG 2026,               5.00,          73273628,            783.65,    57420878582.20     
14 AUG 2026,GOKUL,EQ,GOKUL REFOILS & SOLV LTD ,Listed    ,14 AUG 2026,               2.00,          98995000,             38.85,     3847935650.00     
14 AUG 2026,GOKULAGRO,EQ,GOKUL AGRO RESOURCES LTD ,Listed    ,14 AUG 2026,               1.00,         295086716,            231.65,    68356837761.40 
14 AUG 2026,GOLDENTOBC,BZ,GOLDEN TOBACCO LIMITED   ,Listed    ,14 AUG 2026,              10.00,          17608802,             25.00,      440043962.00
14 AUG 2026,GOLDIAM,EQ,GOLDIAM INTERNATIONAL LTD,Listed    ,14 AUG 2026,               2.00,         150557125,            365.65,    55051212756.25   
14 AUG 2026,GOLDKART,SM,GOLDKART JEWELS LIMITED  ,Listed    ,14 AUG 2026,              10.00,          16785350,             95.00,     1594608250.00  
14 AUG 2026,GOLDSTAR,SM,GOLDSTAR POWER LIMITED   ,Listed    ,14 AUG 2026,               1.00,         286198500,              7.70,     2203728450.00  
14 AUG 2026,GOLDTECH,BE,AION-TECH SOLUTIONS LTD  ,Listed    ,14 AUG 2026,              10.00,          52261836,             48.60,     2539925229.60  
14 AUG 2026,GOODLUCK,EQ,GOODLUCK INDIA LIMITED   ,Listed    ,14 AUG 2026,               2.00,          33238509,           1324.70,    44031052872.30  
14 AUG 2026,GOODYEAR,EQ,GOODYEAR INDIA LIMITED   ,Permitted ,14 AUG 2026,              10.00,          23066507,            777.40,    17931902541.80  
14 AUG 2026,GOPAL,EQ,GOPAL SNACKS LIMITED     ,Listed    ,14 AUG 2026,               1.00,         124666819,            272.15,    33928074790.85     
14 AUG 2026,GOYALALUM,EQ,GOYAL ALUMINIUMS LIMITED ,Listed    ,14 AUG 2026,               1.00,         142732780,              6.50,      929190397.80 
14 AUG 2026,GOYALSALT,SM,GOYAL SALT LIMITED       ,Listed    ,14 AUG 2026,              10.00,          17900250,            107.00,     1915326750.00 
14 AUG 2026,GPECO,ST,GP ECO SOLUTIONS INDIA L ,Listed    ,14 AUG 2026,              10.00,          11830800,            396.20,     4687362960.00     
14 AUG 2026,GPIL,EQ,GODAWARI POW & ISP LTD   ,Listed    ,14 AUG 2026,               1.00,         673097430,            235.45,   158467327944.90      
14 AUG 2026,GPPL,EQ,GUJARAT PIPAVAV PORT LTD ,Listed    ,14 AUG 2026,              10.00,         483439910,            158.70,    76712244918.80      
14 AUG 2026,GPTHEALTH,EQ,GPT HEALTHCARE LIMITED   ,Listed    ,14 AUG 2026,              10.00,          82054823,            156.15,    12812860611.45 
14 AUG 2026,GPTINFRA,EQ,GPT INFRAPROJECTS LTD    ,Listed    ,14 AUG 2026,              10.00,         126364600,            115.80,    14633020680.00  
14 AUG 2026,GRADIENTE,EQ,GRADIENTE INFOTAINMENT L ,Listed    ,14 AUG 2026,              10.00,         332400000,              2.70,      904128000.00 
14 AUG 2026,GRANDOAK,EQ,GRAND OAK CANYONS DIST L ,Permitted ,14 AUG 2026,              10.00,         518883550,             38.25,    19842106952.00  
14 AUG 2026,GRANULES,EQ,GRANULES INDIA LIMITED   ,Listed    ,14 AUG 2026,               1.00,         247796921,            858.40,   212708876986.40  
14 AUG 2026,GRAPHISAD,SM,GRAPHISADS LIMITED       ,Listed    ,14 AUG 2026,              10.00,          18276500,             26.50,      484327250.00 
14 AUG 2026,GRAPHITE,EQ,GRAPHITE INDIA LTD       ,Listed    ,14 AUG 2026,               2.00,         195375594,            721.60,   140983028630.40  
14 AUG 2026,GRASIM,EQ,GRASIM INDUSTRIES LTD    ,Listed    ,14 AUG 2026,               2.00,         680524682,           3248.70,  2210820534413.40    
14 AUG 2026,GRAUWEIL,EQ,GRAUER & WEIL IND LTD    ,Permitted ,14 AUG 2026,               1.00,         453411500,             67.40,    30555400985.00  
14 AUG 2026,GRAVISSHO,EQ,GRAVISS HOSPITALITY LTD. ,Permitted ,14 AUG 2026,               2.00,          70519135,             29.20,     2057748359.30 
14 AUG 2026,GRAVITA,EQ,GRAVITA INDIA LIMITED    ,Listed    ,14 AUG 2026,               2.00,          73808451,           1794.30,   132434503629.30   
14 AUG 2026,GRCL,ST,GAYATRI RUBB AND CHEM LTD,Listed    ,14 AUG 2026,              10.00,           5738000,            505.00,     2897690000.00      
14 AUG 2026,GREAVESCOT,EQ,GREAVES COTTON LTD.      ,Listed    ,14 AUG 2026,               2.00,         232951434,            194.35,    45278770226.60
14 AUG 2026,GREENCHEF,SM,GREENCHEF APPLIANCES LTD ,Listed    ,14 AUG 2026,              10.00,          23271840,             47.65,     1108903176.00 
14 AUG 2026,GREENLAM,EQ,GREENLAM INDUSTRIES LTD. ,Listed    ,14 AUG 2026,               1.00,         255147702,            251.30,    64118617512.60  
14 AUG 2026,GREENLEAF,ST,GREENLEAF ENVIROTECH LTD ,Listed    ,14 AUG 2026,              10.00,           5929250,            125.20,      742342100.00 
14 AUG 2026,GREENPANEL,EQ,GREENPANEL INDUSTRIES LTD,Listed    ,14 AUG 2026,               1.00,         122627395,            174.55,    21403385523.30
14 AUG 2026,GREENPLY,EQ,GREENPLY INDUSTRIES LTD  ,Listed    ,14 AUG 2026,               1.00,         124902045,            280.95,    35091229542.75  
14 AUG 2026,GREENPOWER,EQ,ORIENT GREEN POWER CO LTD,Listed    ,14 AUG 2026,              10.00,        1173022796,              9.55,    11178907245.90
14 AUG 2026,GRETEX,SM,GRETEX INDUSTRIES LTD.   ,Listed    ,12 AUG 2026,              10.00,          15506060,            300.00,     4651818000.00    
14 AUG 2026,GRINDWELL,EQ,GRINDWELL NORTON LIMITED ,Listed    ,14 AUG 2026,               5.00,         110720000,           2167.50,   239985600000.00 
14 AUG 2026,GRINFRA,EQ,G R INFRAPROJECTS LIMITED,Listed    ,14 AUG 2026,               5.00,          96760529,            872.70,    84442913658.30   
14 AUG 2026,GRMOVER,EQ,GRM OVERSEAS LIMITED     ,Listed    ,14 AUG 2026,               2.00,         207210000,             89.65,    18578448600.00   
14 AUG 2026,GROBTEA,EQ,THE GROB TEA COMPANY LTD ,Listed    ,14 AUG 2026,              10.00,           1162330,            958.05,     1113570256.50   
14 AUG 2026,GROWW,EQ,BILLIONBRAINS GARAGE VN L,Listed    ,14 AUG 2026,               2.00,        6273596631,            196.15,  1230691451103.25     
14 AUG 2026,GRPLTD,EQ,GRP LIMITED              ,Listed    ,14 AUG 2026,              10.00,           5333332,           2009.50,    10717330654.00    
14 AUG 2026,GRSE,EQ,GARDEN REACH SHIP&ENG LTD,Listed    ,14 AUG 2026,              10.00,         114552000,           2618.60,   299965867200.00      
14 AUG 2026,GRWRHITECH,EQ,GARWARE HI-TECH FILMS LTD,Listed    ,14 AUG 2026,              10.00,          23232394,           7088.50,   164682824869.00
14 AUG 2026,GSFC,EQ,GUJ STATE FERT & CHEM LTD,Listed    ,14 AUG 2026,               2.00,         398477530,            160.25,    63856024182.50      
14 AUG 2026,GSLSU,EQ,GLOBAL SURFACES LIMITED  ,Listed    ,14 AUG 2026,              10.00,          42381818,             32.10,     1360880176.00     
14 AUG 2026,GSMFOILS,SM,GSM FOILS LIMITED        ,Listed    ,14 AUG 2026,              10.00,          14092749,             97.70,     1376861577.30  
14 AUG 2026,GSPCROP,EQ,GSP CROP SCIENCE LIMITED ,Listed    ,14 AUG 2026,              10.00,          46518750,            596.25,    27736804687.50   
14 AUG 2026,GSS,EQ,GSS INFOTECH LIMITED     ,Listed    ,14 AUG 2026,              10.00,          26156843,             13.35,      348932285.60       
14 AUG 2026,GSTL,SM,GLOBESECURE TECHNO LTD   ,Listed    ,13 AUG 2026,              10.00,          15939349,             15.00,      239090235.00      
14 AUG 2026,GTECJAINX,BE,G-TEC JAINX EDUCATION LTD,Listed    ,14 AUG 2026,              10.00,          10189098,             29.00,      295381951.00 
14 AUG 2026,GTL,EQ,GTL LTD                  ,Listed    ,14 AUG 2026,              10.00,         157296781,              7.65,     1204893342.45       
14 AUG 2026,GTLINFRA,EQ,GTL INFRA.LTD            ,Listed    ,14 AUG 2026,              10.00,       12809111895,              1.20,    15499025392.95  
14 AUG 2026,GTPL,EQ,GTPL HATHWAY LIMITED     ,Listed    ,14 AUG 2026,              10.00,         112463038,             52.90,     5948170079.80      
14 AUG 2026,GUFICBIO,EQ,GUFIC BIOSCIENCES LTD.   ,Listed    ,14 AUG 2026,               1.00,         100282506,            422.20,    42339274033.20  
14 AUG 2026,GUJALKALI,EQ,GUJARAT ALKALIES & CHEM  ,Listed    ,14 AUG 2026,              10.00,          73445242,            698.20,    51279467964.40 
14 AUG 2026,GUJAPOLLO,EQ,GUJ. APOLLO IND. LTD.    ,Listed    ,14 AUG 2026,              10.00,          12970000,            341.95,     4435091500.00 
14 AUG 2026,GUJENERGY,EQ,GUJARAT ENERGY LIMITED   ,Listed    ,14 AUG 2026,               2.00,         959087130,            282.95,   271373703433.50 
14 AUG 2026,GUJRAFFIA,EQ,GUJARAT RAFFIA INDUST LTD,Listed    ,14 AUG 2026,              10.00,           5404500,             43.20,      233582490.00 
14 AUG 2026,GUJTHEM,EQ,GUJARAT THEMIS BIOSYN LTD,Listed    ,14 AUG 2026,               1.00,         108965265,            348.75,    38001636168.75   
14 AUG 2026,GULFOILLUB,EQ,GULF OIL LUB. IND. LTD.  ,Listed    ,14 AUG 2026,               2.00,          49516775,           1159.30,    57404797257.50
14 AUG 2026,GULFPETRO,BE,GP PETROLEUMS LIMITED    ,Listed    ,14 AUG 2026,               5.00,          50984383,             61.65,     3143187211.95 
14 AUG 2026,GULPOLY,EQ,GULSHAN POLYOLS LIMITED  ,Listed    ,14 AUG 2026,               1.00,          62370586,            188.10,    11730659814.90   
14 AUG 2026,GURUNANAK,SM,GURUNANAK AGRICULTUR IN L,Listed    ,14 AUG 2026,              10.00,          12000000,             39.00,      468000000.00 
14 AUG 2026,GVKPIL,BE,GVK POW. & INFRA LTD.    ,Listed    ,14 AUG 2026,               1.00,        1578620550,              2.35,     3725544498.00    
14 AUG 2026,GVPIL,EQ,GE POWER INDIA LIMITED   ,Listed    ,14 AUG 2026,              10.00,          67227471,            769.60,    51738261681.60     
14 AUG 2026,GVPTECH,EQ,GVP INFOTECH LIMITED     ,Listed    ,14 AUG 2026,               2.00,         162861590,              7.05,     1151431441.30   
14 AUG 2026,GVT&D,EQ,GE VERNOVA T&D INDIA LTD ,Listed    ,14 AUG 2026,               2.00,         256046535,           4350.00,  1113802427250.00     
14 AUG 2026,GYFTR,EQ,GYFTR LIMITED            ,Listed    ,14 AUG 2026,              10.00,          76808250,            161.85,    12432951427.50     
14 AUG 2026,HAL,EQ,HINDUSTAN AERONAUTICS LTD,Listed    ,14 AUG 2026,               5.00,         668775000,           5029.90,  3363871372500.00       
14 AUG 2026,HALDER,EQ,HALDER VENTURE LIMITED   ,Listed    ,14 AUG 2026,              10.00,          12438135,            301.90,     3755072956.50    
14 AUG 2026,HALDYNGL,BE,HALDYN GLASS LTD.        ,Permitted ,14 AUG 2026,               1.00,          53751700,            123.75,     6652310392.00  
14 AUG 2026,HALEOSLABS,EQ,HALEOS LABS LIMITED      ,Listed    ,14 AUG 2026,              10.00,           3023287,           1484.40,     4487767222.80
14 AUG 2026,HAPPSTMNDS,EQ,HAPPIEST MINDS TECHNO LTD,Listed    ,14 AUG 2026,               2.00,         152274811,            420.20,    63985875582.20
14 AUG 2026,HAPPY,SM,HAPPY STEELS LIMITED     ,Listed    ,14 AUG 2026,              10.00,          14286180,             63.50,      907172430.00     
14 AUG 2026,HAPPYFORGE,EQ,HAPPY FORGINGS LIMITED   ,Listed    ,14 AUG 2026,               2.00,          94350461,           2089.60,   197154723305.60
14 AUG 2026,HARDWYN,EQ,HARDWYN INDIA LIMITED    ,Listed    ,14 AUG 2026,               1.00,         683807676,             11.35,     7747540969.10   
14 AUG 2026,HARIOMPIPE,EQ,HARIOM PIPE INDUSTRIES L ,Listed    ,14 AUG 2026,              10.00,          30967289,            351.90,    10897388999.10
14 AUG 2026,HARRMALAYA,EQ,HARRISON MALAYALAM LTD   ,Listed    ,14 AUG 2026,              10.00,          18455405,            198.80,     3669119068.05
14 AUG 2026,HARSHA,EQ,HARSHA ENGINEERS INT LTD ,Listed    ,14 AUG 2026,              10.00,          91044105,            412.25,    37532932286.25    
14 AUG 2026,HATHWAY,EQ,HATHWAY CABLE & DATACOM  ,Listed    ,14 AUG 2026,               2.00,        1770104500,             10.60,    18763107700.00   
14 AUG 2026,HATSUN,EQ,HATSUN AGRO PRODUCT LTD. ,Listed    ,14 AUG 2026,               1.00,         222748268,            980.80,   218471501254.40    
14 AUG 2026,HAVELLS,EQ,HAVELLS INDIA LIMITED    ,Listed    ,14 AUG 2026,               1.00,         627561652,           1298.00,   814575024296.00   
14 AUG 2026,HAVISHA,EQ,SRI HAVISHA HOSP & INFR L,Listed    ,14 AUG 2026,               2.00,         153535800,              1.35,      205737972.00   
14 AUG 2026,HAWKINCOOK,EQ,HAWKINS COOKERS LTD      ,Permitted ,14 AUG 2026,              10.00,           5287815,           8351.00,    44158543065.00
14 AUG 2026,HBESD,EQ,H B ESTATE DEVELOPERS L  ,Permitted ,14 AUG 2026,              10.00,          22959947,             76.00,     1744955972.00     
14 AUG 2026,HBLENGINE,EQ,HBL ENGINEERING LTD      ,Listed    ,14 AUG 2026,               1.00,         277194946,            678.50,   188076770861.00 
14 AUG 2026,HBSL,EQ,HB STOCKHOLDINGS LIMITED ,Listed    ,14 AUG 2026,              10.00,           7137665,             57.95,      413699063.40      
14 AUG 2026,HCC,EQ,HINDUSTAN CONSTRUCTION CO,Listed    ,14 AUG 2026,               1.00,        2619468062,             19.80,    51917856988.85       
14 AUG 2026,HCG,EQ,HEALTHCARE GLOB. ENT. LTD,Listed    ,14 AUG 2026,              10.00,         149302203,            714.30,   106646563602.90       
14 AUG 2026,HCL-INSYS,EQ,HCL INFOSYSTEMS LTD      ,Listed    ,14 AUG 2026,               2.00,         329209928,             11.35,     3729948484.25 
14 AUG 2026,HCLTECH,EQ,HCL TECHNOLOGIES LTD     ,Listed    ,14 AUG 2026,               2.00,        2713665096,           1360.00,  3690584530560.00   
14 AUG 2026,HDBFS,EQ,HDB FINANCIAL SERVICES L ,Listed    ,14 AUG 2026,              10.00,         830348568,            686.95,   570407948787.60     
14 AUG 2026,HDFCAMC,EQ,HDFC AMC LIMITED         ,Listed    ,14 AUG 2026,               5.00,         428653254,           2485.00,  1065203336190.00   
14 AUG 2026,HDFCBANK,EQ,HDFC BANK LTD            ,Listed    ,14 AUG 2026,               1.00,       15400809456,            727.00, 11196388474512.00  
14 AUG 2026,HDFCLIFE,EQ,HDFC LIFE INS CO LTD     ,Listed    ,14 AUG 2026,              10.00,        2157951075,            535.85,  1156338083538.75  
14 AUG 2026,HDIL,BZ,HOUSING DEV & INFRA LTD  ,Listed    ,14 AUG 2026,              10.00,         474003986,              1.55,      725226098.60      
14 AUG 2026,HEADSUP,EQ,HEADS UP VENTURES LIMITED,Listed    ,14 AUG 2026,              10.00,          22082609,              6.95,      153032480.35   
14 AUG 2026,HEALTHX,EQ,HEALTH X PLATFORM LIMITED,Listed    ,14 AUG 2026,              10.00,          31810500,            290.15,     9229816575.00   
14 AUG 2026,HECPROJECT,EQ,HEC INFRA PROJECTS LTD   ,Listed    ,14 AUG 2026,              10.00,          10838160,            130.05,     1409502708.00
14 AUG 2026,HEG,EQ,HEG LTD                  ,Listed    ,14 AUG 2026,               2.00,         192977530,            701.00,   135277248530.00       
14 AUG 2026,HEIDELBERG,EQ,HEIDELBERGCEMENT (I) LTD ,Listed    ,14 AUG 2026,              10.00,         226613116,            158.25,    35859259475.85
14 AUG 2026,HEMIPROP,EQ,HEMISPHERE PROP IND LTD  ,Listed    ,14 AUG 2026,              10.00,         285000000,            132.35,    37716900000.00  
14 AUG 2026,HERANBA,EQ,HERANBA INDUSTRIES LTD   ,Listed    ,14 AUG 2026,              10.00,          40013467,            169.75,     6792686157.90   
14 AUG 2026,HERITGFOOD,EQ,HERITAGE FOODS LTD       ,Listed    ,14 AUG 2026,               5.00,          92796000,            358.00,    33220968000.00
14 AUG 2026,HEROMOTOCO,EQ,HERO MOTOCORP LIMITED    ,Listed    ,14 AUG 2026,               2.00,         200092938,           5790.00,  1158538111020.00
14 AUG 2026,HESTERBIO,EQ,HESTER BIOSCIENCES LTD   ,Listed    ,14 AUG 2026,              10.00,           8506865,           2414.40,    20538974856.00 
14 AUG 2026,HEXAGON,BE,HEXAGON NUTRITION LIMITED,Listed    ,14 AUG 2026,               1.00,         122918109,             64.00,     7864300613.80   
14 AUG 2026,HEXATRADEX,EQ,HEXA TRADEX LIMITED      ,Listed    ,14 AUG 2026,               2.00,          55244704,            157.05,     8676180763.20
14 AUG 2026,HEXT,EQ,HEXAWARE TECHNOLOGIES LTD,Listed    ,14 AUG 2026,               1.00,         611015992,            569.85,   348187463041.20      
14 AUG 2026,HFCL,EQ,HFCL LIMITED             ,Listed    ,14 AUG 2026,               1.00,        1530602463,            223.10,   341492715519.95      
14 AUG 2026,HGINFRA,EQ,H.G.INFRA ENGINEERING LTD,Listed    ,14 AUG 2026,              10.00,          65171111,            523.75,    34133369386.25   
14 AUG 2026,HGM,EQ,HANDSON GBL MNGMNT LTD   ,Listed    ,14 AUG 2026,              10.00,          12594972,             46.05,      580124410.30       
14 AUG 2026,HGS,EQ,HINDUJA GLOBAL SOLS. LTD.,Listed    ,14 AUG 2026,              10.00,          46520285,            408.65,    19010514465.25       
14 AUG 2026,HIGREEN,SM,HI GREEN CARBON LIMITED  ,Listed    ,14 AUG 2026,              10.00,          24990000,            135.95,     3397390500.00   
14 AUG 2026,HIKAL,EQ,HIKAL LIMITED            ,Listed    ,14 AUG 2026,               2.00,         123300750,            218.00,    26878330492.50     
14 AUG 2026,HILINFRA,EQ,HIGHWAY INFRASTRUCTURE L ,Listed    ,14 AUG 2026,               5.00,          71720632,             44.40,     3184396060.80  
14 AUG 2026,HILTON,BE,HILTON METAL FORGING LTD ,Listed    ,14 AUG 2026,              10.00,          51466551,             19.90,     1024184364.90    
14 AUG 2026,HIMATSEIDE,EQ,HIMATSINGKA SEIDE LTD    ,Listed    ,14 AUG 2026,               5.00,         125742289,             72.95,     9172899982.55
14 AUG 2026,HINDALCO,EQ,HINDALCO  INDUSTRIES  LTD,Listed    ,14 AUG 2026,               1.00,        2247226523,           1029.50,  2313519705428.50  
14 AUG 2026,HINDCOMPOS,EQ,HINDUSTAN COMPOSITES LTD.,Listed    ,14 AUG 2026,               5.00,          14769000,            410.25,     6058982250.00
14 AUG 2026,HINDCON,EQ,HINDCON CHEMICALS LIMITED,Listed    ,14 AUG 2026,               2.00,          51190625,             22.70,     1162539093.75   
14 AUG 2026,HINDCOPPER,EQ,HINDUSTAN COPPER LTD     ,Listed    ,14 AUG 2026,               5.00,         967024020,            529.05,   511604057781.00
14 AUG 2026,HINDOILEXP,EQ,HINDUSTAN OIL EXPLORATION,Listed    ,14 AUG 2026,              10.00,         132294300,            152.10,    20121963030.00
14 AUG 2026,HINDPETRO,EQ,HINDUSTAN PETROLEUM CORP ,Listed    ,14 AUG 2026,              10.00,        2127822518,            373.50,   794741710473.00 
14 AUG 2026,HINDUNILVR,EQ,HINDUSTAN UNILEVER LTD.  ,Listed    ,14 AUG 2026,               1.00,        2349591262,           2077.00,  4880101051174.00
14 AUG 2026,HINDWAREAP,EQ,HINDWARE HME INOVATON LTD,Listed    ,14 AUG 2026,               2.00,          83646357,            195.45,    16350353402.80
14 AUG 2026,HINDZINC,EQ,HINDUSTAN ZINC LIMITED   ,Listed    ,14 AUG 2026,               2.00,        4225319000,            561.90,  2374206746100.00  
14 AUG 2026,HIRECT,EQ,HIND RECTIFIER LIMITED   ,Listed    ,14 AUG 2026,               2.00,          34372239,           1256.00,    43171532184.00    
14 AUG 2026,HISARMETAL,EQ,HISAR METAL IND. LIMITED ,Listed    ,14 AUG 2026,              10.00,           5400000,            151.20,      816588000.00
14 AUG 2026,HITECH,EQ,HI-TECH PIPES LIMITED    ,Listed    ,14 AUG 2026,               1.00,         203107734,             78.20,    15887086953.50    
14 AUG 2026,HITECHCORP,BE,HITECH CORPORATION LTD   ,Listed    ,14 AUG 2026,              10.00,          17175700,            332.30,     5707485110.00
14 AUG 2026,HITECHGEAR,BE,THE HI-TECH GEARS LIMITED,Permitted ,14 AUG 2026,              10.00,          18813547,            550.00,    10347450850.00
14 AUG 2026,HLEGLAS,EQ,HLE GLASCOAT LIMITED     ,Listed    ,14 AUG 2026,               2.00,          69454739,            327.70,    22760317970.30   
14 AUG 2026,HLVLTD,EQ,HLV LIMITED              ,Listed    ,14 AUG 2026,               2.00,         659259899,              7.00,     4601634095.00    
14 AUG 2026,HMAAGRO,EQ,HMA AGRO INDUSTRIES LTD  ,Listed    ,14 AUG 2026,               1.00,         500769770,             24.25,    12138659224.80   
14 AUG 2026,HMT,BZ,HMT LTD -                ,Listed    ,14 AUG 2026,              10.00,         470670740,             58.75,    27647199267.60       
14 AUG 2026,HMVL,BE,HINDUSTAN MEDIA VENT LTD ,Listed    ,14 AUG 2026,              10.00,          73671548,             86.65,     6382902918.70      
14 AUG 2026,HNDFDS,EQ,HINDUSTAN FOODS LIMITED  ,Listed    ,14 AUG 2026,               2.00,         119481762,            591.40,    70661514046.80    
14 AUG 2026,HOACFOODS,ST,HOAC FOODS INDIA LIMITED ,Listed    ,14 AUG 2026,              10.00,           4340460,            804.00,     3489729840.00 
14 AUG 2026,HOLMARC,SM,HOLMARC OPTO MECHATRO L  ,Listed    ,14 AUG 2026,              10.00,          10050000,            107.00,     1075350000.00   
14 AUG 2026,HOMEFIRST,EQ,HOME FIRST FIN CO IND LTD,Listed    ,14 AUG 2026,               2.00,         104525221,           1176.50,   122973922506.50 
14 AUG 2026,HOMESFY,SM,HOMESFY REALTY LIMITED   ,Listed    ,06 AUG 2026,              10.00,           3226200,            119.05,      384079110.00   
14 AUG 2026,HONASA,EQ,HONASA CONSUMER LIMITED  ,Listed    ,14 AUG 2026,              10.00,         326024216,            502.80,   163924975804.80    
14 AUG 2026,HONAUT,EQ,HONEYWELL AUTOMATION IND ,Listed    ,14 AUG 2026,              10.00,           8841523,          37205.00,   328948863215.00    
14 AUG 2026,HONDAPOWER,EQ,HONDA I POWER PRODUCT LTD,Listed    ,14 AUG 2026,              10.00,          10143071,           2149.90,    21806588342.90
14 AUG 2026,HPAL,EQ,HP ADHESIVES LIMITED     ,Listed    ,14 AUG 2026,               2.00,          91874735,             35.15,     3229396935.25      
14 AUG 2026,HPIL,EQ,HINDPRAKASH INDUSTRY LTD ,Listed    ,14 AUG 2026,              10.00,          11424110,            125.05,     1428584955.50      
14 AUG 2026,HPL,EQ,HPL ELECTRIC & POWER LTD ,Listed    ,14 AUG 2026,              10.00,          64300486,            317.45,    20412189280.70       
14 AUG 2026,HPTL,SM,HP TELECOM INDIA LIMITED ,Listed    ,14 AUG 2026,              10.00,          11914710,            309.75,     3690581422.50      
14 AUG 2026,HRHNEXT,SM,HRH NEXT SERVICES LIMITED,Listed    ,14 AUG 2026,              10.00,          13204438,             24.90,      328790506.20   
14 AUG 2026,HSCL,EQ,HIMADRI SPECIALITY CHEM L,Listed    ,14 AUG 2026,               1.00,         504541599,            781.05,   394072215898.95      
14 AUG 2026,HTMEDIA,EQ,HT MEDIA LIMITED         ,Listed    ,14 AUG 2026,               2.00,         182655286,             26.35,     4816619891.80   
14 AUG 2026,HUBTOWN,EQ,HUBTOWN LIMITED          ,Listed    ,14 AUG 2026,              10.00,         142100657,            186.60,    26518824609.35   
14 AUG 2026,HUDCO,EQ,HSG & URBAN DEV CORPN LTD,Listed    ,14 AUG 2026,              10.00,        2001900000,            190.00,   380340981000.00     
14 AUG 2026,HUHTAMAKI,EQ,HUHTAMAKI INDIA LIMITED  ,Listed    ,14 AUG 2026,               2.00,          75521934,            277.05,    20923351814.70 
14 AUG 2026,HVAX,SM,HVAX TECHNOLOGIES LIMITED,Listed    ,13 AUG 2026,              10.00,           2776875,            605.00,     1680009375.00      
14 AUG 2026,HYBRIDFIN,BE,HYBRID FINANCIAL SERVICE ,Listed    ,14 AUG 2026,               5.00,          29436275,             17.45,      514251724.25 
14 AUG 2026,HYUNDAI,EQ,HYUNDAI MOTOR INDIA LTD  ,Listed    ,14 AUG 2026,              10.00,         812541100,           2199.00,  1786777878900.00   
14 AUG 2026,IBLFL,SM,IBL FINANCE LIMITED      ,Listed    ,14 AUG 2026,              10.00,          24730650,             61.00,     1508569650.00     
14 AUG 2026,IBULLSLTD,EQ,INDIABULLS LIMITED       ,Listed    ,14 AUG 2026,               2.00,        2324382138,             27.10,    62944268297.05 
14 AUG 2026,ICDSLTD,EQ,ICDS LTD                 ,Listed    ,13 AUG 2026,              10.00,          13026700,             40.05,      521719335.00   
14 AUG 2026,ICELCO,SM,IC ELECTRICALS COMPANY L ,Listed    ,14 AUG 2026,              10.00,          18261600,            134.20,     2450706720.00    
14 AUG 2026,ICEMAKE,EQ,ICE MAKE REFRIGERAT LTD  ,Listed    ,14 AUG 2026,              10.00,          15779735,            751.65,    11860837812.75   
14 AUG 2026,ICICIAMC,EQ,ICICI PRUDENTIAL AMC LTD ,Listed    ,14 AUG 2026,               1.00,         494258520,           3097.90,  1531163469108.00  
14 AUG 2026,ICICIBANK,EQ,ICICI BANK LTD.          ,Listed    ,14 AUG 2026,               2.00,        7173504860,           1417.00, 10164856386620.00 
14 AUG 2026,ICICIGI,EQ,ICICI LOMBARD GIC LIMITED,Listed    ,14 AUG 2026,              10.00,         499172227,           1630.00,   813650730010.00   
14 AUG 2026,ICICIPRULI,EQ,ICICI PRU LIFE INS CO LTD,Listed    ,14 AUG 2026,              10.00,        1450717046,            509.15,   738632583970.90
14 AUG 2026,ICIL,EQ,INDO COUNT INDUSTRIES LTD,Listed    ,14 AUG 2026,               2.00,         198054340,            379.90,    75240843766.00      
14 AUG 2026,ICRA,EQ,ICRA LIMITED             ,Listed    ,14 AUG 2026,              10.00,           9651231,           5265.60,    50819521953.60      
14 AUG 2026,IDBI,EQ,IDBI BANK LIMITED        ,Listed    ,14 AUG 2026,              10.00,       10752402175,             82.45,   886535559328.75      
14 AUG 2026,IDEA,EQ,VODAFONE IDEA LIMITED    ,Listed    ,14 AUG 2026,              10.00,      108343035001,             14.10,  1528720223864.10      
14 AUG 2026,IDEAFORGE,EQ,IDEAFORGE TECHNO LTD     ,Listed    ,14 AUG 2026,              10.00,          49685597,            820.85,    40784422297.45 
14 AUG 2026,IDEALTECHO,SM,IDEAL TECHNOPLAST IND LTD,Listed    ,14 AUG 2026,              10.00,           5000000,            186.95,      934750000.00
14 AUG 2026,IDENTICAL,SM,IDENTICAL BRAINS STUDIO L,Listed    ,14 AUG 2026,              10.00,          14025958,             15.95,      223714030.10 
14 AUG 2026,IDFCFIRSTB,EQ,IDFC FIRST BANK LIMITED  ,Listed    ,14 AUG 2026,              10.00,        8613225416,             85.70,   738067285897.05
14 AUG 2026,IEML,SM,INDIAN EMULSIFIERS LTD   ,Listed    ,14 AUG 2026,              10.00,          18333333,             42.35,      776416652.55      
14 AUG 2026,IEX,EQ,INDIAN ENERGY EXC LTD    ,Listed    ,14 AUG 2026,               1.00,         891692735,            124.75,   111238668691.25       
14 AUG 2026,IFBAGRO,BE,IFB AGRO INDUSTRIES LTD  ,Listed    ,14 AUG 2026,              10.00,           9367111,           1029.30,     9641567352.30   
14 AUG 2026,IFBIND,EQ,IFB INDUSTRIES LTD       ,Listed    ,14 AUG 2026,              10.00,          40518796,           1383.60,    56061806145.60    
14 AUG 2026,IFCI,EQ,IFCI LTD                 ,Listed    ,14 AUG 2026,              10.00,        2694314331,             76.95,   207300544627.15      
14 AUG 2026,IFGLEXPOR,EQ,IFGL REFRACTORIES LIMITED,Listed    ,14 AUG 2026,              10.00,          72078624,            225.30,    16240034773.45 
14 AUG 2026,IGARASHI,EQ,IGARASHI MOTORS INDIA LTD,Listed    ,14 AUG 2026,              10.00,          31475048,            457.05,    14385670688.40  
14 AUG 2026,IGCL,EQ,INDOGULF CROPSCIENCES LTD,Listed    ,14 AUG 2026,              10.00,          63223997,             70.90,     4483213627.25      
14 AUG 2026,IGIL,EQ,INTL GEMOLOGICAL INST LTD,Listed    ,14 AUG 2026,               2.00,         432159696,            345.90,   149484038846.40      
14 AUG 2026,IGL,EQ,INDRAPRASTHA GAS LTD     ,Listed    ,14 AUG 2026,               2.00,        1400001600,            151.70,   212380242720.00       
14 AUG 2026,IGPL,EQ,I G PETROCHEMICALS LTD   ,Listed    ,14 AUG 2026,              10.00,          30794850,            458.30,    14113279755.00      
14 AUG 2026,IIFL,EQ,IIFL FINANCE LIMITED     ,Listed    ,14 AUG 2026,               2.00,         425324987,            631.15,   268443865545.05      
14 AUG 2026,IIFLCAPS,EQ,IIFL CAPITAL SERVICES LTD,Listed    ,14 AUG 2026,               2.00,         311669964,            335.20,   104471771932.80  
14 AUG 2026,IITL,EQ,INDUSTRIAL INV TRUST LTD ,Listed    ,14 AUG 2026,              10.00,          21827550,            147.70,     3223710859.50      
14 AUG 2026,IKIO,EQ,IKIO TECHNOLOGIES LIMITED,Listed    ,14 AUG 2026,              10.00,          77280701,            204.95,    15840225283.95      
14 AUG 2026,IKS,EQ,INVENTURUS KNOWLEDGE SO L,Listed    ,14 AUG 2026,               1.00,         171573159,           1840.00,   315694612560.00       
14 AUG 2026,IL&FSENGG,BZ,IL&FS ENG AND CONS CO LTD,Listed    ,14 AUG 2026,              10.00,         131121078,             36.75,     4816077194.95 
14 AUG 2026,IL&FSTRANS,BZ,IL&FS TRANS NET LTD      ,Listed    ,14 AUG 2026,              10.00,         328960027,              2.05,      680947255.90
14 AUG 2026,IMAGICAA,EQ,IMAGICAAWORLD ENT LTD    ,Listed    ,14 AUG 2026,              10.00,         565861447,             47.65,    26968956564.00  
14 AUG 2026,IMFA,EQ,INDIAN METALS & FERRO    ,Listed    ,14 AUG 2026,              10.00,          53954106,           1404.50,    75778541877.00      
14 AUG 2026,IMPAL,EQ,IND MOTOR PART & ACC LTD ,Listed    ,14 AUG 2026,              10.00,          12480000,           1068.30,    13332384000.00     
14 AUG 2026,IMPEXFERRO,BZ,IMPEX FERRO TECH LIMITED ,Listed    ,14 AUG 2026,              10.00,          87931604,              3.55,      313915826.30
14 AUG 2026,INA,EQ,INSOLATION ENERGY LIMITED,Listed    ,14 AUG 2026,               1.00,         220394625,             99.00,    21823475767.50       
14 AUG 2026,INCREDIBLE,EQ,INCREDIBLE INDUSTRIES LTD,Listed    ,14 AUG 2026,              10.00,          46763750,             32.25,     1507195662.50
14 AUG 2026,INDBANK,EQ,INDBANK MERCH BANK       ,Listed    ,14 AUG 2026,              10.00,          44378200,             32.50,     1441847718.00   
14 AUG 2026,INDGN,EQ,INDEGENE LIMITED         ,Listed    ,14 AUG 2026,               2.00,         240954305,            555.80,   133922402719.00     
14 AUG 2026,INDHOTEL,EQ,THE INDIAN HOTELS CO. LTD,Listed    ,14 AUG 2026,               1.00,        1423432227,            720.00,  1024871203440.00  
14 AUG 2026,INDIACEM,EQ,THE INDIA CEMENTS LIMITED,Listed    ,14 AUG 2026,              10.00,         309897201,            375.30,   116304419535.30  
14 AUG 2026,INDIAGLYCO,EQ,INDIA GLYCOLS LTD        ,Listed    ,14 AUG 2026,               5.00,          67026765,           1061.10,    71122100341.50
14 AUG 2026,INDIAMART,EQ,INDIAMART INTERMESH LTD  ,Listed    ,14 AUG 2026,              10.00,          60143148,           1789.90,   107650220605.20 
14 AUG 2026,INDIANB,EQ,INDIAN BANK              ,Listed    ,14 AUG 2026,              10.00,        1346963981,            894.95,  1205465414795.95   
14 AUG 2026,INDIANCARD,EQ,INDIAN CARD CLOTHING CO. ,Listed    ,14 AUG 2026,              10.00,           5941120,            223.10,     1325404460.80
14 AUG 2026,INDIANHUME,EQ,INDIAN HUME PIPE CO. LTD.,Listed    ,14 AUG 2026,               2.00,          52681770,            369.15,    19447475395.50
14 AUG 2026,INDIASHLTR,EQ,INDIA SHELTER FIN CORP L ,Listed    ,14 AUG 2026,               5.00,         108785099,            670.70,    72962165899.30
14 AUG 2026,INDIFRA,SM,INDIFRA LIMITED          ,Listed    ,06 AUG 2026,              10.00,           7290000,             11.95,       87115500.00   
14 AUG 2026,INDIGO,EQ,INTERGLOBE AVIATION LTD  ,Listed    ,14 AUG 2026,              10.00,         386657498,           5310.00,  2053151314380.00    
14 AUG 2026,INDIGOPNTS,EQ,INDIGO PAINTS LIMITED    ,Listed    ,14 AUG 2026,              10.00,          47675662,           1148.70,    54765032939.40
14 AUG 2026,INDIGRID,IV,INDIGRID INFRASTRUCT TRST,Listed    ,14 AUG 2026,             100.00,         952564719,            178.75,   170270943521.25  
14 AUG 2026,INDIQUBE,EQ,INDIQUBE SPACES LIMITED  ,Listed    ,14 AUG 2026,               1.00,         211997634,            180.00,    38159574120.00  
14 AUG 2026,INDNIPPON,EQ,INDIA NIPPON ELECT  LTD  ,Listed    ,14 AUG 2026,               5.00,          22621424,           1123.20,    25408383436.80 
14 AUG 2026,INDOAMIN,BE,INDO AMINES LIMITED      ,Listed    ,14 AUG 2026,               5.00,          72587560,            130.00,     9436382800.00  
14 AUG 2026,INDOBORAX,EQ,INDO BORAX & CHEMICAL LTD,Listed    ,14 AUG 2026,               1.00,          32090000,            425.35,    13649481500.00 
14 AUG 2026,INDOCO,EQ,INDOCO REMEDIES LTD.     ,Listed    ,14 AUG 2026,               2.00,          92303605,            219.50,    20261564333.55    
14 AUG 2026,INDOFARM,EQ,INDO FARM EQUIPMENT LTD  ,Listed    ,14 AUG 2026,              10.00,          48051600,            145.80,     7004962248.00  
14 AUG 2026,INDOMIM,EQ,INDO-MIM LIMITED         ,Listed    ,14 AUG 2026,               1.00,         494480907,            849.35,   419987358360.45   
14 AUG 2026,INDORAMA,EQ,INDO RAMA SYNTHETICS LTD ,Listed    ,14 AUG 2026,              10.00,         261113151,             56.10,    14645836639.60  
14 AUG 2026,INDOSTAR,EQ,INDOSTAR CAPITAL FIN LTD ,Listed    ,14 AUG 2026,              10.00,         161616023,            239.25,    38666633502.75  
14 AUG 2026,INDOTECH,EQ,INDO TECH TRANSFORM LTD. ,Listed    ,14 AUG 2026,              10.00,          10620000,           3558.10,    37787022000.00  
14 AUG 2026,INDOTHAI,EQ,INDO THAI SEC LTD        ,Listed    ,14 AUG 2026,               1.00,         128618190,             77.10,     9913890085.20  
14 AUG 2026,INDOUS,EQ,INDO US BIOTECH LTD      ,Listed    ,14 AUG 2026,              10.00,          20052000,             81.00,     1624412520.00    
14 AUG 2026,INDOWIND,EQ,INDOWIND ENERGY LTD      ,Listed    ,14 AUG 2026,              10.00,         161002170,              8.80,     1418429117.70  
14 AUG 2026,INDPRUD,EQ,INDUSTRIAL & PRU INV CO L,Permitted ,14 AUG 2026,              10.00,           1675840,           6280.00,    10524275200.00   
14 AUG 2026,INDRAMEDCO,EQ,INDRAPRASTHA MEDICAL CORP,Listed    ,14 AUG 2026,              10.00,          91673000,            373.40,    34230698200.00
14 AUG 2026,INDSWFTLAB,EQ,IND SWIFT LABORATORIES LT,Listed    ,14 AUG 2026,              10.00,          86836558,            304.20,    26413944212.45
14 AUG 2026,INDTERRAIN,EQ,IND TERRAIN FASHIONS LTD ,Listed    ,14 AUG 2026,               2.00,          50667367,             31.10,     1575755113.70
14 AUG 2026,INDUSINDBK,EQ,INDUSIND BANK LIMITED    ,Listed    ,14 AUG 2026,              10.00,         779132752,           1020.80,   795338713241.60
14 AUG 2026,INDUSINVIT,IV,INDUS INFRA TRUST        ,Listed    ,14 AUG 2026,             100.00,         611005831,            133.20,    81385976689.20
14 AUG 2026,INDUSTOWER,EQ,INDUS TOWERS LIMITED     ,Listed    ,14 AUG 2026,              10.00,        2638162757,            384.35,  1013977855652.95
14 AUG 2026,INFINIUM,SM,INFINIUM PHARMACHEM LTD  ,Listed    ,14 AUG 2026,              10.00,          15583120,            239.75,     3736053020.00  
14 AUG 2026,INFLUX,SM,INFLUX HEALTHTECH LIMITED,Listed    ,14 AUG 2026,              10.00,          23150400,            286.35,     6629117040.00    
14 AUG 2026,INFOBEAN,EQ,INFOBEANS TECHNO. LTD.   ,Listed    ,14 AUG 2026,              10.00,          96959440,            162.40,    15746213056.00  
14 AUG 2026,INFOLLION,SM,INFOLLION RESEARCH SER L ,Listed    ,14 AUG 2026,              10.00,           9706759,            159.95,     1552596102.05 
14 AUG 2026,INFOMEDIA,EQ,INFOMEDIA PRESS LIMITED  ,Listed    ,14 AUG 2026,              10.00,          50194172,              5.15,      259001927.50 
14 AUG 2026,INFY,EQ,INFOSYS LIMITED          ,Listed    ,14 AUG 2026,               5.00,        4057255905,           1169.20,  4743743604126.00      
14 AUG 2026,INGERRAND,EQ,INGERSOLL-RAND INDIA LTD ,Listed    ,14 AUG 2026,              10.00,          31568000,           4608.70,   145487441600.00 
14 AUG 2026,INM,SM,INTERIORS & MORE LIMITED ,Listed    ,14 AUG 2026,              10.00,          13990800,            164.05,     2295190740.00       
14 AUG 2026,INNOMET,ST,INNOMET ADVANCED MATERI L,Listed    ,14 AUG 2026,              10.00,          12940138,            210.20,     2720017007.60   
14 AUG 2026,INNOVACAP,EQ,INNOVA CAPTAB LIMITED    ,Listed    ,14 AUG 2026,              10.00,          57224929,           1036.00,    59285026444.00 
14 AUG 2026,INNOVANA,EQ,INNOVANA THINKLABS LTD   ,Listed    ,14 AUG 2026,              10.00,          20660000,            319.40,     6598804000.00  
14 AUG 2026,INNOVISION,EQ,INNOVISION LIMITED       ,Listed    ,14 AUG 2026,              10.00,          23813294,            281.95,     6714158243.30
14 AUG 2026,INOXGREEN,EQ,INOX GREEN ENERGY SER LTD,Listed    ,14 AUG 2026,              10.00,         401492045,            187.05,    75107116858.15 
14 AUG 2026,INOXINDIA,EQ,INOX INDIA LIMITED       ,Listed    ,14 AUG 2026,               2.00,          90763500,           1943.00,   176353480500.00 
14 AUG 2026,INOXWIND,EQ,INOX WIND LIMITED        ,Listed    ,14 AUG 2026,              10.00,        1728237822,             73.65,   127319280346.75  
14 AUG 2026,INSECTICID,EQ,INSECTICIDES (I) LTD     ,Listed    ,14 AUG 2026,              10.00,          29097837,            631.15,    18365099822.55
14 AUG 2026,INSPIRE,SM,INSPIRE FILMS LIMITED    ,Listed    ,14 AUG 2026,              10.00,          13609299,              9.05,      123164155.95   
14 AUG 2026,INSPIRISYS,BE,INSPIRISYS SOLUTIONS LTD ,Listed    ,14 AUG 2026,              10.00,          39616873,             87.45,     3465287881.30
14 AUG 2026,INTEGRITY,ST,INTEGRITY INFRABUILD DE L,Listed    ,14 AUG 2026,              10.00,           4400000,            160.00,      704000000.00 
14 AUG 2026,INTELLECT,EQ,INTELLECT DESIGN ARENA   ,Listed    ,14 AUG 2026,               5.00,         140010738,            700.60,    98091523042.80 
14 AUG 2026,INTENTECH,EQ,INTENSE TECHNOLOGIES LTD ,Listed    ,14 AUG 2026,               2.00,          23624449,             80.35,     1897988232.65 
14 AUG 2026,INTERARCH,EQ,INTERARCH BLDNG SOLTN LTD,Listed    ,14 AUG 2026,              10.00,          16771853,           1736.20,    29119291178.60 
14 AUG 2026,INTERISE,IV,INTERISE TRUST           ,Listed    ,16 SEP 2025,             100.00,        1042411177,            107.20,   111725629950.85  
14 AUG 2026,INTLCONV,EQ,INTL CONVEYORS LIMITED   ,Listed    ,14 AUG 2026,               1.00,          63781000,             75.70,     4829497320.00  
14 AUG 2026,INVENTURE,EQ,INVENTURE GRO & SEC LTD  ,Listed    ,14 AUG 2026,               1.00,        1050000000,              0.90,      966000000.00 
14 AUG 2026,INVICTA,SM,INVICTA DIAGNOSTIC LTD   ,Listed    ,13 AUG 2026,              10.00,          12571973,             73.00,      917754029.00   
14 AUG 2026,INVPRECQ,BE,INVESTMENT & PREC CAST L ,Permitted ,14 AUG 2026,              10.00,          10000000,           1217.30,    12173000000.00  
14 AUG 2026,IOB,EQ,INDIAN OVERSEAS BANK     ,Listed    ,14 AUG 2026,              10.00,       19256589795,             33.60,   646828851214.05       
14 AUG 2026,IOC,EQ,INDIAN OIL CORP LTD      ,Listed    ,14 AUG 2026,              10.00,       14121238383,            139.40,  1968500630590.20       
14 AUG 2026,IOLCP,EQ,IOL CHEM AND PHARMA LTD  ,Listed    ,14 AUG 2026,               2.00,         293527510,            165.60,    48602285105.80     
14 AUG 2026,IONEXCHANG,EQ,ION EXCHANGE (INDIA) LTD ,Listed    ,14 AUG 2026,               1.00,         146666590,            372.95,    54699304740.50
14 AUG 2026,IPCALAB,EQ,IPCA LABORATORIES LTD    ,Listed    ,14 AUG 2026,               1.00,         253704218,           1734.20,   439973854855.60   
14 AUG 2026,IPHL,SM,INDIAN PHOSPHATE LIMITED ,Listed    ,14 AUG 2026,              10.00,          24989609,             65.10,     1626823545.90      
14 AUG 2026,IPL,EQ,INDIA PESTICIDES LIMITED ,Listed    ,14 AUG 2026,               1.00,         115163508,            140.50,    16182776144.15       
14 AUG 2026,IPSL,SM,INTEGRATED PERSO SER LTD ,Listed    ,12 AUG 2026,              10.00,          10213010,            215.00,     2195797150.00      
14 AUG 2026,IRB,EQ,IRB INFRA DEV LTD.       ,Listed    ,14 AUG 2026,               1.00,       12078000000,             19.25,   232622280000.00       
14 AUG 2026,IRBINVIT,IV,IRB INVIT FUND           ,Listed    ,14 AUG 2026,             102.00,        1281600000,             64.40,    82560672000.00  
14 AUG 2026,IRBIT,IV,IRB INFRASTRUCTURE TRUST ,Listed    ,13 JUN 2024,             100.00,        1172093265,            214.25,   251097540160.95     
14 AUG 2026,IRCON,EQ,IRCON INTERNATIONAL LTD  ,Listed    ,14 AUG 2026,               2.00,         940515740,            124.80,   117366959194.60     
14 AUG 2026,IRCTC,EQ,INDIAN RAIL TOUR CORP LTD,Listed    ,14 AUG 2026,               2.00,         800000000,            497.50,   398000000000.00     
14 AUG 2026,IREDA,EQ,INDIAN RENEWABLE ENERGY  ,Listed    ,14 AUG 2026,              10.00,        2809231268,            116.25,   326573134905.00     
14 AUG 2026,IRFC,EQ,INDIAN RAILWAY FIN CORP L,Listed    ,14 AUG 2026,              10.00,       13068506000,             87.55,  1144409070420.00      
14 AUG 2026,IRIS,EQ,IRIS REGTECH SOLUTION LTD,Listed    ,14 AUG 2026,              10.00,          20568247,            239.00,     4915605350.55      
14 AUG 2026,IRISDOREME,EQ,IRIS CLOTHINGS LIMITED   ,Listed    ,14 AUG 2026,               2.00,         190331470,             57.95,    11025902057.10
14 AUG 2026,IRMENERGY,EQ,IRM ENERGY LIMITED       ,Listed    ,14 AUG 2026,              10.00,          41059677,            294.15,    12077703989.55 
14 AUG 2026,ISFT,EQ,INTRASOFT TECH. LTD      ,Listed    ,14 AUG 2026,              10.00,          16311678,             82.35,     1342940449.75      
14 AUG 2026,ISGEC,EQ,ISGEC HEAVY ENG LTD      ,Listed    ,14 AUG 2026,               1.00,          73529510,            732.15,    53834630746.50     
14 AUG 2026,ISHAN,SM,ISHAN INTERNATIONAL LTD  ,Listed    ,14 AUG 2026,               1.00,         216235290,              0.45,       97305880.50     
14 AUG 2026,ISHANCH,EQ,ISHAN DYES N CHEMICALS L ,Listed    ,14 AUG 2026,              10.00,          27304397,             48.15,     1315252803.50   
14 AUG 2026,ITALIANE,SM,ITALIAN EDIBLES LIMITED  ,Listed    ,14 AUG 2026,              10.00,          14777151,             30.50,      450703105.50  
14 AUG 2026,ITC,EQ,ITC LTD                  ,Listed    ,14 AUG 2026,               1.00,       12529468232,            278.20,  3485698062142.40       
14 AUG 2026,ITCHOTELS,EQ,ITC HOTELS LIMITED       ,Listed    ,14 AUG 2026,               1.00,        2082976309,            164.95,   343545282643.35 
14 AUG 2026,ITDC,EQ,INDIA TOUR. DEV. CO. LTD.,Listed    ,14 AUG 2026,              10.00,          85769400,            696.75,    59759829450.00      
14 AUG 2026,ITI,EQ,ITI LTD                  ,Listed    ,14 AUG 2026,              10.00,         962851967,            276.75,   266469281867.25       
14 AUG 2026,ITTL,ST,INNOVATIVE TYRE & TUBE LT,Listed    ,12 AUG 2026,              10.00,          10000000,             66.60,      666000000.00      
14 AUG 2026,IVALUE,EQ,IVALUE INFOSOLUTIONS LTD ,Listed    ,14 AUG 2026,               2.00,          54630380,            278.80,    15230949944.00    
14 AUG 2026,IVC,EQ,IL&FS INVESTMENT MANAGERS,Listed    ,14 AUG 2026,               2.00,         314032740,              8.25,     2597050759.80       
14 AUG 2026,IVP,BE,IVP LIMITED              ,Listed    ,14 AUG 2026,              10.00,          10326263,            174.85,     1805443822.90       
14 AUG 2026,IWARE,ST,IWARE SUPPLYCHAIN SER LTD,Listed    ,14 AUG 2026,              10.00,          11506800,            433.00,     4982444400.00     
14 AUG 2026,IWP,EQ,INDIAN WOOD PRODUCTS CO L,Permitted ,14 AUG 2026,               2.00,          63972720,             34.95,     2236486291.20       
14 AUG 2026,IXIGO,EQ,LE TRAVENUES TECHNOLOGY L,Listed    ,14 AUG 2026,               1.00,         438669111,            174.05,    76341585387.35     
14 AUG 2026,IZMO,EQ,IZMO LIMITED             ,Listed    ,14 AUG 2026,              10.00,          14962576,            939.45,    14056592023.20      
14 AUG 2026,J&KBANK,EQ,J & K BANK LTD.          ,Listed    ,14 AUG 2026,               1.00,        1101182463,            155.50,   171211849347.25   
14 AUG 2026,JAGRAN,EQ,JAGRAN PRAKASHAN LIMITED ,Listed    ,14 AUG 2026,               2.00,         217654272,             62.45,    13594685829.10    
14 AUG 2026,JAGSNPHARM,EQ,JAGSONPAL PHARMACEUTICALS,Listed    ,14 AUG 2026,               2.00,          65835470,            226.55,    14915025728.50
14 AUG 2026,JAIBALAJI,EQ,JAI BALAJI INDUSTRIES LTD,Listed    ,14 AUG 2026,               2.00,         912256930,             70.60,    64405339258.00 
14 AUG 2026,JAICORPLTD,EQ,JAI CORP LIMITED         ,Listed    ,14 AUG 2026,               1.00,         175504995,            100.65,    17661067646.85
14 AUG 2026,JAINAM,SM,JAINAM FER ALLOYS (I) LTD,Listed    ,14 AUG 2026,              10.00,          11711200,            235.00,     2752132000.00    
14 AUG 2026,JAINIK,SM,JAINIK POWER CABLES LTD  ,Listed    ,14 AUG 2026,              10.00,          14347700,            207.00,     2969973900.00    
14 AUG 2026,JAINREC,EQ,JAIN RESOURCE RECYCLING L,Listed    ,14 AUG 2026,               2.00,         345085814,            293.40,   101248177827.60   
14 AUG 2026,JAIPURKURT,EQ,NANDANI CREATION LIMITED ,Listed    ,14 AUG 2026,              10.00,          19090714,             27.50,      524803727.85
14 AUG 2026,JAKHARIA,ST,JAKHARIA FABRIC LIMITED  ,Listed    ,16 OCT 2025,              10.00,          12191490,             60.50,      737585145.00  
14 AUG 2026,JALAN,ST,JALAN TRANSOLU. INDIA LTD,Listed    ,14 AUG 2026,              10.00,          14537220,              1.65,       23986413.00     
14 AUG 2026,JAMNAAUTO,EQ,JAMNA AUTO IND LTD       ,Listed    ,14 AUG 2026,               1.00,         399786635,            123.10,    49221730501.20 
14 AUG 2026,JARO,EQ,JARO INS OF TEC MG N RE L,Listed    ,14 AUG 2026,              10.00,          22270387,            453.45,    10098506985.15      
14 AUG 2026,JASH,EQ,JASH ENGINEERING LIMITED ,Listed    ,14 AUG 2026,               2.00,          63193720,            490.05,    30968082486.00      
14 AUG 2026,JAYAGROGN,EQ,JAYANT AGRO ORGANICS LTD ,Listed    ,14 AUG 2026,               5.00,          30000000,            222.55,     6676200000.00 
14 AUG 2026,JAYBARMARU,EQ,JAY BHARAT MARUTI LTD    ,Listed    ,14 AUG 2026,               2.00,         108250000,            127.85,    13840845000.00
14 AUG 2026,JAYBEE,SM,JAY BEE LAMINATIONS LTD  ,Listed    ,14 AUG 2026,              10.00,          22567600,             86.50,     1952097400.00    
14 AUG 2026,JAYESH,SM,JAYESH LOGISTICS LIMITED ,Listed    ,14 AUG 2026,              10.00,           8691449,            144.90,     1259390960.10    
14 AUG 2026,JAYKAY,EQ,JAYKAY ENTERPRISES LTD   ,Listed    ,14 AUG 2026,               1.00,         130287066,            155.85,    20307844977.40    
14 AUG 2026,JAYNECOIND,EQ,JAYASWAL NECO INDUSTR LTD,Listed    ,14 AUG 2026,              10.00,         970998244,             88.95,    86350873838.90
14 AUG 2026,JAYSREETEA,EQ,JAYSHREE TEA & INDUSTRIES,Listed    ,14 AUG 2026,               5.00,          28877488,             92.05,     2657883995.50
14 AUG 2026,JBMA,EQ,JBM AUTO LIMITED         ,Listed    ,14 AUG 2026,               1.00,         236494264,            622.95,   147324101758.80      
14 AUG 2026,JETFREIGHT,EQ,JET FREIGHT LOGISTICS LTD,Listed    ,14 AUG 2026,               5.00,          46403784,             22.25,     1031556118.30
14 AUG 2026,JETKNIT,ST,JET KNITWEARS LTD.       ,Listed    ,07 AUG 2026,              10.00,           4083200,             59.35,      242337920.00   
14 AUG 2026,JEYYAM,ST,JEYYAM GLOBAL FOODS LTD  ,Listed    ,14 AUG 2026,               5.00,          47496756,             23.95,     1137547306.20    
14 AUG 2026,JFLLIFE,SM,JFL LIFE SCIENCES LIMITED,Listed    ,14 AUG 2026,              10.00,          65990646,             13.20,      871076527.20   
14 AUG 2026,JGCHEM,EQ,J.G.CHEMICALS LIMITED    ,Listed    ,14 AUG 2026,              10.00,          39186063,            606.15,    23752632087.45    
14 AUG 2026,JHS,EQ,JHS SVEND. LAB. LTD      ,Listed    ,14 AUG 2026,              10.00,          87405767,              8.95,      782281614.65       
14 AUG 2026,JINDALPHOT,EQ,JINDAL PHOTO LIMITED     ,Listed    ,14 AUG 2026,              10.00,          10258326,           1057.70,    10850231410.20
14 AUG 2026,JINDALPOLY,EQ,JINDAL POLY FILMS LIMITED,Listed    ,14 AUG 2026,              10.00,          43786413,            636.30,    27861294591.90
14 AUG 2026,JINDALSAW,EQ,JINDAL SAW LIMITED       ,Listed    ,14 AUG 2026,               1.00,         639508234,            267.10,   170812649301.40 
14 AUG 2026,JINDALSTEL,EQ,JINDAL STEEL LIMITED     ,Listed    ,14 AUG 2026,               1.00,        1020088097,           1091.50,  1113426157875.50
14 AUG 2026,JINDRILL,EQ,JINDAL DRILLING IND. LTD ,Listed    ,14 AUG 2026,               5.00,          28981104,            588.00,    17040889152.00  
14 AUG 2026,JINDWORLD,EQ,JINDAL WORLDWIDE LTD     ,Listed    ,14 AUG 2026,               1.00,        1002602000,             35.25,    35351746520.00 
14 AUG 2026,JIOFIN,EQ,JIO FIN SERVICES LTD     ,Listed    ,14 AUG 2026,              10.00,        6603141623,            249.05,  1644512421208.15    
14 AUG 2026,JISLDVREQS,EQ,JAIN DVR EQUITY SHARES   ,Listed    ,14 AUG 2026,               2.00,          19294304,             21.00,      405566270.10
14 AUG 2026,JISLJALEQS,EQ,JAIN IRRIGATION SYSTEMS  ,Listed    ,14 AUG 2026,               2.00,         714609991,             26.50,    18930018661.60
14 AUG 2026,JITFINFRA,EQ,JITF INFRALOGISTICS LTD  ,Listed    ,14 AUG 2026,               2.00,          25703706,            314.40,     8081245166.40 
14 AUG 2026,JIWANRAM,SM,JIWANRAM SHEODUTTRA IND L,Listed    ,14 AUG 2026,              10.00,          24748225,              4.80,      118791480.00  
14 AUG 2026,JKCEMENT,EQ,JK CEMENT LIMITED        ,Listed    ,14 AUG 2026,              10.00,          77268251,           5306.50,   410023973931.50  
14 AUG 2026,JKIL,EQ,JKUMAR INFR.LTD.         ,Listed    ,14 AUG 2026,               5.00,          75665506,            497.65,    37654939060.90      
14 AUG 2026,JKIPL,EQ,JINKUSHAL INDUSTRIES LTD ,Listed    ,14 AUG 2026,              10.00,          38386000,            100.75,     3867389500.00     
14 AUG 2026,JKLAKSHMI,EQ,JK LAKSHMI CEMENT LTD    ,Listed    ,14 AUG 2026,               5.00,         124144426,            549.05,    68161497095.30 
14 AUG 2026,JKPAPER,EQ,JK PAPER LIMITED         ,Listed    ,14 AUG 2026,              10.00,         181318771,            379.90,    68883001102.90   
14 AUG 2026,JKTYRE,EQ,JK TYRE & INDUSTRIES LTD ,Listed    ,14 AUG 2026,               2.00,         288289511,            384.10,   110732001175.10    
14 AUG 2026,JLHL,EQ,JUPITER LIFE LINE HOSP L ,Listed    ,14 AUG 2026,               2.00,         327830110,            315.75,   103512357232.50      
14 AUG 2026,JMA,EQ,JULLUNDUR MOT AGENCY LTD ,Listed    ,14 AUG 2026,               2.00,          22841054,             87.85,     2006358183.35       
14 AUG 2026,JMFINANCIL,EQ,JM FINANCIAL LIMITED     ,Listed    ,14 AUG 2026,               1.00,         956466194,            126.45,   120926020907.40
14 AUG 2026,JNKINDIA,EQ,JNK INDIA LIMITED        ,Listed    ,14 AUG 2026,               2.00,          55953915,            456.25,    25528973718.75  
14 AUG 2026,JNPR,EQ,JUNIPER GREEN ENERGY LTD ,Listed    ,14 AUG 2026,              10.00,         568998442,            251.35,   143023448381.10      
14 AUG 2026,JOCIL,BE,JOCIL LIMITED            ,Listed    ,14 AUG 2026,              10.00,           8881150,            146.30,     1299134622.00     
14 AUG 2026,JPOLYINVST,EQ,JIND POL INV & FIN CO LTD,Listed    ,14 AUG 2026,              10.00,          10511929,           1011.10,    10628611411.90
14 AUG 2026,JPPOWER,EQ,JAIPRAKASH POWER VEN. LTD,Listed    ,14 AUG 2026,              10.00,        6853458827,             17.40,   119181649001.55   
14 AUG 2026,JSFB,EQ,JANA SMALL FIN BANK LTD  ,Listed    ,14 AUG 2026,              10.00,         105341046,            577.75,    60860789326.50      
14 AUG 2026,JSL,EQ,JINDAL STAINLESS LIMITED ,Listed    ,14 AUG 2026,               2.00,         824419588,            737.85,   608297993005.80       
14 AUG 2026,JSLL,EQ,JEENA SIKHO LIFECARE LTD ,Listed    ,14 AUG 2026,               2.00,         124300730,            521.35,    64804185585.50      
14 AUG 2026,JSWCEMENT,EQ,JSW CEMENT LIMITED       ,Listed    ,14 AUG 2026,              10.00,        1363364936,            130.00,   177264708978.70 
14 AUG 2026,JSWDULUX,EQ,JSW DULUX LIMITED        ,Listed    ,14 AUG 2026,              10.00,          45540314,           3167.40,   144244390563.60  
14 AUG 2026,JSWENERGY,EQ,JSW ENERGY LIMITED       ,Listed    ,14 AUG 2026,              10.00,        1833482736,            560.00,  1026750332160.00 
14 AUG 2026,JSWHL,EQ,JSW HOLDINGS LIMITED     ,Listed    ,14 AUG 2026,              10.00,          11099625,          11874.00,   131796947250.00     
14 AUG 2026,JSWINFRA,EQ,JSW INFRASTRUCTURE LTD   ,Listed    ,14 AUG 2026,               2.00,        2330001567,            339.15,   790220031448.05  
14 AUG 2026,JSWSTEEL,EQ,JSW STEEL LIMITED        ,Listed    ,14 AUG 2026,               1.00,        2445453966,           1270.00,  3105726536820.00  
14 AUG 2026,JTEKTINDIA,EQ,JTEKT INDIA LIMITED      ,Listed    ,14 AUG 2026,               1.00,         277396890,            131.70,    36535944381.90
14 AUG 2026,JTLIND,EQ,JTL INDUSTRIES LIMITED   ,Listed    ,14 AUG 2026,               1.00,         393081630,             75.25,    29575461841.20    
14 AUG 2026,JUBLCPL,EQ,JUBILANT AGRI N CON PRO L,Listed    ,14 AUG 2026,              10.00,          15152493,           2407.50,    36479626897.50   
14 AUG 2026,JUBLFOOD,EQ,JUBILANT FOODWORKS LTD   ,Listed    ,14 AUG 2026,               2.00,         659845200,            504.10,   332627965320.00  
14 AUG 2026,JUBLINGREA,EQ,JUBILANT INGREVIA LIMITED,Listed    ,14 AUG 2026,               1.00,         159281139,            736.95,   117382235386.05
14 AUG 2026,JUBLPHARMA,EQ,JUBILANT PHARMOVA LTD    ,Listed    ,14 AUG 2026,               1.00,         159281139,            865.80,   137905610146.20
14 AUG 2026,JUNIPER,EQ,JUNIPER HOTELS LIMITED   ,Listed    ,14 AUG 2026,              10.00,         222502384,            193.00,    42938510064.30   
14 AUG 2026,JUSTDIAL,EQ,JUSTDIAL LTD.            ,Listed    ,14 AUG 2026,              10.00,          85049032,            681.00,    57918390792.00  
14 AUG 2026,JWL,EQ,JUPITER WAGONS LIMITED   ,Listed    ,14 AUG 2026,              10.00,         427370389,            256.50,   109620504778.50       
14 AUG 2026,JYOTHYLAB,EQ,JYOTHY LABS LIMITED      ,Listed    ,14 AUG 2026,               1.00,         367214511,            199.35,    73207884912.95 
14 AUG 2026,JYOTICNC,EQ,JYOTI CNC AUTOMATION LTD ,Listed    ,14 AUG 2026,               2.00,         227423096,            826.90,   188056158082.40  
14 AUG 2026,JYOTIGLOBL,SM,JYOTI GLOBAL PLAST LTD   ,Listed    ,13 AUG 2026,              10.00,          19820000,             39.10,      774962000.00
14 AUG 2026,JYOTISTRUC,EQ,JYOTI STRUCTURES LTD     ,Listed    ,14 AUG 2026,               2.00,        1193659937,             10.60,    12676668530.95
14 AUG 2026,K2INFRA,ST,K2 INFRAGEN LIMITED      ,Listed    ,14 AUG 2026,              10.00,          12618394,             50.50,      637228897.00   
14 AUG 2026,KABRAEXTRU,EQ,KABRA EXTRUSION TECHNIK L,Listed    ,14 AUG 2026,               5.00,          34972836,            517.40,    18094945346.40
14 AUG 2026,KAJARIACER,EQ,KAJARIA CERAMICS LTD     ,Listed    ,14 AUG 2026,               1.00,         159272290,           1253.40,   199631888286.00
14 AUG 2026,KAKATCEM,EQ,KAKATIYA CEM SUGAR &IND L,Listed    ,14 AUG 2026,              10.00,           7773858,            107.60,      836311643.65  
14 AUG 2026,KALAMANDIR,EQ,SAI SILKS (KALAMANDIR) L ,Listed    ,14 AUG 2026,               2.00,         153366112,             87.05,    13348986388.50
14 AUG 2026,KALANA,SM,KALANA ISPAT LIMITED     ,Listed    ,14 AUG 2026,              10.00,          13039185,             19.05,      248396474.25    
14 AUG 2026,KALPATARU,EQ,KALPATARU LIMITED        ,Listed    ,14 AUG 2026,              10.00,         205913993,            286.25,    58942880496.25 
14 AUG 2026,KALYANI,BE,KALYANI COMMERCIALS LTD  ,Listed    ,04 JUL 2025,              10.00,           1000000,            138.10,      138090000.00   
14 AUG 2026,KALYANIFRG,EQ,KALYANI FORGE LIMITED    ,Listed    ,14 AUG 2026,              10.00,           3638000,            643.50,     2341053000.00
14 AUG 2026,KALYANKJIL,EQ,KALYAN JEWELLERS IND LTD ,Listed    ,14 AUG 2026,              10.00,        1032740207,            608.25,   628164230907.75
14 AUG 2026,KAMAHOLD,EQ,KAMA HOLDINGS LTD.       ,Permitted ,14 AUG 2026,              10.00,          32090575,           2449.50,    78605863462.50  
14 AUG 2026,KAMATHOTEL,EQ,KAMAT HOTELS (I) LTD     ,Listed    ,14 AUG 2026,              10.00,          29480072,            195.85,     5774261702.65
14 AUG 2026,KAMDHENU,BE,KAMDHENU LIMITED         ,Listed    ,14 AUG 2026,               1.00,         281883000,             34.75,     9795434250.00  
14 AUG 2026,KAMOPAINTS,EQ,KAMDHENU VENTURES LIMITED,Listed    ,14 AUG 2026,               1.00,         329000000,              4.55,     1493660000.00
14 AUG 2026,KANANIIND,EQ,KANANI INDUSTRIES LTD    ,Listed    ,14 AUG 2026,               1.00,         197868000,              1.50,      294823320.00 
14 AUG 2026,KANCHI,EQ,KANCHI KARPOORAM LTD.    ,Permitted ,14 AUG 2026,              10.00,           4343891,            370.60,     1609846004.60    
14 AUG 2026,KANDARP,SM,KANDARP DG SMART BPO LTD ,Listed    ,14 AUG 2026,              10.00,           8973000,            104.95,      941716350.00   
14 AUG 2026,KANORICHEM,BE,KANORIACHEMICALS-        ,Listed    ,14 AUG 2026,               5.00,          43693333,            152.30,     6654057682.55
14 AUG 2026,KANPRPLA,EQ,KANPUR PLASTIPACK LIMITED,Listed    ,14 AUG 2026,              10.00,          24478958,            251.20,     6148624670.45  
14 AUG 2026,KANSAINER,EQ,KANSAI NEROLAC PAINTS LTD,Listed    ,14 AUG 2026,               1.00,         808714470,            204.75,   165584287732.50 
14 AUG 2026,KAPSTON,EQ,KAPSTON SERVICES LIMITED ,Listed    ,14 AUG 2026,               5.00,          30432183,            588.40,    17906296477.20   
14 AUG 2026,KARMAENG,EQ,KARMA ENERGY LIMITED     ,Listed    ,14 AUG 2026,              10.00,          11569918,             39.70,      459441443.80  
14 AUG 2026,KARNIKA,SM,KARNIKA INDUSTRIES LTD   ,Listed    ,14 AUG 2026,              10.00,          61997500,            118.95,     7374602625.00   
14 AUG 2026,KARURVYSYA,EQ,KARUR VYSYA BANK LTD     ,Listed    ,14 AUG 2026,               2.00,         966493959,            331.75,   320634370898.25
14 AUG 2026,KATARIA,SM,KATARIA INDUSTRIES LTD   ,Listed    ,14 AUG 2026,              10.00,          21531234,             97.00,     2088529698.00   
14 AUG 2026,KAUSHALYA,BE,KAUSHALYA INFRA DEV LTD. ,Listed    ,14 AUG 2026,            1000.00,            346306,            907.20,      314168803.20 
14 AUG 2026,KAVDEFENCE,EQ,KAVVERI DFS & WIR TEC LTD,Listed    ,14 AUG 2026,              10.00,          60124260,             56.95,     3424677849.60
14 AUG 2026,KAYA,EQ,KAYA LIMITED             ,Listed    ,14 AUG 2026,              10.00,          15187609,            296.85,     4508441731.65      
14 AUG 2026,KAYNES,EQ,KAYNES TECHNOLOGY IND LTD,Listed    ,14 AUG 2026,              10.00,          67034654,           3660.20,   245360240570.80    
14 AUG 2026,KAYTEX,SM,KAYTEX FABRICS LIMITED   ,Listed    ,14 AUG 2026,              10.00,          14699200,             58.25,      856228400.00    
14 AUG 2026,KCEIL,SM,KAY CEE ENERGY & INFRA L ,Listed    ,14 AUG 2026,              10.00,          12224000,             81.15,      991977600.00     
14 AUG 2026,KCK,ST,KCK INDUSTRIES LTD       ,Listed    ,14 AUG 2026,               2.00,          63601700,             15.05,      957205585.00       
14 AUG 2026,KCP,EQ,KCP LTD                  ,Listed    ,14 AUG 2026,               1.00,         128921160,            156.20,    20140063615.20       
14 AUG 2026,KCPSUGIND,BE,KCPSUGARINDUS            ,Listed    ,14 AUG 2026,               1.00,         113385050,             30.50,     3457110174.50 
14 AUG 2026,KDDL,EQ,KDDL LIMITED             ,Listed    ,14 AUG 2026,              10.00,          12299280,           3930.20,    48338630256.00      
14 AUG 2026,KDL,SM,KORE DIGITAL LIMITED     ,Listed    ,14 AUG 2026,              10.00,          12024000,             96.35,     1158512400.00       
14 AUG 2026,KEC,EQ,KEC INTL. LIMITED        ,Listed    ,14 AUG 2026,               2.00,         266200000,            439.90,   117101380000.00       
14 AUG 2026,KECL,EQ,KIRLOSKAR ELECTRIC CO LTD,Listed    ,14 AUG 2026,              10.00,          66414071,            143.55,     9534404032.75      
14 AUG 2026,KEEPLEARN,EQ,DSJ KEEP LEARNING LTD    ,Listed    ,14 AUG 2026,               1.00,         155712083,              1.85,      284953111.90 
14 AUG 2026,KEI,EQ,KEI INDUSTRIES LTD.      ,Listed    ,14 AUG 2026,               2.00,          95600595,           5700.00,   544923391500.00       
14 AUG 2026,KELLTONTEC,EQ,KELLTON TECH SOL LTD     ,Listed    ,14 AUG 2026,               1.00,         527804670,             13.70,     7236202025.70
14 AUG 2026,KEN,SM,KEN ENTERPRISES LIMITED  ,Listed    ,14 AUG 2026,              10.00,          24565480,             43.00,     1056315640.00       
14 AUG 2026,KENNAMET,EQ,KENNAMETAL INDIA LIMITED ,Permitted ,14 AUG 2026,              10.00,          21978240,           3513.30,    77216150592.00  
14 AUG 2026,KERNEX,EQ,KERNEX MICROSYS(I) LTD   ,Listed    ,14 AUG 2026,              10.00,          16802422,           2024.20,    34011462612.40    
14 AUG 2026,KESORAMIND,BE,KESORAM INDUSTRIES LTD   ,Listed    ,14 AUG 2026,              10.00,         310663663,             11.70,     3634764857.10
14 AUG 2026,KEYFINSERV,EQ,KEYNOTE FIN SERV LTD.    ,Listed    ,14 AUG 2026,              10.00,           5566637,            267.20,     1487405406.40
14 AUG 2026,KFINTECH,EQ,KFIN TECHNOLOGIES LIMITED,Listed    ,14 AUG 2026,              10.00,         172827638,            940.00,   162457979720.00  
14 AUG 2026,KHADIM,BE,KHADIM INDIA LIMITED     ,Listed    ,14 AUG 2026,              10.00,          18378382,             98.60,     1811924681.40    
14 AUG 2026,KHAICHEM,EQ,KHAITAN CHEM & FERT LTD  ,Listed    ,14 AUG 2026,               1.00,          96989200,             52.35,     5079324404.00  
14 AUG 2026,KHAITANLTD,EQ,KHAITAN (INDIA)LTD.      ,Listed    ,14 AUG 2026,              10.00,           4750000,            139.20,      661105000.00
14 AUG 2026,KHANDSE,EQ,KHANDWALA SECURITIES LTD ,Listed    ,14 AUG 2026,              10.00,          15253805,             17.70,      269992348.50   
14 AUG 2026,KHFM,SM,KHFM HOS FAC MANA SER LTD,Listed    ,13 AUG 2026,              10.00,          23110499,             48.65,     1124325776.35      
14 AUG 2026,KICL,EQ,KALYANI INVEST CO LTD    ,Listed    ,14 AUG 2026,              10.00,           4365306,           5305.00,    23157948330.00      
14 AUG 2026,KILITCH,BE,KILITCH DRUGS INDIA LTD  ,Listed    ,14 AUG 2026,              10.00,          34961564,            181.65,     6351117716.25   
14 AUG 2026,KIMS,EQ,KRISHNA INST OF MED SCI L,Listed    ,14 AUG 2026,               2.00,         420006484,            809.10,   339827246204.40      
14 AUG 2026,KINGFA,EQ,KINGFA SCI & TEC IND LTD.,Listed    ,14 AUG 2026,              10.00,          13551381,           5870.00,    79546606470.00    
14 AUG 2026,KIOCL,EQ,KIOCL LIMITED            ,Listed    ,14 AUG 2026,              10.00,         607751096,            389.55,   236749439446.80     
14 AUG 2026,KIRANVYPAR,EQ,KIRAN VYAPAR LTD.        ,Permitted ,14 AUG 2026,              10.00,          27284211,            201.20,     5489037569.00
14 AUG 2026,KIRIINDUS,EQ,KIRI INDUSTRIES LIMITED  ,Listed    ,14 AUG 2026,              10.00,          65168000,            411.45,    26813373600.00 
14 AUG 2026,KIRLFER,EQ,KIRLOSKAR FERROUS IND LTD,Permitted ,14 AUG 2026,               5.00,         164921643,            432.30,    71295626268.90   
14 AUG 2026,KIRLOSBROS,EQ,KIRLOSKAR BROTHERS LTD   ,Listed    ,14 AUG 2026,               2.00,          79408926,           1905.50,   151313708493.00
14 AUG 2026,KIRLOSENG,EQ,KIRLOSKAR OIL ENG LTD    ,Listed    ,14 AUG 2026,               2.00,         145379944,           2100.10,   305312420394.40 
14 AUG 2026,KIRLOSIND,EQ,KIRLOSKAR INDUSTRIES LTD ,Listed    ,14 AUG 2026,              10.00,          10509372,           3754.40,    39456386236.80 
14 AUG 2026,KIRLPNU,EQ,KIRLOSKAR PNEUMATIC COM L,Listed    ,14 AUG 2026,               2.00,          64958190,           1524.70,    99041752293.00   
14 AUG 2026,KISSHT,EQ,ONEMI TECHNOLOGY SOL LTD ,Listed    ,14 AUG 2026,               1.00,         168483022,            309.50,    52145495309.00    
14 AUG 2026,KITEX,EQ,KITEX GARMENTS LTD       ,Listed    ,14 AUG 2026,               1.00,         199500000,            134.25,    26780880000.00     
14 AUG 2026,KKCL,EQ,KEWAL KIRAN CLOTHING LTD ,Listed    ,14 AUG 2026,              10.00,          61625185,            512.70,    31595232349.50      
14 AUG 2026,KKJEWELS,SM,KABRA JEWELS LIMITED     ,Listed    ,14 AUG 2026,              10.00,          10485000,            104.00,     1090440000.00  
14 AUG 2026,KKVAPOW,SM,KKV AGRO POWERS LTD.     ,Listed    ,06 AUG 2026,              10.00,            623562,            451.40,      281475886.80   
14 AUG 2026,KLBRENG-B,EQ,KILBURN ENGINEERING LTD. ,Permitted ,14 AUG 2026,              10.00,          52312858,            358.20,    18738465735.60 
14 AUG 2026,KLL,SM,KAUSHALYA LOGISTICS LTD  ,Listed    ,14 AUG 2026,              10.00,          18530000,             22.15,      410439500.00       
14 AUG 2026,KMEW,EQ,KNOWLEDGE MARINE & EN W L,Listed    ,14 AUG 2026,               5.00,          24444108,           2730.80,    66751970126.40      
14 AUG 2026,KMSUGAR,EQ,K M SUGAR MILLS LTD      ,Listed    ,14 AUG 2026,               2.00,          92000170,             27.55,     2535524685.20   
14 AUG 2026,KNACK,EQ,KNACK PACKAGING LIMITED  ,Listed    ,14 AUG 2026,              10.00,         122365164,            208.00,    25454401415.30     
14 AUG 2026,KNAGRI,EQ,KN AGRI RESOURCES LIMITED,Listed    ,14 AUG 2026,              10.00,          24998910,            225.90,     5647503758.10    
14 AUG 2026,KNRCON,EQ,KNR CONSTRU LTD.         ,Listed    ,14 AUG 2026,               2.00,         281234600,            132.45,    37243898078.00    
14 AUG 2026,KODYTECH,ST,KODY TECHNOLAB LIMITED   ,Listed    ,14 AUG 2026,              10.00,          14293460,           1399.00,    19996550540.00  
14 AUG 2026,KOHINOOR,EQ,KOHINOOR FOODS LIMITED   ,Listed    ,14 AUG 2026,              10.00,          37071530,             27.70,     1027622811.60  
14 AUG 2026,KOKUYOCMLN,EQ,KOKUYO CAMLIN LIMITED    ,Listed    ,14 AUG 2026,               1.00,         100303806,             81.55,     8178772341.25
14 AUG 2026,KOLTEPATIL,EQ,KOLTE PATIL DEV. LTD.    ,Listed    ,14 AUG 2026,              10.00,          88680094,            477.70,    42362480903.80
14 AUG 2026,KONSTELEC,ST,KONSTELEC ENGINEERS LTD  ,Listed    ,14 AUG 2026,              10.00,          15100000,             58.70,      886370000.00 
14 AUG 2026,KONTOR,SM,KONTOR SPACE LIMITED     ,Listed    ,12 AUG 2026,              10.00,           6180000,             61.00,      376980000.00    
14 AUG 2026,KOPRAN,BE,KOPRAN LTD               ,Listed    ,14 AUG 2026,              10.00,          48287601,            190.20,     9184301710.20    
14 AUG 2026,KORE,SM,JAY JALARAM TECHNO LTD   ,Listed    ,14 AUG 2026,              10.00,          12125000,            177.00,     2146125000.00      
14 AUG 2026,KOTAKBANK,EQ,KOTAK MAHINDRA BANK LTD  ,Listed    ,14 AUG 2026,               1.00,        9946508970,            391.15,  3890576983615.50 
14 AUG 2026,KOTARISUG,EQ,KOTHARI SUG & CHEM LTD.  ,Listed    ,14 AUG 2026,              10.00,          82888580,             26.30,     2178311882.40 
14 AUG 2026,KOTHARIPET,EQ,KOTHARI PETROCHEM LTD    ,Listed    ,14 AUG 2026,              10.00,          58846400,            143.90,     8469173888.00
14 AUG 2026,KOTHARIPRO,EQ,KOTHARI PRODUCTS LTD     ,Listed    ,14 AUG 2026,              10.00,          59687730,             69.00,     4117259615.40
14 AUG 2026,KOTIC,EQ,KOTHARI INDUSTRIAL CORP L,Permitted ,14 AUG 2026,               5.00,         108021773,            146.20,    15790622777.15     
14 AUG 2026,KOTYARK,BE,KOTYARK INDUSTRIES LTD   ,Listed    ,14 AUG 2026,              10.00,         113070276,             40.30,     4554470717.30   
14 AUG 2026,KOVAI,EQ,KOVAI MEDICAL CENTER & HO,Permitted ,14 AUG 2026,              10.00,          10942262,           6038.50,    66074849087.00     
14 AUG 2026,KPEL,EQ,K.P. ENERGY LIMITED      ,Listed    ,14 AUG 2026,               5.00,          67798099,            252.10,    17091900757.90      
14 AUG 2026,KPIGREEN,EQ,KPI GREEN ENERGY LIMITED ,Listed    ,14 AUG 2026,               5.00,         197671968,            319.00,    63057357792.00  
14 AUG 2026,KPIL,EQ,KALPATARU PROJECT INT LTD,Listed    ,14 AUG 2026,               2.00,         170772546,           1352.20,   230918636701.20      
14 AUG 2026,KPITTECH,EQ,KPIT TECHNOLOGIES LIMITED,Listed    ,14 AUG 2026,              10.00,         274143808,            614.00,   168324298112.00  
14 AUG 2026,KPL,EQ,KWALITY PHARMACEUTICALS L,Permitted ,14 AUG 2026,              10.00,          10376198,           3436.50,    35657804427.00       
14 AUG 2026,KPRMILL,EQ,KPR MILL LTD.            ,Listed    ,14 AUG 2026,               1.00,         341814000,           1110.00,   379413540000.00   
14 AUG 2026,KRBL,EQ,KRBL LIMITED             ,Listed    ,14 AUG 2026,               1.00,         228889892,            386.40,    88443054268.80      
14 AUG 2026,KREBSBIO,EQ,KREBS BIOCHEMICALS & IND ,Listed    ,14 AUG 2026,              10.00,          21560586,             54.60,     1177207995.60  
14 AUG 2026,KRIDHANINF,BE,KRIDHAN INFRA LIMITED    ,Listed    ,14 AUG 2026,               2.00,          94779205,              2.20,      210409835.10
14 AUG 2026,KRISHANA,EQ,KRISHANA PHOSCHEM LIMITED,Listed    ,14 AUG 2026,               2.00,         309138000,            190.70,    58946433840.00  
14 AUG 2026,KRISHCA,SM,KRISHCA STRAPPING SLTN L ,Listed    ,14 AUG 2026,              10.00,          15927750,            173.80,     2768242950.00   
14 AUG 2026,KRISHIVAL,EQ,KRISHIVAL FOODS LIMITED  ,Listed    ,14 AUG 2026,              10.00,          22295141,            406.60,     9065204330.60 
14 AUG 2026,KRISHNADEF,EQ,KRISHNA DEF AND ALD IND L,Listed    ,14 AUG 2026,              10.00,          14933388,           1077.70,    16093712247.60
14 AUG 2026,KRITI,EQ,KRITI INDUSTRIES IND LTD ,Listed    ,14 AUG 2026,               1.00,          52696000,             67.75,     3571207920.00     
14 AUG 2026,KRITIKA,EQ,KRITIKA WIRES LIMITED    ,Listed    ,14 AUG 2026,               2.00,         266280000,              5.60,     1488505200.00   
14 AUG 2026,KRITINUT,EQ,KRITI NUTRIENTS LIMITED  ,Listed    ,14 AUG 2026,               1.00,          50103520,             82.15,     4116505203.20  
14 AUG 2026,KRMAYURVED,SM,KRM AYURVEDA LIMITED     ,Listed    ,14 AUG 2026,              10.00,          21260800,            282.85,     6013617280.00
14 AUG 2026,KRN,EQ,KRN HEAT EXCHANGE N REF L,Listed    ,14 AUG 2026,              10.00,          65458486,           1468.30,    96112694993.80       
14 AUG 2026,KRONOX,EQ,KRONOX LAB SCIENCES LTD  ,Listed    ,14 AUG 2026,              10.00,          37104000,            150.55,     5585265120.00    
14 AUG 2026,KROSS,EQ,KROSS LIMITED            ,Listed    ,14 AUG 2026,               5.00,          64509422,            210.20,    13559880504.40     
14 AUG 2026,KRSNAA,EQ,KRSNAA DIAGNOSTICS LTD   ,Listed    ,14 AUG 2026,               5.00,          32438672,            575.30,    18661968001.60    
14 AUG 2026,KRT,RR,KNOWLEDGE REALTY TRUST   ,Listed    ,14 AUG 2026,             100.00,        4434399541,            116.00,   514301658765.20       
14 AUG 2026,KRYSTAL,EQ,KRYSTAL INTEGRATED SER L ,Listed    ,14 AUG 2026,              10.00,          13971952,            620.00,     8662610240.00   
14 AUG 2026,KSB,EQ,KSB LIMITED              ,Listed    ,14 AUG 2026,               2.00,         174039220,            801.25,   139448925025.00       
14 AUG 2026,KSCL,EQ,KAVERI SEED CO. LTD.     ,Listed    ,14 AUG 2026,               2.00,          51439071,            779.95,    40119903426.45      
14 AUG 2026,KSHINTL,EQ,KSH INTERNATIONAL LIMITED,Listed    ,14 AUG 2026,               5.00,          67755700,           1028.60,    69693513020.00   
14 AUG 2026,KSHITIJPOL,EQ,KSHITIJ POLYLINE LIMITED ,Listed    ,14 AUG 2026,               2.00,         154244874,              3.10,      479701558.15
14 AUG 2026,KSL,EQ,KALYANI STEELS LIMITED   ,Listed    ,14 AUG 2026,               5.00,          43653060,            838.95,    36622734687.00       
14 AUG 2026,KSOLVES,EQ,KSOLVES INDIA LIMITED    ,Listed    ,14 AUG 2026,               5.00,          23720400,            277.10,     6572922840.00   
14 AUG 2026,KSR,EQ,KSR FOOTWEAR LIMITED     ,Listed    ,14 AUG 2026,              10.00,          18378382,             29.85,      548778486.50       
14 AUG 2026,KTKBANK,EQ,KARNATAKA BANK LIMITED   ,Listed    ,14 AUG 2026,              10.00,         378203335,            309.65,   117110662682.75   
14 AUG 2026,KUANTUM,EQ,KUANTUM PAPERS LIMITED   ,Listed    ,14 AUG 2026,               1.00,          87263630,             80.65,     7038684395.80   
14 AUG 2026,KUSUMGAR,EQ,KUSUMGAR LIMITED         ,Listed    ,14 AUG 2026,               1.00,         104991372,            601.85,    63189057238.20  
14 AUG 2026,KWIL,EQ,KWALITY WALL'S (INDIA) L ,Listed    ,14 AUG 2026,               1.00,        2349591262,             36.00,    84561789519.40      
14 AUG 2026,LAGNAM,EQ,LAGNAM SPINTEX LIMITED   ,Listed    ,14 AUG 2026,              10.00,          17669000,             78.80,     1392140510.00    
14 AUG 2026,LAHOTIOV,EQ,LAHOTI OVERSEAS LTD.     ,Permitted ,14 AUG 2026,               2.00,          29171500,             41.05,     1196906645.00  
14 AUG 2026,LAKPRE,BZ,LAKSHMI PRE SCRE LTD     ,Listed    ,14 AUG 2026,              10.00,          10941667,              4.80,       52520001.60    
14 AUG 2026,LAKSHYA,SM,LAKSHYA POWERTECH LIMITED,Listed    ,13 AUG 2026,              10.00,          10083920,             82.30,      829906616.00   
14 AUG 2026,LAL,EQ,LORENZINI APPARELS LTD   ,Listed    ,14 AUG 2026,               1.00,         172736551,              8.80,     1520081648.80       
14 AUG 2026,LALPATHLAB,EQ,DR. LAL PATH LABS LTD.   ,Listed    ,14 AUG 2026,              10.00,         167637770,           1916.30,   321244258651.00
14 AUG 2026,LAMBODHARA,EQ,LAMBODHARA TEXTILES LTD. ,Listed    ,14 AUG 2026,               5.00,          10377600,            111.55,     1157517504.00
14 AUG 2026,LAMOSAIC,ST,LAMOSAIC INDIA LIMITED   ,Listed    ,14 AUG 2026,              10.00,          10338008,             56.50,      584097452.00  
14 AUG 2026,LANCORHOL,EQ,LANCOR HOLDINGS LIMITED  ,Listed    ,14 AUG 2026,               2.00,          73550560,             28.90,     2124140172.80 
14 AUG 2026,LANDMARK,EQ,LANDMARK CARS LIMITED    ,Listed    ,14 AUG 2026,               5.00,          41464910,            511.65,    21215521201.50  
14 AUG 2026,LANDSMILL,EQ,LANDSMILL GREEN LIMITED  ,Listed    ,14 AUG 2026,               1.00,        1410695055,              0.75,     1072128241.80 
14 AUG 2026,LAOPALA,EQ,LA OPALA RG LIMITED      ,Listed    ,14 AUG 2026,               2.00,         111000000,            192.50,    21368610000.00   
14 AUG 2026,LASA,EQ,LASA SUPERGENERICS LTD   ,Listed    ,14 AUG 2026,              10.00,          50101239,              7.40,      371250181.00      
14 AUG 2026,LASERPOWER,EQ,LASER POWER & INFRA LTD  ,Listed    ,14 AUG 2026,               5.00,         140368342,            302.90,    42517570791.80
14 AUG 2026,LATENTVIEW,EQ,LATENT VIEW ANALYTICS LTD,Listed    ,14 AUG 2026,               1.00,         206924980,            285.20,    59015004296.00
14 AUG 2026,LATTEYS,BE,LATTEYS INDUSTRIES LTD   ,Listed    ,14 AUG 2026,               2.00,          57495825,             20.60,     1183839036.75   
14 AUG 2026,LAURUSLABS,EQ,LAURUS LABS LIMITED      ,Listed    ,14 AUG 2026,               2.00,         539856582,           1787.30,   964885669008.60
14 AUG 2026,LAXMICOT,EQ,LAXMI COTSPIN LIMITED    ,Listed    ,14 AUG 2026,              10.00,          17147670,             13.40,      230121731.40  
14 AUG 2026,LAXMIDENTL,EQ,LAXMI DENTAL LIMITED     ,Listed    ,14 AUG 2026,               2.00,          54962149,            201.80,    11092460911.20
14 AUG 2026,LAXMIINDIA,BE,LAXMI INDIA FINANCE LTD  ,Listed    ,14 AUG 2026,               5.00,          52393078,            124.40,     6516651041.65
14 AUG 2026,LCCINFOTEC,EQ,LCC INFOTECH LTD         ,Listed    ,14 AUG 2026,               2.00,         168593350,              3.90,      660885932.00
14 AUG 2026,LCL,EQ,LOHIA CORP LIMITED       ,Listed    ,14 AUG 2026,               1.00,         105650000,            528.95,    55883567500.00       
14 AUG 2026,LEAPIND,EQ,LEAP INDIA LIMITED       ,Listed    ,14 AUG 2026,               1.00,         440536458,            144.95,    63846948857.95   
14 AUG 2026,LEMERITE,EQ,LE MERITE EXPORTS LIMITED,Listed    ,14 AUG 2026,               2.00,         125168000,             23.15,     2900142560.00  
14 AUG 2026,LEMONTREE,EQ,LEMON TREE HOTELS LTD    ,Listed    ,14 AUG 2026,              10.00,         792246464,            108.90,    86291484858.90 
14 AUG 2026,LENSKART,EQ,LENSKART SOLUTIONS LTD   ,Listed    ,14 AUG 2026,               2.00,        1738720607,            611.85,  1063836203392.95  
14 AUG 2026,LEXUS,EQ,LEXUS GRANITO (INDIA) LTD,Listed    ,14 AUG 2026,              10.00,          20790724,             13.55,      282130124.70     
14 AUG 2026,LFIC,EQ,LAKSHMI FIN IND CORP LTD ,Listed    ,14 AUG 2026,              10.00,           3000000,            140.20,      420630000.00      
14 AUG 2026,LGBBROSLTD,EQ,LG BALAKRISHNAN & BROS   ,Listed    ,14 AUG 2026,              10.00,          31892416,           1596.70,    50922620627.20
14 AUG 2026,LGEINDIA,EQ,LG ELECTRONICS INDIA LTD ,Listed    ,14 AUG 2026,              10.00,         678772392,           1729.70,  1174072606442.40  
14 AUG 2026,LGHL,EQ,LAXMI GOLDORNA HOUSE LTD ,Listed    ,14 AUG 2026,              10.00,          50092560,            182.00,     9116845920.00      
14 AUG 2026,LIBAS,EQ,LIBAS CONSU PRODUCTS LTD ,Listed    ,14 AUG 2026,              10.00,          26344580,              9.70,      256069317.60     
14 AUG 2026,LIBERTSHOE,EQ,LIBERTY SHOES LTD        ,Listed    ,14 AUG 2026,              10.00,          17040000,            238.70,     4067448000.00
14 AUG 2026,LICHSGFIN,EQ,LIC HOUSING FINANCE LTD  ,Listed    ,14 AUG 2026,               2.00,         550063000,            500.00,   275031500000.00 
14 AUG 2026,LICI,EQ,LIFE INSURA CORP OF INDIA,Listed    ,14 AUG 2026,              10.00,       12649995402,            413.50,  5230773098727.00      
14 AUG 2026,LIKHITHA,EQ,LIKHITHA INFRASTRUC LTD  ,Listed    ,14 AUG 2026,               5.00,          39450000,            217.15,     8567356500.00  
14 AUG 2026,LINC,EQ,LINC LIMITED             ,Listed    ,14 AUG 2026,               5.00,          59489164,             97.90,     5825178938.90      
14 AUG 2026,LINCOLN,EQ,LINCOLN PHARMA LTD       ,Listed    ,14 AUG 2026,              10.00,          20029728,            613.40,    12286235155.20   
14 AUG 2026,LINDEINDIA,EQ,LINDE INDIA LIMITED      ,Listed    ,14 AUG 2026,              10.00,          85284223,           6696.00,   571063157208.00
14 AUG 2026,LLOYDS,SM,LLOYDS LUXURIES LIMITED  ,Listed    ,14 AUG 2026,              10.00,          24134873,             62.90,     1518083511.70    
14 AUG 2026,LLOYDSENGG,EQ,LLOYDS ENGG WORK LIMITED ,Listed    ,14 AUG 2026,               1.00,        1460757205,             93.55,   136624621383.65
14 AUG 2026,LLOYDSENT,EQ,LLOYDS ENTERPRISES LTD   ,Listed    ,14 AUG 2026,               1.00,        1503044790,             76.50,   114967895987.10 
14 AUG 2026,LLOYDSME,EQ,LLOYDS METALS N ENERGY L ,Listed    ,14 AUG 2026,               1.00,         562785088,           1918.60,  1079759469836.80  
14 AUG 2026,LMW,EQ,LMW LIMITED              ,Listed    ,14 AUG 2026,              10.00,          10683000,          18921.00,   202133043000.00       
14 AUG 2026,LODHA,EQ,LODHA DEVELOPERS LIMITED ,Listed    ,14 AUG 2026,              10.00,         999060060,           1243.90,  1242730808634.00     
14 AUG 2026,LOKESHMACH,BE,LOKESH MACHINES LTD      ,Listed    ,14 AUG 2026,              10.00,          21296770,            347.10,     7392108867.00
14 AUG 2026,LORDSCHLO,EQ,LORDS CHLORO ALKALI LTD  ,Listed    ,14 AUG 2026,              10.00,          28653861,            138.55,     3969419364.35 
14 AUG 2026,LOTUSDEV,BE,SRI LOTUS DEVLPRS N RTY L,Listed    ,14 AUG 2026,               1.00,         488723710,            172.45,    84280403789.50  
14 AUG 2026,LOTUSEYE,EQ,LOTUS EYE HOSP & INST L  ,Listed    ,14 AUG 2026,              10.00,          20796330,            115.20,     2396153142.60  
14 AUG 2026,LOVABLE,EQ,LOVABLE LINGERIE LTD     ,Listed    ,14 AUG 2026,              10.00,          14800000,             72.70,     1075960000.00   
14 AUG 2026,LOYALTEX,EQ,LOYAL TEXTILE MILLS LTD  ,Listed    ,14 AUG 2026,              10.00,           4816446,            218.20,     1050948517.20  
14 AUG 2026,LPDC,EQ,LANDMARK PR.DEV.CO.LTD   ,Listed    ,14 AUG 2026,               1.00,         134143160,              8.10,     1089242459.20      
14 AUG 2026,LRRPL,SM,LEAD REC AND RUB PROD LTD,Listed    ,13 AUG 2026,              10.00,           8640675,             83.50,      721496362.50     
14 AUG 2026,LT,EQ,LARSEN & TOUBRO LTD.     ,Listed    ,14 AUG 2026,               2.00,        1375729178,           4057.00,  5581333275146.00        
14 AUG 2026,LTF,EQ,L&T FINANCE LIMITED      ,Listed    ,14 AUG 2026,              10.00,        2505506199,            306.30,   767436548753.70       
14 AUG 2026,LTFOODS,EQ,LT FOODS LIMITED         ,Listed    ,14 AUG 2026,               1.00,         347252944,            419.80,   145776785891.20   
14 AUG 2026,LTM,EQ,LTM LIMITED              ,Listed    ,14 AUG 2026,               1.00,         296621321,           4715.00,  1398569528515.00       
14 AUG 2026,LTTS,EQ,L&T TECHNOLOGY SER. LTD. ,Listed    ,14 AUG 2026,               2.00,         106068593,           3476.80,   368779284142.40      
14 AUG 2026,LUMAXIND,EQ,LUMAX INDUSTRIES LTD     ,Listed    ,14 AUG 2026,              10.00,           9347732,           5796.50,    54184128538.00  
14 AUG 2026,LUMAXTECH,EQ,LUMAX AUTO TECH LTD      ,Listed    ,14 AUG 2026,               2.00,          68157705,           2025.70,   138067063018.50 
14 AUG 2026,LUPIN,EQ,LUPIN LIMITED            ,Listed    ,14 AUG 2026,               2.00,         457232536,           2235.00,  1021914717960.00     
14 AUG 2026,LUXIND,EQ,LUX INDUSTRIES LIMITED   ,Listed    ,14 AUG 2026,               2.00,          30071681,           1188.10,    35728164196.10    
14 AUG 2026,LXCHEM,EQ,LAXMI ORGANIC INDUS LTD  ,Listed    ,14 AUG 2026,               2.00,         277211567,            176.05,    48803096370.35    
14 AUG 2026,LYKALABS,BE,LYKA LABS LTD.           ,Listed    ,14 AUG 2026,              10.00,          35690000,             66.70,     2380523000.00  
14 AUG 2026,M&M,EQ,MAHINDRA & MAHINDRA LTD  ,Listed    ,14 AUG 2026,               5.00,        1243528831,           3428.30,  4263189891317.30       
14 AUG 2026,M&MFIN,EQ,M&M FIN. SERVICES LTD    ,Listed    ,14 AUG 2026,               2.00,        1389971160,            390.10,   542227749516.00    
14 AUG 2026,MAANALU,EQ,MAAN ALUMINIUM LIMITED   ,Listed    ,14 AUG 2026,               5.00,          59984864,            120.15,     7207181409.60   
14 AUG 2026,MACOBSTECH,SM,MACOBS TECHNOLOGIES LTD  ,Listed    ,14 AUG 2026,              10.00,           9795200,            209.00,     2047196800.00
14 AUG 2026,MACPOWER,EQ,MACPOWER CNC MACHINES LTD,Listed    ,14 AUG 2026,              10.00,          10004160,           1749.30,    17500277088.00  
14 AUG 2026,MADHAV,EQ,MADHAV MARBLE & GRANITE  ,Listed    ,14 AUG 2026,              10.00,           8947000,             35.05,      313502880.00    
14 AUG 2026,MADHAVBAUG,ST,VAIDYA SANE AYUR LAB LTD ,Listed    ,14 AUG 2026,              10.00,          10513450,            179.00,     1881907550.00
14 AUG 2026,MADHAVIPL,EQ,MADHAV INFRA PROJECTS L  ,Permitted ,14 AUG 2026,               1.00,         269581560,              7.05,     1905941629.20 
14 AUG 2026,MADHUCON,BE,MADHUCON PROJECTS LTD.   ,Listed    ,14 AUG 2026,               1.00,          73794940,              5.30,      391113182.00  
14 AUG 2026,MADHUSUDAN,ST,MADHUSUDAN MASALA LIMITED,Listed    ,14 AUG 2026,              10.00,          16135000,            224.35,     3619887250.00
14 AUG 2026,MADRASFERT,EQ,MADRAS FERTILISERS LTD   ,Listed    ,14 AUG 2026,              10.00,         161101300,             65.55,    10561801228.00
14 AUG 2026,MAFATIND,EQ,MAFATLAL INDUSTRIES LTD. ,Permitted ,14 AUG 2026,               2.00,          72163930,            122.55,     8843689621.50  
14 AUG 2026,MAGADSUGAR,EQ,MAGADH SUGAR & ENERGY LTD,Listed    ,14 AUG 2026,              10.00,          14091630,            543.30,     7655982579.00
14 AUG 2026,MAGNUM,EQ,MAGNUM VENTURES LTD.     ,Listed    ,14 AUG 2026,              10.00,          68411317,             19.05,     1301867362.50    
14 AUG 2026,MAGSON,SM,MAGSON RETAIL AND DIST L ,Listed    ,14 AUG 2026,              10.00,          13368454,            184.00,     2459795536.00    
14 AUG 2026,MAHABANK,EQ,BANK OF MAHARASHTRA      ,Listed    ,14 AUG 2026,              10.00,        7691554950,             80.10,   616247382594.00  
14 AUG 2026,MAHAPEXLTD,EQ,MAHA RASHTRA APEX COPR. L,Listed    ,14 AUG 2026,              10.00,          28183792,             50.40,     1420744954.70
14 AUG 2026,MAHASTEEL,BE,MAHAMAYA STEEL INDS LTD  ,Listed    ,14 AUG 2026,              10.00,          16434400,           1066.00,    17519070400.00 
14 AUG 2026,MAHEPC,EQ,MAHINDRA EPC IRRIG LTD   ,Listed    ,14 AUG 2026,              10.00,          27950753,            107.55,     3006382992.70    
14 AUG 2026,MAHESHWARI,BE,MAHESHWARI LOGISTICS LTD.,Listed    ,14 AUG 2026,              10.00,          29597200,             72.50,     2145797000.00
14 AUG 2026,MAHICKRA,SM,MAHICKRA CHEMICAL LIMITED,Listed    ,14 AUG 2026,              10.00,           9775910,            295.00,     2883893450.00  
14 AUG 2026,MAHLIFE,EQ,MAHINDRA LIFESPACE DEVLTD,Listed    ,14 AUG 2026,              10.00,         213342715,            384.90,    82115611003.50   
14 AUG 2026,MAHLOG,EQ,MAHINDRA LOGISTIC LIMITED,Listed    ,14 AUG 2026,              10.00,          99222483,            405.50,    40234716856.50    
14 AUG 2026,MAHSCOOTER,EQ,MAHARASHTRA SCOOTERS LTD ,Listed    ,14 AUG 2026,              10.00,          11428568,          13330.00,   152342811440.00
14 AUG 2026,MAHSEAMLES,EQ,MAHARASHTRA SEAMLESS LTD ,Listed    ,14 AUG 2026,               5.00,         133999252,            612.45,    82067841887.40
14 AUG 2026,MAITHANALL,EQ,MAITHAN ALLOYS LTD       ,Listed    ,14 AUG 2026,              10.00,          29111550,            971.25,    28274592937.50
14 AUG 2026,MAITREYA,SM,MAITREYA MEDICARE LIMITED,Listed    ,14 AUG 2026,              10.00,           6776000,            122.00,      826672000.00  
14 AUG 2026,MAJESAUT,BE,MAJESTIC AUTO LTD.       ,Permitted ,14 AUG 2026,              10.00,          10397478,            378.50,     3935445423.00  
14 AUG 2026,MAKS,SM,MAKS ENERGY SOL INDIA LTD,Listed    ,14 AUG 2026,              10.00,           6934790,             16.30,      113037077.00      
14 AUG 2026,MAL,SM,MANGALAM ALLOYS LIMITED  ,Listed    ,14 AUG 2026,              10.00,          24685927,             30.90,      762795144.30       
14 AUG 2026,MALLCOM,EQ,MALLCOM (INDIA) LIMITED  ,Listed    ,14 AUG 2026,              10.00,           6240000,            969.55,     6049992000.00   
14 AUG 2026,MALUPAPER,EQ,MALU PAPER MILLS LIMITED ,Listed    ,14 AUG 2026,              10.00,          17059250,             31.65,      539584077.50 
14 AUG 2026,MAMATA,EQ,MAMATA MACHINERY LIMITED ,Listed    ,14 AUG 2026,              10.00,          24607800,            426.50,    10495226700.00    
14 AUG 2026,MANAKALUCO,EQ,MANAK ALUMINIUM CO. LTD. ,Listed    ,14 AUG 2026,               1.00,          65534050,             39.35,     2577454186.50
14 AUG 2026,MANAKCOAT,EQ,MAN COAT METAL & IND LTD ,Listed    ,14 AUG 2026,               1.00,         105834050,            116.35,    12313791717.50 
14 AUG 2026,MANAKSIA,EQ,MANAKSIA LTD.            ,Listed    ,14 AUG 2026,               2.00,          65534050,             59.00,     3866508950.00  
14 AUG 2026,MANAKSTEEL,EQ,MANAKSIA STEELS LTD      ,Listed    ,14 AUG 2026,               1.00,          65534050,             86.10,     5643792386.00
14 AUG 2026,MANALIPETC,EQ,MANALI PETROCHEMICALS LT ,Listed    ,14 AUG 2026,               5.00,         171999229,             69.25,    11914386592.85
14 AUG 2026,MANAPPURAM,EQ,MANAPPURAM FINANCE LTD   ,Listed    ,14 AUG 2026,               2.00,         939336102,            349.00,   327828299598.00
14 AUG 2026,MANAV,SM,MANAV INFRA PROJECTS LTD ,Listed    ,14 AUG 2026,              10.00,          13160000,             26.90,      354004000.00     
14 AUG 2026,MANBA,EQ,MANBA FINANCE LIMITED    ,Listed    ,14 AUG 2026,              10.00,          50239410,            130.00,     6532128088.20     
14 AUG 2026,MANCREDIT,EQ,MANGAL CREDIT N FINCORP L,Listed    ,14 AUG 2026,              10.00,          21113986,            238.05,     5026606647.00 
14 AUG 2026,MANDEEP,SM,MANDEEP AUTO INDUSTRIES L,Listed    ,14 AUG 2026,              10.00,          11437894,             19.20,      219607564.80   
14 AUG 2026,MANGALAM,EQ,MANGALAM DRUG & CHEM LTD ,Listed    ,14 AUG 2026,              10.00,          15828248,             28.05,      444298921.35  
14 AUG 2026,MANGLMCEM,EQ,MANGALAM CEMENT LTD      ,Listed    ,14 AUG 2026,              10.00,          27497298,            896.35,    24647203062.30 
14 AUG 2026,MANILAM,SM,MANILAM INDUSTRIES IND L ,Listed    ,11 AUG 2026,              10.00,          21848000,             47.00,     1026856000.00   
14 AUG 2026,MANINDS,EQ,MAN INDUSTRIES (I) LTD.  ,Listed    ,14 AUG 2026,               5.00,          75009571,            599.45,    44964487335.95   
14 AUG 2026,MANINFRA,EQ,MAN INFRA LTD            ,Listed    ,14 AUG 2026,               2.00,         403666505,            106.15,    42849199505.75  
14 AUG 2026,MANIPALHOS,EQ,MANIPAL HEALTH ENTERPRI L,Listed    ,14 AUG 2026,               2.00,        1315377202,            706.95,   929905912953.90
14 AUG 2026,MANKIND,EQ,MANKIND PHARMA LIMITED   ,Listed    ,14 AUG 2026,               1.00,         412995978,           2425.20,  1001597845845.60   
14 AUG 2026,MANOMAY,EQ,MANOMAY TEX INDIA LTD    ,Listed    ,14 AUG 2026,              10.00,          18048735,            215.10,     3882643873.20   
14 AUG 2026,MANORAMA,EQ,MANORAMA INDUSTRIES LTD  ,Listed    ,14 AUG 2026,               2.00,          63122390,           1737.10,   109649903669.00  
14 AUG 2026,MANORG,EQ,MANGALAM ORGANICS LIMITED,Listed    ,14 AUG 2026,              10.00,           8564440,            449.90,     3853141556.00    
14 AUG 2026,MANUGRAPH,BE,MANUGRAPH INDIA LIMITED  ,Listed    ,14 AUG 2026,               2.00,          30415061,             15.60,      474170801.00 
14 AUG 2026,MANYAVAR,EQ,VEDANT FASHIONS LIMITED  ,Listed    ,14 AUG 2026,               1.00,         242977245,            528.75,   128474218293.75  
14 AUG 2026,MAPMYINDIA,EQ,C.E. INFO SYSTEMS LIMITED,Listed    ,14 AUG 2026,               2.00,          54761056,            989.70,    54197017123.20
14 AUG 2026,MARALOVER,BE,MARAL OVERSEAS LTD       ,Listed    ,14 AUG 2026,              10.00,          41508000,             53.10,     2204074800.00 
14 AUG 2026,MARATHON,EQ,MARATHON NXTGEN REALT LTD,Listed    ,14 AUG 2026,               5.00,          67420546,            365.15,    24618612371.90  
14 AUG 2026,MARC,SM,MARC TECHNOCRATS LIMITED ,Listed    ,14 AUG 2026,              10.00,          17313383,            130.00,     2250739790.00      
14 AUG 2026,MARCO,SM,MARCO CABLE & CONDUCTOR L,Listed    ,14 AUG 2026,              10.00,          18699000,             31.95,      597433050.00     
14 AUG 2026,MARICO,EQ,MARICO LIMITED           ,Listed    ,14 AUG 2026,               1.00,        1298375399,            865.20,  1123354395214.80    
14 AUG 2026,MARINE,EQ,MARINE ELECTRICAL (I) LTD,Listed    ,14 AUG 2026,               2.00,         139944410,            370.70,    51877392787.00    
14 AUG 2026,MARINETRAN,SM,MARINETRANS INDIA LIMITED,Listed    ,14 AUG 2026,              10.00,          12726000,             18.00,      229068000.00
14 AUG 2026,MARKOLINES,EQ,MARKOLINES PAVEMENT TEC L,Listed    ,14 AUG 2026,              10.00,          22203720,            175.10,     3888315446.40
14 AUG 2026,MARKSANS,EQ,MARKSANS PHARMA LIMITED  ,Listed    ,14 AUG 2026,               1.00,         453288438,            333.00,   150945049854.00  
14 AUG 2026,MARSONS,EQ,MARSONS LIMITED          ,Listed    ,14 AUG 2026,               1.00,         172100000,            104.50,    17987892000.00   
14 AUG 2026,MARUSHIKA,SM,MARUSHIKA TECHNOLOGY LTD ,Listed    ,14 AUG 2026,              10.00,           8536768,            116.40,      993679795.20 
14 AUG 2026,MARUTI,EQ,MARUTI SUZUKI INDIA LTD. ,Listed    ,14 AUG 2026,               5.00,         314402574,          13834.00,  4349445208716.00    
14 AUG 2026,MASFIN,EQ,MAS FINANCIAL SERV LTD   ,Listed    ,14 AUG 2026,              10.00,         181453377,            301.50,    54708193165.50    
14 AUG 2026,MASKINVEST,EQ,MASK INVESTMENTS LIMITED ,Listed    ,14 AUG 2026,              10.00,           3051500,            148.15,      452018695.00
14 AUG 2026,MASON,SM,MASON INFRATECH LIMITED  ,Listed    ,14 AUG 2026,              10.00,          23940000,            124.85,     2988909000.00     
14 AUG 2026,MASTEK,EQ,MASTEK LTD               ,Listed    ,14 AUG 2026,               5.00,          31000782,           1832.20,    56799632780.40    
14 AUG 2026,MASTER,SM,MASTER COMPONENTS LIMITED,Listed    ,14 AUG 2026,              10.00,           4000000,            488.00,     1952000000.00    
14 AUG 2026,MASTERTR,EQ,MASTER TRUST LIMITED     ,Listed    ,14 AUG 2026,               1.00,         123016000,             78.40,     9641994080.00  
14 AUG 2026,MATRIMONY,EQ,MATRIMONY.COM LIMITED    ,Listed    ,14 AUG 2026,               5.00,          20673393,            538.40,    11130554791.20 
14 AUG 2026,MAWANASUG,EQ,MAWANA SUGARS LIMITED    ,Listed    ,14 AUG 2026,              10.00,          39116864,            116.05,     4539120898.55 
14 AUG 2026,MAXESTATES,EQ,MAX ESTATES LIMITED      ,Listed    ,14 AUG 2026,              10.00,         163487626,            441.95,    72253356310.70
14 AUG 2026,MAXHEALTH,EQ,MAX HEALTHCARE INS LTD   ,Listed    ,14 AUG 2026,              10.00,         973243789,           1008.60,   981613685585.40 
14 AUG 2026,MAXIND,EQ,MAX INDIA LIMITED        ,Listed    ,14 AUG 2026,              10.00,          52522862,            151.15,     7937780134.05    
14 AUG 2026,MAXPOSURE,SM,MAXPOSURE LIMITED        ,Listed    ,12 AUG 2026,              10.00,          22740950,             32.95,      749314302.50 
14 AUG 2026,MAXVOLT,ST,MAXVOLT ENERGY INDUS L   ,Listed    ,14 AUG 2026,              10.00,          10903928,            333.50,     3636459988.00   
14 AUG 2026,MAYASHEEL,SM,MAYASHEEL VENTURES LTD   ,Listed    ,13 AUG 2026,              10.00,          22050000,             38.75,      854437500.00 
14 AUG 2026,MAYURUNIQ,EQ,MAYUR UNIQUOTERS LTD     ,Listed    ,14 AUG 2026,               5.00,          43452600,            744.40,    32346115440.00 
14 AUG 2026,MAZDA,BE,MAZDA LIMITED            ,Listed    ,14 AUG 2026,               2.00,          20025000,            235.15,     4709079000.00     
14 AUG 2026,MAZDOCK,EQ,MAZAGON DOCK SHIPBUIL LTD,Listed    ,14 AUG 2026,               5.00,         403380000,           2580.00,  1040720400000.00   
14 AUG 2026,MBAPL,EQ,MADHYA BHARAT AGRO P. LTD,Listed    ,14 AUG 2026,               2.00,         438134700,            168.45,    73808171562.00     
14 AUG 2026,MBEL,EQ,M AND B ENGINEERING LTD  ,Listed    ,14 AUG 2026,              10.00,          57148215,            270.40,    15452877336.00      
14 AUG 2026,MBLINFRA,EQ,MBL INFRASTRUCTURE LTD   ,Listed    ,14 AUG 2026,              10.00,         152529256,             24.60,     3753744990.15  
14 AUG 2026,MCCHRLS-B,EQ,MAC CHARLES (INDIA) LTD. ,Permitted ,14 AUG 2026,              10.00,          13100452,            679.35,     8899792066.20 
14 AUG 2026,MCL,EQ,M TEK COPPER LIMITED     ,Listed    ,14 AUG 2026,               5.00,          27142800,             57.20,     1552568160.00       
14 AUG 2026,MCLEODRUSS,EQ,MCLEOD RUSSEL INDIA LTD. ,Listed    ,14 AUG 2026,               5.00,         104455735,             46.25,     4833166858.45
14 AUG 2026,MCLOUD,EQ,MAGELLANIC CLOUD LIMITED ,Listed    ,14 AUG 2026,               2.00,         589067120,             28.50,    16776631577.60    
14 AUG 2026,MCON,SM,MCON RASAYAN INDIA LTD   ,Listed    ,14 AUG 2026,              10.00,           7335388,             44.00,      322757072.00      
14 AUG 2026,MCX,EQ,MULTI COMMODITY EXCHANGE ,Permitted ,14 AUG 2026,               2.00,         254991845,           2911.50,   742408756717.50       
14 AUG 2026,MDL,ST,MARVEL DECOR LIMITED     ,Listed    ,14 AUG 2026,              10.00,          17740140,             57.85,     1026267099.00       
14 AUG 2026,MEDANTA,EQ,GLOBAL HEALTH LIMITED    ,Listed    ,14 AUG 2026,               2.00,         268867782,           1422.60,   382491306673.20   
14 AUG 2026,MEDIASSIST,EQ,MEDI ASSIST HEALTH SER L ,Listed    ,14 AUG 2026,               5.00,          74701842,            348.70,    26048532305.40
14 AUG 2026,MEDICAMEQ,EQ,MEDICAMEN BIOTECH LIMITED,Listed    ,14 AUG 2026,              10.00,          13562815,            240.45,     3261178866.75 
14 AUG 2026,MEDICO,EQ,MEDICO REMEDIES LIMITED  ,Listed    ,14 AUG 2026,               2.00,          82984000,             45.60,     3782410720.00    
14 AUG 2026,MEDIORG,SM,MEDICAMEN ORGANICS LTD   ,Listed    ,14 AUG 2026,              10.00,          12165910,             24.35,      296239908.50   
14 AUG 2026,MEDISTEP,SM,MEDISTEP HEALTHCARE LTD  ,Listed    ,05 AUG 2026,              10.00,          14209546,             20.00,      284190920.00  
14 AUG 2026,MEDPLUS,EQ,MEDPLUS HEALTH SERV LTD  ,Listed    ,14 AUG 2026,               2.00,         120137061,            668.95,    80365686955.95   
14 AUG 2026,MEESHO,EQ,MEESHO LIMITED           ,Listed    ,14 AUG 2026,               1.00,        4598301651,            191.15,   879011343605.15    
14 AUG 2026,MEGAFLEX,SM,MEGA FLEX PLASTICS LTD   ,Listed    ,13 AUG 2026,              10.00,          12131025,            100.00,     1213102500.00  
14 AUG 2026,MEGASTAR,EQ,MEGASTAR FOODS LIMITED   ,Listed    ,14 AUG 2026,              10.00,          11293700,            315.60,     3564291720.00  
14 AUG 2026,MEGATHERM,SM,MEGATHERM INDUCTION LTD  ,Listed    ,14 AUG 2026,              10.00,          18840729,            194.85,     3671116045.65 
14 AUG 2026,MEIL,EQ,MANGAL ELECTRICAL IND L  ,Listed    ,14 AUG 2026,              10.00,          27630124,            272.50,     7529208790.00      
14 AUG 2026,MENNPIS,EQ,MENON PISTONS LTD.       ,Permitted ,14 AUG 2026,               1.00,          51000000,             73.70,     3759720000.00   
14 AUG 2026,MENONBE,BE,MENON BEARINGS LIMITED   ,Listed    ,14 AUG 2026,               1.00,          56040000,            229.70,    12871267200.00   
14 AUG 2026,MEP,BZ,MEP INFRA. DEVELOPERS LTD,Listed    ,14 AUG 2026,              10.00,         183446051,              0.60,      113736551.60       
14 AUG 2026,MERCANTILE,EQ,MERCANTILE VENTURES LTD. ,Permitted ,14 AUG 2026,              10.00,         111918195,             24.05,     2693870953.65
14 AUG 2026,MERCURYEV,EQ,MERCURY EV-TECH LIMITED  ,Listed    ,14 AUG 2026,               1.00,         189973058,             36.10,     6854227932.65 
14 AUG 2026,METALIC,SM,METALIC TECHNOFORGE LTD  ,Listed    ,14 AUG 2026,              10.00,          23984400,            124.85,     2994452340.00   
14 AUG 2026,METROBRAND,EQ,METRO BRANDS LIMITED     ,Listed    ,14 AUG 2026,               5.00,         272561468,            944.10,   257325281938.80
14 AUG 2026,METROGLOBL,EQ,METROGLOBAL LTD.         ,Permitted ,14 AUG 2026,              10.00,          12334375,            146.10,     1802175531.25
14 AUG 2026,METROPOLIS,EQ,METROPOLIS HEALTHCARE LTD,Listed    ,14 AUG 2026,               2.00,         207327768,            545.50,   113097297444.00
14 AUG 2026,MFML,EQ,MAHALAXMI FABRIC MILLS LT,Listed    ,14 AUG 2026,              10.00,          10620275,             19.35,      205396118.50      
14 AUG 2026,MFSL,EQ,MAX FINANCIAL SERV LTD   ,Listed    ,14 AUG 2026,               2.00,         345114771,           1538.10,   530821029275.10      
14 AUG 2026,MGEL,BE,MANGALAM GLOBAL ENT LTD  ,Listed    ,14 AUG 2026,               1.00,         329555600,             14.45,     4755487308.00      
14 AUG 2026,MGL,EQ,MAHANAGAR GAS LTD.       ,Listed    ,14 AUG 2026,              10.00,          98777778,           1138.70,   112478255808.60       
14 AUG 2026,MGSL,SM,MATRIX GEO SOLUTIONS LTD ,Listed    ,14 AUG 2026,              10.00,          14581832,             77.90,     1135924712.80      
14 AUG 2026,MHHL,SM,MOHINI HEALTH&HYGIENE LTD,Listed    ,13 AUG 2026,              10.00,          18235900,             35.30,      643727270.00      
14 AUG 2026,MHLXMIRU,EQ,MAHALAXMI RUBTECH LIMITED,Listed    ,14 AUG 2026,              10.00,          10620275,            188.75,     2004789311.75  
14 AUG 2026,MHRIL,EQ,MAHINDRA HOLIDAYS LTD    ,Listed    ,14 AUG 2026,              10.00,         202056152,            226.60,    45789965166.25     
14 AUG 2026,MICEL,BE,MIC ELECTRONICS LTD      ,Listed    ,14 AUG 2026,               2.00,         241011560,             36.55,     8808972518.00     
14 AUG 2026,MICROPRO,SM,MICROPRO SOFTWARE SOL L  ,Listed    ,13 AUG 2026,              10.00,          14299400,             18.15,      259534110.00  
14 AUG 2026,MIDHANI,EQ,MISHRA DHATU NIGAM LTD   ,Listed    ,14 AUG 2026,              10.00,         187340000,            416.70,    78064578000.00   
14 AUG 2026,MIDWESTLTD,EQ,MIDWEST LIMITED          ,Listed    ,14 AUG 2026,               5.00,          36160816,           1125.70,    40706230571.20
14 AUG 2026,MIEL,SM,MANGLAM INFRA & ENG LTD  ,Listed    ,14 AUG 2026,              10.00,          17596700,             13.00,      228757100.00      
14 AUG 2026,MILTON,SM,MILTON INDUSTRIES LIMITED,Listed    ,14 AUG 2026,              10.00,          16995000,             38.60,      656007000.00    
14 AUG 2026,MINDACORP,EQ,MINDA CORPORATION LTD    ,Listed    ,14 AUG 2026,               2.00,         239079428,            720.05,   172149142131.40 
14 AUG 2026,MINDPOOL,SM,MINDPOOL TECHNOLOGIES LTD,Listed    ,11 SEP 2025,              10.00,           4237500,             71.10,      301286250.00  
14 AUG 2026,MINDSPACE,RR,MINDSPACE BUSINESS P REIT,Listed    ,14 AUG 2026,             275.00,         661993482,            495.25,   327865511830.15 
14 AUG 2026,MINDTECK,EQ,MINDTECK (INDIA) LIMITED ,Listed    ,14 AUG 2026,              10.00,          31954221,            177.85,     5683058204.85  
14 AUG 2026,MIRZAINT,EQ,MIRZA INTERNATIONAL LIMIT,Listed    ,14 AUG 2026,               2.00,         138201900,             31.75,     4385146287.00  
14 AUG 2026,MITCON,BE,MITCON CON & ENG SER LTD ,Listed    ,14 AUG 2026,              10.00,          17418418,             79.60,     1386331888.60    
14 AUG 2026,MITTAL,EQ,MITTAL LIFE STYLE LIMITED,Listed    ,14 AUG 2026,               1.00,         224016720,              0.90,      203855215.20    
14 AUG 2026,MKPL,EQ,M K PROTEINS LIMITED     ,Listed    ,14 AUG 2026,               1.00,         375372000,              4.15,     1550286360.00      
14 AUG 2026,MMEL,ST,MOVING MEDIA ENTER LTD   ,Listed    ,14 AUG 2026,              10.00,          18806336,             24.70,      464516499.20      
14 AUG 2026,MMFL,EQ,MM FORGINGS LTD          ,Listed    ,14 AUG 2026,              10.00,          48281600,            589.75,    28474073600.00      
14 AUG 2026,MMP,EQ,MMP INDUSTRIES LIMITED   ,Listed    ,14 AUG 2026,              10.00,          25402613,            337.50,     8573381887.50       
14 AUG 2026,MMTC,EQ,MMTC LIMITED             ,Listed    ,14 AUG 2026,               1.00,        1500000000,             64.35,    96525000000.00      
14 AUG 2026,MMWL,EQ,MEDIA MATRIX WORLDWIDE L ,Permitted ,14 AUG 2026,               1.00,        1132742219,             15.85,    17976619015.55      
14 AUG 2026,MOBIKWIK,EQ,ONE MOBIKWIK SYSTEMS LTD ,Listed    ,14 AUG 2026,               2.00,          78730262,            203.20,    15998776541.00  
14 AUG 2026,MOBILISE,ST,MOBILISE APP LAB LIMITED ,Listed    ,14 AUG 2026,              10.00,           9512000,            107.05,     1018259600.00  
14 AUG 2026,MODINATUR,BE,MODI NATURALS LIMITED    ,Listed    ,14 AUG 2026,              10.00,          13306397,            400.65,     5331207958.05 
14 AUG 2026,MODIRUBBER,EQ,MODI RUBBER LTD          ,Listed    ,14 AUG 2026,              10.00,          25040532,            119.35,     2988086683.55
14 AUG 2026,MODIS,EQ,MODIS NAVNIRMAN LTD      ,Listed    ,14 AUG 2026,              10.00,          19591200,            400.05,     7837459560.00     
14 AUG 2026,MODISONLTD,BE,MODISON LIMITED          ,Listed    ,14 AUG 2026,               1.00,          32450000,            339.15,    11005417500.00
14 AUG 2026,MODTHREAD,EQ,MODERN THREADS INDIA LTD ,Listed    ,14 AUG 2026,              10.00,          34775160,             48.30,     1678944724.80 
14 AUG 2026,MOHITIND,EQ,MOHIT INDUSTRIES LTD     ,Listed    ,14 AUG 2026,              10.00,          14157575,             23.80,      337091860.75  
14 AUG 2026,MOIL,EQ,MOIL LIMITED             ,Listed    ,14 AUG 2026,              10.00,         203485211,            274.15,    55785470595.65      
14 AUG 2026,MOKSH,EQ,MOKSH ORNAMENTS LIMITED  ,Listed    ,14 AUG 2026,               2.00,          88248967,             10.55,      929261622.50     
14 AUG 2026,MOL,EQ,MEGHMANI ORGANICS LIMITED,Listed    ,14 AUG 2026,               1.00,         254314211,             63.25,    16080287561.55       
14 AUG 2026,MOLDTECH,BE,MOLD-TEK TECHNOLOGIES LTD,Listed    ,14 AUG 2026,               2.00,          28805118,            185.55,     5344501593.70  
14 AUG 2026,MOLDTKPAC,EQ,MOLD-TEK PACKAGING LTD   ,Listed    ,14 AUG 2026,               5.00,          33120639,            694.40,    22998971721.60 
14 AUG 2026,MONARCH,EQ,MONARCH NETWORTH CAP LTD ,Listed    ,14 AUG 2026,              10.00,          73947387,            390.60,    28883849362.20   
14 AUG 2026,MONEYBOXX,EQ,MONEYBOXX FINANCE LIMITED,Listed    ,14 AUG 2026,              10.00,          69809200,             58.50,     4083140108.00 
14 AUG 2026,MONOLITH,SM,MONOLITHISCH INDIA LTD   ,Listed    ,14 AUG 2026,              10.00,          21736000,            950.25,    20654634000.00  
14 AUG 2026,MONOPHARMA,SM,MONO PHARMACARE LIMITED  ,Listed    ,14 AUG 2026,              10.00,          17668564,              8.20,      144882224.80
14 AUG 2026,MONTECARLO,EQ,MONTE CARLO FASHIONS LTD.,Listed    ,14 AUG 2026,              10.00,          20732064,            508.40,    10540181337.60
14 AUG 2026,MOREPENLAB,EQ,MOREPEN LAB. LTD         ,Listed    ,14 AUG 2026,               2.00,         547953699,             84.20,    46132221918.80
14 AUG 2026,MOS,ST,MOS UTILITY LIMITED      ,Listed    ,14 AUG 2026,               2.00,         257440410,             10.15,     2613020161.50       
14 AUG 2026,MOSCHIP,EQ,MOSCHIP TECHNOLOGIES LTD ,Listed    ,14 AUG 2026,               2.00,         194219080,            208.30,    40457776554.80   
14 AUG 2026,MOTHERSON,EQ,SAMVRDHNA MTHRSN INTL LTD,Listed    ,14 AUG 2026,               1.00,       10554442601,            168.30,  1776312689748.30 
14 AUG 2026,MOTILALOFS,EQ,MOTILAL OSWAL FIN LTD    ,Listed    ,14 AUG 2026,               1.00,         602146704,            903.70,   544159976404.80
14 AUG 2026,MOTISONS,EQ,MOTISONS JEWELLERS LTD   ,Listed    ,14 AUG 2026,               1.00,        1137506600,             16.75,    19053235550.00  
14 AUG 2026,MOTOGENFIN,BE,MOTOR & GENERAL FINANCE L,Listed    ,14 AUG 2026,               5.00,          38727190,             26.05,     1009617843.30
14 AUG 2026,MOXSH,SM,MOXSH OVERSEAS EDUCON LTD,Listed    ,14 AUG 2026,              10.00,           9340800,            109.00,     1018147200.00     
14 AUG 2026,MPEL,ST,MANAS POLYMER N ENERGIE L,Listed    ,14 AUG 2026,              10.00,           7776000,             34.85,      270993600.00      
14 AUG 2026,MPHASIS,EQ,MPHASIS LIMITED          ,Listed    ,14 AUG 2026,              10.00,         190873137,           2545.00,   485772133665.00   
14 AUG 2026,MPSLTD,EQ,MPS LIMITED              ,Listed    ,14 AUG 2026,              10.00,          17105816,           2808.70,    48045105399.20    
14 AUG 2026,MPTODAY,SM,M P TODAY MEDIA LIMITED  ,Listed    ,05 JUN 2026,              10.00,           4568000,             46.00,      210128000.00   
14 AUG 2026,MRF,EQ,MRF LTD                  ,Listed    ,14 AUG 2026,              10.00,           4241143,         133490.00,   566150179070.00       
14 AUG 2026,MRIL,ST,MAHENDRA REALTO & INFRA L,Listed    ,13 AUG 2026,              10.00,          22103900,             65.15,     1440069085.00      
14 AUG 2026,MRPL,EQ,MRPL                     ,Listed    ,14 AUG 2026,              10.00,        1752598777,            170.55,   298888195429.60      
14 AUG 2026,MSPL,EQ,MSP STEEL & POWER LTD.   ,Listed    ,14 AUG 2026,              10.00,         566796645,             33.50,    18976351674.60      
14 AUG 2026,MSTCLTD,EQ,MSTC LIMITED             ,Listed    ,14 AUG 2026,              10.00,          70400000,            623.40,    43887360000.00   
14 AUG 2026,MSUMI,EQ,MOTHERSON SUMI WRNG IND L,Listed    ,14 AUG 2026,               1.00,        6631661898,             40.35,   267587557584.30     
14 AUG 2026,MTARTECH,BE,MTAR TECHNOLOGIES LIMITED,Listed    ,14 AUG 2026,              10.00,          30759591,           7056.00,   217039674096.00  
14 AUG 2026,MTEDUCARE,BE,MT EDUCARE LTD           ,Listed    ,14 AUG 2026,              10.00,          72228054,              1.85,      135066461.00 
14 AUG 2026,MTNL,EQ,MAHANAGAR TELEPHONE NIGAM,Listed    ,14 AUG 2026,              10.00,         630000000,             26.35,    16600500000.00      
14 AUG 2026,MUFIN,EQ,MUFIN GREEN FINANCE LTD  ,Listed    ,14 AUG 2026,               1.00,         198162188,            135.55,    26858902961.50     
14 AUG 2026,MUFTI,EQ,CREDO BRANDS MARKETING L ,Listed    ,14 AUG 2026,               2.00,          65394103,             78.20,     5113818854.60     
14 AUG 2026,MUKANDLTD,EQ,MUKAND LTD.              ,Listed    ,14 AUG 2026,              10.00,         144495563,            134.15,    19382634820.80 
14 AUG 2026,MUKKA,EQ,MUKKA PROTEINS LIMITED   ,Listed    ,14 AUG 2026,               1.00,         300000000,             26.50,     7950000000.00     
14 AUG 2026,MUKTAARTS,BE,MUKTA ARTS LIMITED       ,Listed    ,14 AUG 2026,               5.00,          22585200,             56.50,     1276063800.00 
14 AUG 2026,MUNISH,SM,MUNISH FORGE LIMITED     ,Listed    ,14 AUG 2026,              10.00,          24070263,             85.10,     2048379381.30    
14 AUG 2026,MUNJALAU,EQ,MUNJAL AUTO IND. LTD.    ,Listed    ,14 AUG 2026,               2.00,         100000000,            120.55,    12053000000.00  
14 AUG 2026,MUNJALSHOW,EQ,MUNJAL SHOWA LTD         ,Listed    ,14 AUG 2026,               2.00,          39995000,            138.20,     5527708950.00
14 AUG 2026,MURUDCERA,EQ,MURUDESHWAR CERAMICS LTD ,Listed    ,14 AUG 2026,              10.00,          60545260,             30.50,     1846630430.00 
14 AUG 2026,MUTHOOTCAP,EQ,MUTHOOT CAP SERV LTD     ,Listed    ,14 AUG 2026,              10.00,          16447533,            255.40,     4200864403.55
14 AUG 2026,MUTHOOTFIN,EQ,MUTHOOT FINANCE LIMITED  ,Listed    ,14 AUG 2026,              10.00,         401468476,           2842.00,  1140973408792.00
14 AUG 2026,MUTHOOTMF,EQ,MUTHOOT MICROFIN LIMITED ,Listed    ,14 AUG 2026,              10.00,         170492176,            208.40,    35532274400.15 
14 AUG 2026,MVELECTRO,EQ,MV ELECTROSYSTEMS LIMITED,Listed    ,14 AUG 2026,               5.00,          27282728,            588.65,    16059977837.20 
14 AUG 2026,MVGJL,EQ,MANOJ VAIBHAV GEM N JEW L,Listed    ,14 AUG 2026,              10.00,          48847441,            157.15,     7675886878.75     
14 AUG 2026,MVKAGRO,SM,M.V.K. AGRO FOOD PROD LTD,Listed    ,14 AUG 2026,              10.00,          50503900,            228.95,    11562867905.00   
14 AUG 2026,MWL,EQ,MANGALAM WORLDWIDE LTD   ,Listed    ,14 AUG 2026,               1.00,         297006740,             41.30,    12260438227.20       
14 AUG 2026,MYMUDRA,SM,MY MUDRA FINCORP LIMITED ,Listed    ,13 AUG 2026,              10.00,          11391800,             75.85,      864068030.00   
14 AUG 2026,NACLIND,EQ,NACL INDUSTRIES LIMITED  ,Listed    ,14 AUG 2026,               1.00,         234243330,            166.55,    39010884178.20   
14 AUG 2026,NAGREEKCAP,EQ,NAGREEKA CAP & INFR.LTD  ,Listed    ,14 AUG 2026,               5.00,          12615300,             23.85,      300748752.00
14 AUG 2026,NAGREEKEXP,EQ,NAGREEKA EXPORTS LTD.    ,Listed    ,14 AUG 2026,               5.00,          31249250,             24.30,      759981760.00
14 AUG 2026,NAHARCAP,EQ,NAHAR CAP & FIN.         ,Listed    ,14 AUG 2026,               5.00,          16746167,            256.05,     4288023522.00  
14 AUG 2026,NAHARINDUS,EQ,NAHAR INDS ENT LTD       ,Listed    ,14 AUG 2026,              10.00,          43205581,            122.05,     5272809105.25
14 AUG 2026,NAHARPOLY,EQ,NAHAR POLY FILMS LIMITED ,Listed    ,14 AUG 2026,               5.00,          24587991,            243.30,     5982258210.30 
14 AUG 2026,NAHARSPING,EQ,NAHAR SPINNING MILLS LTD.,Listed    ,14 AUG 2026,               5.00,          36065303,            302.00,    10891721506.00
14 AUG 2026,NAM-INDIA,EQ,NIPPON L I A M LTD       ,Listed    ,14 AUG 2026,              10.00,         638780167,           1167.90,   746031357039.30 
14 AUG 2026,NAMAN,SM,NAMAN INDUSTRE PRXIMA LTD,Listed    ,14 AUG 2026,              10.00,          13065980,             40.95,      535051881.00     
14 AUG 2026,NAMOEWASTE,ST,NAMO EWASTE MANAGEMENT L ,Listed    ,14 AUG 2026,              10.00,          22867515,            274.00,     6265699110.00
14 AUG 2026,NARMADA,EQ,NARMADA AGROBASE LIMITED ,Listed    ,14 AUG 2026,               5.00,          75872798,             15.20,     1152507801.60   
14 AUG 2026,NATCAPSUQ,EQ,NATURAL CAPSULES LIMITED ,Listed    ,14 AUG 2026,              10.00,          10411154,            149.70,     1558757976.90 
14 AUG 2026,NATCOPHARM,EQ,NATCO PHARMA LTD.        ,Listed    ,14 AUG 2026,               2.00,         179109870,            903.15,   161763079090.50
14 AUG 2026,NATHBIOGEN,EQ,NATH BIO-GENES (I) LTD   ,Listed    ,14 AUG 2026,              10.00,          19004000,            155.05,     2946760240.00
14 AUG 2026,NATIONALUM,EQ,NATIONAL ALUMINIUM CO LTD,Listed    ,14 AUG 2026,               5.00,        1836631787,            376.00,   690573551912.00
14 AUG 2026,NATIONSTD,EQ,NATIONAL STAND (INDIA) L ,Permitted ,14 AUG 2026,              10.00,          20000000,            148.45,     2969400000.00 
14 AUG 2026,NAUKRI,EQ,INFO EDGE (I) LTD        ,Listed    ,14 AUG 2026,               2.00,         648420600,           1343.00,   870828865800.00    
14 AUG 2026,NAVA,EQ,NAVA LIMITED             ,Listed    ,14 AUG 2026,               1.00,         283001276,            572.65,   162060680701.40      
14 AUG 2026,NAVINFLUOR,EQ,NAVIN FLUORINE INT. LTD  ,Listed    ,14 AUG 2026,               2.00,          51275419,           8235.00,   422253075465.00
14 AUG 2026,NAVKARCORP,EQ,NAVKAR CORPORATION LTD.  ,Listed    ,14 AUG 2026,              10.00,         150519181,             99.50,    14975153317.70
14 AUG 2026,NAVKARURB,BE,NAVKAR URBANSTRUCTURE LTD,Listed    ,14 AUG 2026,               1.00,        1122090422,              1.00,     1110869517.80 
14 AUG 2026,NAVNETEDUL,EQ,NAVNEET EDUCATION LTD    ,Listed    ,14 AUG 2026,               2.00,         221213181,            134.00,    29644778385.80
14 AUG 2026,NAZARA,EQ,NAZARA TECHNOLOGIES LTD  ,Listed    ,14 AUG 2026,               2.00,         370465024,            355.90,   131848502041.60    
14 AUG 2026,NBCC,EQ,NBCC (INDIA) LIMITED     ,Listed    ,14 AUG 2026,               1.00,        2700000000,             89.15,   240705000000.00      
14 AUG 2026,NBIFIN,EQ,N.B.I. IND. FIN. CO. LTD ,Listed    ,14 AUG 2026,               5.00,           2954850,           2092.50,     6183023625.00    
14 AUG 2026,NCC,EQ,NCC LIMITED              ,Listed    ,14 AUG 2026,               2.00,         627846588,            140.65,    88306622602.20       
14 AUG 2026,NCLIND,EQ,NCL INDUSTRIES LIMITED   ,Listed    ,14 AUG 2026,              10.00,          45232790,            172.55,     7805822570.30    
14 AUG 2026,NDGL,EQ,NAGA DHUNSERI GROUP LTD  ,Listed    ,14 AUG 2026,              10.00,           1000000,           2927.90,     2927900000.00      
14 AUG 2026,NDL,EQ,NANDAN DENIM LIMITED     ,Listed    ,14 AUG 2026,               1.00,        1441471680,              2.30,     3344214297.60       
14 AUG 2026,NDLVENTURE,EQ,NDL VENTURES LIMITED     ,Listed    ,14 AUG 2026,              10.00,          33671621,            127.45,     4291784812.65
14 AUG 2026,NDRAUTO,EQ,NDR AUTO COMPONENTS LTD  ,Listed    ,14 AUG 2026,              10.00,          23785304,            817.00,    19432593368.00   
14 AUG 2026,NDRINVIT,IV,NDR INVIT TRUST          ,Listed    ,14 AUG 2026,             100.00,         458039043,            142.50,    65270563627.50  
14 AUG 2026,NDTV,EQ,NDTV LTD                 ,Listed    ,14 AUG 2026,               4.00,         112824717,             76.55,     8634475592.00      
14 AUG 2026,NEAGI,EQ,NEELAMALAI AGRO INDS. L  ,Permitted ,14 AUG 2026,              10.00,            622062,           3139.00,     1952652618.00     
14 AUG 2026,NECCLTD,BE,NORTH EAST CARRY CORP LTD,Listed    ,14 AUG 2026,              10.00,         104500000,             15.10,     1577950000.00   
14 AUG 2026,NECLIFE,BE,NECTAR LIFESCIENCES LTD. ,Listed    ,14 AUG 2026,               1.00,         194260970,             11.00,     2136870670.00   
14 AUG 2026,NEELAM,SM,NEELAM LINENS & GAR (I) L,Listed    ,14 AUG 2026,              10.00,          20218000,              8.15,      164776700.00    
14 AUG 2026,NELCAST,EQ,NELCAST LIMITED          ,Listed    ,14 AUG 2026,               2.00,          87001200,            117.80,    10247001336.00   
14 AUG 2026,NELCO,EQ,NELCO LTD                ,Listed    ,14 AUG 2026,              10.00,          22818400,           1024.60,    23379732640.00     
14 AUG 2026,NEOCHEM,ST,NEOCHEM BIO SOLUTIONS LTD,Listed    ,14 AUG 2026,              10.00,          17120753,             91.00,     1557988523.00   
14 AUG 2026,NEOGEN,EQ,NEOGEN CHEMICALS LIMITED ,Listed    ,14 AUG 2026,              10.00,          27381674,           2204.90,    60373853002.60    
14 AUG 2026,NEPHROCARE,ST,NEPHRO CARE INDIA LIMITED,Listed    ,14 AUG 2026,              10.00,          16486400,             87.40,     1440911360.00
14 AUG 2026,NEPHROPLUS,EQ,NEPHROCARE HEALTH SERV L ,Listed    ,14 AUG 2026,               2.00,         100340717,            696.70,    69907377533.90
14 AUG 2026,NEPTUNE,SM,NEPTUNE PETROCHEMICALS L ,Listed    ,14 AUG 2026,              10.00,          22653500,            177.30,     4016465550.00   
14 AUG 2026,NESCO,EQ,NESCO LTD.               ,Listed    ,14 AUG 2026,               2.00,          70459960,           1038.00,    73137438480.00     
14 AUG 2026,NESTLEIND,EQ,NESTLE INDIA LIMITED     ,Listed    ,14 AUG 2026,               1.00,        1928314320,           1499.10,  2890735997112.00 
14 AUG 2026,NETWEB,EQ,NETWEB TECH INDIA LTD    ,Listed    ,14 AUG 2026,               2.00,          56940687,           5007.20,   285113407946.40    
14 AUG 2026,NETWORK18,EQ,NETWORK18 MEDIA & INV LTD,Listed    ,14 AUG 2026,               5.00,        1542000018,             29.00,    44733420522.20 
14 AUG 2026,NEUEON,BE,NEUEON CORPORATION LTD   ,Listed    ,14 AUG 2026,               1.00,         565445520,             16.95,     9595610474.40    
14 AUG 2026,NEULANDLAB,EQ,NEULAND LAB LTD.         ,Listed    ,14 AUG 2026,              10.00,          12829889,          23320.00,   299193011480.00
14 AUG 2026,NEWGEN,EQ,NEWGEN SOFTWARE TECH LTD ,Listed    ,14 AUG 2026,              10.00,         142510002,            535.15,    76264227570.30    
14 AUG 2026,NEWJAISA,ST,NEWJAISA TECHNOLOGIES LTD,Listed    ,14 AUG 2026,               5.00,          35774694,             17.70,      633212083.80  
14 AUG 2026,NEXTMEDIA,EQ,NEXT MEDIAWORKS LIMITED  ,Listed    ,14 AUG 2026,              10.00,          66892908,              3.85,      258206624.90 
14 AUG 2026,NFL,EQ,NATIONAL FERT. LTD       ,Listed    ,14 AUG 2026,              10.00,         490578400,             71.80,    35228434904.00       
14 AUG 2026,NFPSAMPOOR,SM,NFP SAMPOORNA FOODS LTD  ,Listed    ,14 AUG 2026,              10.00,          12634128,             23.00,      290584944.00
14 AUG 2026,NGIL,BE,NAKODA GROUP OF IND. LTD ,Listed    ,14 AUG 2026,              10.00,          17538052,             42.25,      741158077.50      
14 AUG 2026,NGLFINE,EQ,NGL FINE CHEM LIMITED    ,Listed    ,14 AUG 2026,               5.00,           6178024,           3454.00,    21338894896.00   
14 AUG 2026,NH,EQ,NARAYANA HRUDAYALAYA LTD.,Listed    ,14 AUG 2026,              10.00,         204360804,           1832.60,   374511609410.40        
14 AUG 2026,NHIT,IV,NATIONAL HIGHW INFRA TRUS,Listed    ,14 AUG 2026,             100.00,        2138550600,            168.00,   359276500800.00      
14 AUG 2026,NHPC,EQ,NHPC LTD                 ,Listed    ,14 AUG 2026,              10.00,       10045034805,             76.90,   772463176504.50      
14 AUG 2026,NIACL,EQ,THE NEW INDIA ASSU CO LTD,Listed    ,14 AUG 2026,               5.00,        1648000000,            179.10,   295123840000.00     
14 AUG 2026,NIBE,EQ,NIBE LIMITED             ,Listed    ,14 AUG 2026,              10.00,          14941273,           1490.10,    22263990897.30      
14 AUG 2026,NIBL,EQ,NRB INDUS. BEARINGS LTD. ,Listed    ,14 AUG 2026,               2.00,          24230650,             33.30,      806638338.50      
14 AUG 2026,NIDAN,SM,NIDAN LABS AND HEALTH LTD,Listed    ,14 AUG 2026,              10.00,          13900000,             13.30,      184870000.00     
14 AUG 2026,NIITLTD,EQ,NIIT LIMITED             ,Listed    ,14 AUG 2026,               2.00,         136653763,             95.55,    13057267054.65   
14 AUG 2026,NIITMTS,EQ,NIIT LEARNING SYSTEMS LTD,Listed    ,14 AUG 2026,               2.00,         137671443,            240.95,    33173310905.30   
14 AUG 2026,NIKITA,SM,NIKITA GRENTEC RECYCL LTD,Listed    ,14 AUG 2026,              10.00,          24667900,             72.80,     1795823120.00    
14 AUG 2026,NILAINFRA,EQ,NILA INFRASTRUCTURES LTD ,Listed    ,14 AUG 2026,               1.00,         393889200,              7.15,     2812368888.00 
14 AUG 2026,NILASPACES,EQ,NILA SPACES LIMITED      ,Listed    ,14 AUG 2026,               1.00,         393889200,             12.30,     4848776052.00
14 AUG 2026,NILE,EQ,NILE LTD.                ,Permitted ,14 AUG 2026,              10.00,           3001900,           1487.30,     4464725870.00      
14 AUG 2026,NILKAMAL,EQ,NILKAMAL LIMITED         ,Listed    ,14 AUG 2026,              10.00,          14922525,           1860.00,    27755896500.00  
14 AUG 2026,NIMBSPROJ,EQ,NIMBUS PROJECTS LIMITED  ,Listed    ,14 AUG 2026,              10.00,          19318735,            180.00,     3477372300.00 
14 AUG 2026,NINSYS,EQ,NINTEC SYSTEMS LIMITED   ,Listed    ,14 AUG 2026,              10.00,          18576000,            738.95,    13726735200.00    
14 AUG 2026,NIPPOBATRY,EQ,INDO-NATIONAL LIMITED    ,Listed    ,14 AUG 2026,               5.00,           7500000,            330.15,     2476125000.00
14 AUG 2026,NIRAJ,BE,NIRAJ CEMENT STRUC LTD   ,Listed    ,14 AUG 2026,              10.00,          59694340,             28.20,     1683380388.00     
14 AUG 2026,NIRAJISPAT,EQ,NIRAJ ISPAT IND LTD      ,Listed    ,13 AUG 2026,              10.00,            600000,            211.00,      126600000.00
14 AUG 2026,NIRLON,EQ,NIRLON LTD               ,Permitted ,14 AUG 2026,              10.00,          90118040,            626.60,    56467963864.00    
14 AUG 2026,NIRMAN,SM,NIRMAN AGRI GENTICS LTD  ,Listed    ,14 AUG 2026,              10.00,           8009676,             30.60,      245096085.60    
14 AUG 2026,NITCO,EQ,NITCO LIMITED            ,Listed    ,14 AUG 2026,              10.00,         240516105,             93.25,    22430531952.30     
14 AUG 2026,NITINSPIN,EQ,NITIN SPINNERS LIMITED   ,Listed    ,14 AUG 2026,              10.00,          56220000,            552.95,    31086849000.00 
14 AUG 2026,NITIRAJ,EQ,NITIRAJ ENGINEERS LTD    ,Listed    ,14 AUG 2026,              10.00,          10251000,            205.90,     2110578390.00   
14 AUG 2026,NITTAGELA,EQ,NITTA GELATIN INDIA LTD. ,Permitted ,14 AUG 2026,              10.00,           9079160,           1607.40,    14593841784.00 
14 AUG 2026,NIVABUPA,EQ,NIVA BUPA HEALTH INS CO L,Listed    ,14 AUG 2026,              10.00,        1847757271,             82.70,   152846481457.10  
14 AUG 2026,NKIND,EQ,NK INDUSTRIES LTD        ,Listed    ,13 AUG 2026,              10.00,           6009900,             60.80,      365281722.00     
14 AUG 2026,NLCINDIA,EQ,NLC INDIA LIMITED        ,Listed    ,14 AUG 2026,              10.00,        1386636609,            275.40,   381879722118.60  
14 AUG 2026,NMDC,EQ,NMDC LTD.                ,Listed    ,14 AUG 2026,               1.00,        8791817550,             84.40,   742029401220.00      
14 AUG 2026,NMSTEEL,SM,NEWMALAYALAM STEEL LTD   ,Listed    ,14 AUG 2026,              10.00,          17287600,             23.55,      407122980.00   
14 AUG 2026,NOCIL,EQ,NOCIL LIMITED            ,Listed    ,14 AUG 2026,              10.00,         167024930,            161.40,    26961164200.60     
14 AUG 2026,NOIDATOLL,BE,NOIDA TOLL BRIDGE CO LTD ,Listed    ,14 AUG 2026,              10.00,         186195002,              4.05,      750365858.05 
14 AUG 2026,NORBTEAEXP,EQ,NORBEN TEA & EXPORTS LTD ,Listed    ,14 AUG 2026,              10.00,          15544100,             63.00,      979589182.00
14 AUG 2026,NORTHARC,EQ,NORTHERN ARC CAPITAL LTD ,Listed    ,14 AUG 2026,              10.00,         161612375,            281.35,    45469641706.25  
14 AUG 2026,NOVAAGRI,BE,NOVA AGRITECH LIMITED    ,Listed    ,14 AUG 2026,               2.00,          92519813,             24.50,     2266735418.50  
14 AUG 2026,NOVARTIND,EQ,NOVARTIS INDIA LIMITED   ,Permitted ,14 AUG 2026,               5.00,          24690797,           1582.50,    39073186252.50 
14 AUG 2026,NPST,EQ,NETWORK PEOPLE SRV TECH L,Listed    ,14 AUG 2026,              10.00,          20850650,           1586.20,    33073301030.00      
14 AUG 2026,NRAIL,EQ,N R AGARWAL INDS LTD     ,Listed    ,14 AUG 2026,              10.00,          17019100,            523.95,     8917157445.00     
14 AUG 2026,NRBBEARING,EQ,NRB BEARING LIMITED      ,Listed    ,14 AUG 2026,               2.00,          96922600,            458.90,    44477781140.00
14 AUG 2026,NRL,BE,NUPUR RECYCLERS LIMITED  ,Listed    ,14 AUG 2026,              10.00,          69068995,            117.00,     8081072415.00       
14 AUG 2026,NRVANDANA,ST,N R VANDANA TEX IND LTD  ,Listed    ,14 AUG 2026,              10.00,          23294809,             69.00,     1607341821.00 
14 AUG 2026,NSIL,EQ,NALWA SONS INVESTMENT LTD,Listed    ,14 AUG 2026,              10.00,           5136163,           5496.00,    28228351848.00      
14 AUG 2026,NSLNISP,EQ,NMDC STEEL LIMITED       ,Listed    ,14 AUG 2026,              10.00,        2930605850,             44.50,   130411960325.00   
14 AUG 2026,NTPC,EQ,NTPC LTD                 ,Listed    ,14 AUG 2026,              10.00,        9696666134,            340.00,  3296866485560.00      
14 AUG 2026,NTPCGREEN,EQ,NTPC GREEN ENERGY LIMITED,Listed    ,14 AUG 2026,              10.00,        8426329669,             91.95,   774632486471.15 
14 AUG 2026,NUCLEUS,EQ,NUCLEUS SOFTWARE EXPORTS ,Listed    ,14 AUG 2026,              10.00,          26325306,            703.90,    18530382893.40   
14 AUG 2026,NURECA,BE,NURECA LIMITED           ,Listed    ,14 AUG 2026,              10.00,           9541920,            346.30,     3304366896.00    
14 AUG 2026,NUVAMA,EQ,NUVAMA WEALTH MANAGE LTD ,Listed    ,14 AUG 2026,               2.00,         182485118,           1670.10,   304768395571.80    
14 AUG 2026,NUVOCO,EQ,NUVOCO VISTAS CORP LTD   ,Listed    ,14 AUG 2026,              10.00,         357156153,            331.55,   118415122527.15    
14 AUG 2026,NXST,RR,NEXUS SELECT TRUST       ,Listed    ,14 AUG 2026,             100.00,        1515000000,            168.00,   254550300000.00      
14 AUG 2026,NXT-INFRA,IV,NXT-INFRA TRUST          ,Listed    ,23 JUL 2026,             100.00,         285000000,             95.50,    27217500000.00 
14 AUG 2026,NYKAA,EQ,FSN E COMMERCE VENTURES  ,Listed    ,14 AUG 2026,               1.00,        2863824106,            331.00,   947925779086.00     
14 AUG 2026,OAL,EQ,ORIENTAL AROMATICS LTD   ,Listed    ,14 AUG 2026,               5.00,          33653576,            348.10,    11714809805.60       
14 AUG 2026,OBCL,EQ,OBCL LIMITED             ,Listed    ,14 AUG 2026,              10.00,          21082790,             54.45,     1147536259.70      
14 AUG 2026,OBEROIRLTY,EQ,OBEROI REALTY LIMITED    ,Listed    ,14 AUG 2026,              10.00,         363602237,           1846.00,   671209729502.00
14 AUG 2026,OBSCP,SM,OBSC PERFECTION LIMITED  ,Listed    ,14 AUG 2026,              10.00,          25845600,            852.00,    22020451200.00     
14 AUG 2026,OCCLLTD,BE,OCCL LIMITED             ,Listed    ,14 AUG 2026,               2.00,          49950460,            152.20,     7602959516.60   
14 AUG 2026,ODIGMA,EQ,ODIGMA CONSULTANCY SOL L ,Listed    ,14 AUG 2026,               1.00,          31258450,             22.60,      706128385.50    
14 AUG 2026,OFSS,EQ,ORACLE FIN SERV SOFT LTD.,Listed    ,14 AUG 2026,               5.00,          87064329,          11828.00,  1029796883412.00      
14 AUG 2026,OIL,EQ,OIL INDIA LTD            ,Listed    ,14 AUG 2026,              10.00,        1626607791,            468.50,   762065750083.50       
14 AUG 2026,OILCOUNTUB,BE,OIL COUNTRY TUBULAR LTD. ,Listed    ,14 AUG 2026,              10.00,          51989530,             59.10,     3072581223.00
14 AUG 2026,OLAELEC,EQ,OLA ELECTRIC MOBILITY LTD,Listed    ,14 AUG 2026,              10.00,        4628408313,             38.75,   179258253962.50   
14 AUG 2026,OLECTRA,EQ,OLECTRA GREENTECH LIMITED,Listed    ,14 AUG 2026,               4.00,          82080737,           1316.90,   108092122555.30   
14 AUG 2026,OLIL,SM,ONECLICK LOGISTICS IND L ,Listed    ,14 AUG 2026,              10.00,           6711723,            422.40,     2835031795.20      
14 AUG 2026,OMAXAUTO,EQ,OMAX AUTOS LTD           ,Listed    ,14 AUG 2026,              10.00,          21371213,            204.95,     4380243816.50  
14 AUG 2026,OMAXE,EQ,OMAXE LIMITED            ,Listed    ,14 AUG 2026,              10.00,         182900540,             99.15,    18132759535.60     
14 AUG 2026,OMFREIGHT,BE,OM FREIGHT FORWARDERS LTD,Listed    ,14 AUG 2026,              10.00,          33675442,             97.10,     3269885418.20 
14 AUG 2026,OMFURN,SM,OMFURN INDIA LIMITED     ,Listed    ,13 AUG 2026,              10.00,          11774400,             57.00,      671140800.00    
14 AUG 2026,OMINFRAL,EQ,OM INFRA LIMITED         ,Listed    ,14 AUG 2026,               1.00,          96303809,             85.05,     8189675917.35  
14 AUG 2026,OMNI,EQ,OMNITECH ENGINEERING LTD ,Listed    ,14 AUG 2026,               5.00,         123666020,            579.00,    71602625580.00      
14 AUG 2026,OMPOWER,EQ,OM POWER TRANSMISSION LTD,Listed    ,14 AUG 2026,              10.00,          34245000,            169.95,     5819937750.00   
14 AUG 2026,ONDOOR,SM,ON DOOR CONCEPTS LIMITED ,Listed    ,14 AUG 2026,              10.00,           7000512,            244.85,     1714075363.20    
14 AUG 2026,ONELIFECAP,BE,ONELIFE CAP ADVISORS LTD ,Listed    ,14 AUG 2026,              10.00,          37360000,             33.75,     1260152800.00
14 AUG 2026,ONEPOINT,EQ,ONE POINT ONE SOL LTD    ,Listed    ,14 AUG 2026,               2.00,         262936776,             58.40,    15350248982.90  
14 AUG 2026,ONESOURCE,EQ,ONESOURCE SPECL PHARMA L ,Listed    ,14 AUG 2026,               1.00,         114645801,           1559.20,   178755732919.20 
14 AUG 2026,ONGC,EQ,OIL AND NATURAL GAS CORP.,Listed    ,14 AUG 2026,               5.00,       12580279206,            236.40,  2973978004298.40      
14 AUG 2026,ONIDA,EQ,ONIDA ELECTRONICS LIMITED,Listed    ,14 AUG 2026,               1.00,         369392364,             35.80,    13220552707.55     
14 AUG 2026,ONMOBILE,BE,ONMOBILE GLOBAL LTD.     ,Listed    ,14 AUG 2026,              10.00,         106321351,             63.05,     6701434753.55  
14 AUG 2026,ONWARDTEC,EQ,ONWARD TECHNOLOGIES LTD  ,Listed    ,14 AUG 2026,              10.00,          22211890,            284.05,     6309287354.50 
14 AUG 2026,ONYX,ST,ONYX BIOTEC LIMITED      ,Listed    ,14 AUG 2026,              10.00,          18132200,             44.00,      797816800.00      
14 AUG 2026,OPTIEMUS,EQ,OPTIEMUS INFRACOM LTD    ,Listed    ,14 AUG 2026,              10.00,          88688783,            561.10,    49763276141.30  
14 AUG 2026,OPTIMYSTIX,ST,OPTIMYSTIX ENT INDIA LTD ,Listed    ,14 AUG 2026,              10.00,          23268900,            189.00,     4397822100.00
14 AUG 2026,OPTIVALUE,ST,OPTIVALUE TEK CONSULT LTD,Listed    ,14 AUG 2026,              10.00,          23411400,            176.45,     4130941530.00 
14 AUG 2026,ORBTEXP,BE,ORBIT EXPORTS LIMITED    ,Listed    ,14 AUG 2026,              10.00,          26511152,            235.95,     6254776091.35   
14 AUG 2026,ORCHASP,EQ,ORCHASP LIMITED          ,Listed    ,14 AUG 2026,               2.00,         346425366,              1.45,      505781034.35   
14 AUG 2026,ORCHPHARMA,EQ,ORCHID PHARMA LIMITED    ,Listed    ,14 AUG 2026,              10.00,          50719105,           1045.65,    53034432143.25
14 AUG 2026,ORIANA,SM,ORIANA POWER LIMITED     ,Listed    ,14 AUG 2026,              10.00,          20319150,           1297.85,    26371208827.50    
14 AUG 2026,ORICONENT,EQ,ORICON ENTERPRISES LTD   ,Listed    ,14 AUG 2026,               2.00,         157047715,             53.10,     8342374620.80 
14 AUG 2026,ORIENTALTL,EQ,ORIENTAL TRIMEX LTD      ,Listed    ,14 AUG 2026,              10.00,          73507265,              5.15,      377092269.45
14 AUG 2026,ORIENTBELL,EQ,ORIENT BELL LIMITED      ,Listed    ,14 AUG 2026,              10.00,          14710476,            350.75,     5159699457.00
14 AUG 2026,ORIENTCEM,EQ,ORIENT CEMENT LTD.       ,Listed    ,14 AUG 2026,               1.00,         205459873,            132.55,    27233706166.15 
14 AUG 2026,ORIENTCER,EQ,ORIENT CERATECH LIMITED  ,Listed    ,14 AUG 2026,               1.00,         119639200,             43.40,     5189948496.00 
14 AUG 2026,ORIENTELEC,EQ,ORIENT ELECTRIC LIMITED  ,Listed    ,14 AUG 2026,               1.00,         213365899,            187.30,    39965566541.70
14 AUG 2026,ORIENTHOT,EQ,ORIENT HOTELS LTD        ,Listed    ,14 AUG 2026,               1.00,         178599180,            124.20,    22182018156.00 
14 AUG 2026,ORIENTLTD,BE,ORIENT PRESS LIMITED     ,Listed    ,14 AUG 2026,              10.00,          10000000,             74.10,      741100000.00 
14 AUG 2026,ORIENTPPR,EQ,ORIENT PAPER AND INDS LTD,Listed    ,14 AUG 2026,               1.00,         212185822,             16.90,     3581696675.35 
14 AUG 2026,ORIENTTECH,EQ,ORIENT TECHNOLOGIES LTD  ,Listed    ,14 AUG 2026,              10.00,          45805916,            258.55,    11843119581.80
14 AUG 2026,ORISSAMINE,EQ,ORISSA MIN DEV CO LTD    ,Listed    ,14 AUG 2026,               1.00,           6000000,           4883.10,    29298600000.00
14 AUG 2026,ORKLAINDIA,EQ,ORKLA INDIA LIMITED      ,Listed    ,14 AUG 2026,               1.00,         136989230,            549.75,    75309829192.50
14 AUG 2026,ORTINGLOBE,EQ,ORTIN GLOBAL LIMITED     ,Listed    ,14 AUG 2026,              10.00,           8131392,             15.80,      128475993.60
14 AUG 2026,OSEINTRUST,IV,ORIENTAL INFRATRUST      ,Listed    ,Not Traded ,             100.00,         583483081,             81.80,    47740585687.40
14 AUG 2026,OSELDEVICE,SM,OSEL DEVICES LIMITED     ,Listed    ,14 AUG 2026,              10.00,          17794600,            394.10,     7012851860.00
14 AUG 2026,OSIAHYPER,BE,OSIA HYPER RETAIL LIMITED,Listed    ,14 AUG 2026,               1.00,         176958900,              2.45,      435318894.00 
14 AUG 2026,OSWALAGRO,EQ,OSWAL AGRO MILLS LTD     ,Listed    ,14 AUG 2026,              10.00,         134234776,             37.80,     5071389837.30 
14 AUG 2026,OSWALGREEN,EQ,OSWAL GREENTECH LIMITED  ,Listed    ,14 AUG 2026,              10.00,         256809159,             21.00,     5390424247.40
14 AUG 2026,OSWALPUMPS,EQ,OSWAL PUMPS LIMITED      ,Listed    ,14 AUG 2026,               1.00,         114004897,            300.50,    34258471548.50
14 AUG 2026,OSWALSEEDS,EQ,SHREEOSWAL S AND CHE LTD ,Listed    ,14 AUG 2026,               2.00,          91470000,             12.15,     1111360500.00
14 AUG 2026,OWAIS,ST,OWAIS METAL & MINERAL    ,Listed    ,14 AUG 2026,              10.00,          18182398,             78.85,     1433682082.30     
14 AUG 2026,PACEDIGITK,EQ,PACE DIGITEK LIMITED     ,Listed    ,14 AUG 2026,               2.00,         215851327,            180.90,    39051822080.85
14 AUG 2026,PAGEIND,EQ,PAGE INDUSTRIES LTD      ,Listed    ,14 AUG 2026,              10.00,          11153874,          36750.00,   409904869500.00   
14 AUG 2026,PAISALO,EQ,PAISALO DIGITAL LIMITED  ,Listed    ,14 AUG 2026,               1.00,         909521874,             68.65,    62456867087.60   
14 AUG 2026,PAKKA,EQ,PAKKA LIMITED            ,Listed    ,14 AUG 2026,              10.00,          44948100,             74.40,     3344138640.00     
14 AUG 2026,PALASHSECU,EQ,PALASH SECURITIES LTD    ,Listed    ,14 AUG 2026,              10.00,          10003102,             90.80,      908281661.60
14 AUG 2026,PALREDTEC,BE,PALRED TECHNOLOGIES LTD  ,Listed    ,14 AUG 2026,              10.00,          12232566,             51.80,      633646918.80 
14 AUG 2026,PANACEABIO,EQ,PANACEA BIOTEC LTD       ,Listed    ,14 AUG 2026,               1.00,          61250746,            396.45,    24282858251.70
14 AUG 2026,PANACHE,BE,PANACHE DIGILIFE LIMITED ,Listed    ,14 AUG 2026,              10.00,          16014000,            524.75,     8403346500.00   
14 AUG 2026,PANAMAPET,EQ,PANAMA PETROCHEM LTD     ,Listed    ,14 AUG 2026,               2.00,          60493598,            482.60,    29194210394.80 
14 AUG 2026,PANSARI,EQ,PANSARI DEVELOPERS LTD   ,Listed    ,14 AUG 2026,              10.00,          17446800,            311.70,     5438167560.00   
14 AUG 2026,PAR,EQ,PAR DRUGS AND CHEM LTD   ,Listed    ,14 AUG 2026,              10.00,          12304636,            102.25,     1258149031.00       
14 AUG 2026,PARACABLES,EQ,PARAMOUNT COMM LTD       ,Listed    ,14 AUG 2026,               2.00,         305209814,             65.25,    19921044559.80
14 AUG 2026,PARADEEP,EQ,PARADEEP PHOSPHATES LTD  ,Listed    ,14 AUG 2026,              10.00,        1038170594,            147.85,   153493522322.90  
14 AUG 2026,PARAGMILK,EQ,PARAG MILK FOODS LTD.    ,Listed    ,14 AUG 2026,              10.00,         125609554,            210.80,    26478493983.20 
14 AUG 2026,PARAGON,SM,PARAGON FINE S.C. LTD.   ,Listed    ,14 AUG 2026,              10.00,          19566000,             48.55,      949929300.00   
14 AUG 2026,PARAMATRIX,SM,PARAMATRIX TECHNOLOGIES L,Listed    ,13 AUG 2026,              10.00,          11048000,             56.00,      618688000.00
14 AUG 2026,PARAMOUNT,SM,PARAMOUNT DYE TEC LIMITED,Listed    ,14 AUG 2026,              10.00,           6942651,             35.30,      245075580.30 
14 AUG 2026,PARAMPARA,SM,PARAMPARA DAIRY DLGHT LTD,Listed    ,28 JUL 2026,              10.00,          10500000,             11.15,      117075000.00 
14 AUG 2026,PARAS,EQ,PARAS DEF AND SPCE TECH L,Listed    ,14 AUG 2026,               5.00,          80587330,           1377.50,   111009047075.00     
14 AUG 2026,PARASPETRO,EQ,PARAS PETROFILS LTD.     ,Listed    ,14 AUG 2026,               1.00,         334221000,              2.35,      788761560.00
14 AUG 2026,PARIN,SM,PARIN ENTERPRISES LIMITED,Listed    ,13 AUG 2026,              10.00,          11118000,            728.00,     8093904000.00     
14 AUG 2026,PARKHOSPS,EQ,PARK MEDI WORLD LIMITED  ,Listed    ,14 AUG 2026,               2.00,         431930864,            281.35,   121523748586.40 
14 AUG 2026,PARKHOTELS,EQ,PARKHOTELS               ,Listed    ,14 AUG 2026,               1.00,         213374246,            117.70,    25114148754.20
14 AUG 2026,PARSVNATH,BE,PARSVNATH DEVELOPER LTD  ,Listed    ,14 AUG 2026,               5.00,         435181170,              1.50,      652771755.00 
14 AUG 2026,PARTH,SM,PARTH ELEC & ENG LTD     ,Listed    ,14 AUG 2026,              10.00,          13667955,            473.05,     6465626112.75     
14 AUG 2026,PARTYCRUS,SM,PARTY CRUISERS LIMITED   ,Listed    ,14 AUG 2026,              10.00,          11985113,             83.00,      994764379.00 
14 AUG 2026,PASHUPATI,EQ,PASHUPATI COTSPIN LIMITED,Listed    ,14 AUG 2026,               1.00,         157840000,             84.65,    13361156000.00 
14 AUG 2026,PASUPTAC,BE,PASUPATI ACRYLON LIMITED ,Listed    ,14 AUG 2026,              10.00,          89133121,             58.95,     5256180145.35  
14 AUG 2026,PATANJALI,EQ,PATANJALI FOODS LIMITED  ,Listed    ,14 AUG 2026,               2.00,        1088108595,            352.00,   383014225440.00 
14 AUG 2026,PATELENG,EQ,PATEL ENGINEERING LTD.   ,Listed    ,14 AUG 2026,               1.00,         992141937,             28.45,    28226438107.65  
14 AUG 2026,PATELRMART,EQ,PATEL RETAIL LIMITED     ,Listed    ,14 AUG 2026,              10.00,          33400528,            219.60,     7335423959.35
14 AUG 2026,PATILAUTOM,ST,PATIL AUTOMATION LIMITED ,Listed    ,14 AUG 2026,              10.00,          21820800,            214.20,     4674015360.00
14 AUG 2026,PATINTLOG,BE,PATEL INT. LOG. LTD      ,Listed    ,14 AUG 2026,              10.00,          69585746,             13.90,      967937726.85 
14 AUG 2026,PATTECH,SM,PATTECH FITWELL TUB COM L,Listed    ,Not Traded ,              10.00,           9397187,            114.85,     1079266926.95   
14 AUG 2026,PAUSHAKLTD,EQ,PAUSHAK LIMITED          ,Listed    ,14 AUG 2026,               5.00,          24656912,            740.80,    18265840409.60
14 AUG 2026,PAVNAIND,EQ,PAVNA INDUSTRIES LIMITED ,Listed    ,14 AUG 2026,               1.00,         139530000,             17.95,     2503168200.00  
14 AUG 2026,PAYTM,EQ,ONE 97 COMMUNICATIONS LTD,Listed    ,14 AUG 2026,               1.00,         640337006,           1603.00,  1026460220618.00     
14 AUG 2026,PCBL,EQ,PCBL CHEMICAL LIMITED    ,Listed    ,14 AUG 2026,               1.00,         393462604,            309.80,   121894714719.20      
14 AUG 2026,PCCL,SM,PETRO CARBON AND CHEMI L ,Listed    ,14 AUG 2026,              10.00,          24700000,            305.50,     7545850000.00      
14 AUG 2026,PCJEWELLER,EQ,PC JEWELLER LTD          ,Listed    ,14 AUG 2026,               1.00,        8368587325,              9.65,    80673181813.00
14 AUG 2026,PDMJEPAPER,EQ,PUDUMJEE PAPER PRO. LTD  ,Listed    ,14 AUG 2026,               1.00,          94950000,             88.10,     8363196000.00
14 AUG 2026,PDSL,EQ,PDS LIMITED              ,Listed    ,14 AUG 2026,               2.00,         141442133,            369.85,    52312372890.05      
14 AUG 2026,PEARLPOLY,EQ,PEARL POLYMERS LTD       ,Listed    ,14 AUG 2026,              10.00,          16834932,             16.75,      282321809.65 
14 AUG 2026,PELATRO,SM,PELATRO LIMITED          ,Listed    ,14 AUG 2026,              10.00,          10597399,            297.50,     3152726202.50   
14 AUG 2026,PENIND,EQ,PENNAR INDUSTRIES LTD    ,Listed    ,14 AUG 2026,               5.00,         134946231,            152.45,    20569853991.35    
14 AUG 2026,PENINLAND,BE,PENINSULA LAND LIMITED   ,Listed    ,14 AUG 2026,               2.00,         331728220,             15.50,     5141787410.00 
14 AUG 2026,PENTAGON,SM,PENTAGON RUBBER LIMITED  ,Listed    ,13 AUG 2026,              10.00,           7710000,             52.90,      407859000.00  
14 AUG 2026,PERFECT,SZ,PERFECT INFRAENGINEER LTD,Listed    ,12 AUG 2026,              10.00,          17495778,              2.35,       41115078.30   
14 AUG 2026,PERSISTENT,EQ,PERSISTENT SYSTEMS LTD   ,Listed    ,14 AUG 2026,               5.00,         157750000,           5580.00,   880245000000.00
14 AUG 2026,PETRONET,EQ,PETRONET LNG LIMITED     ,Listed    ,14 AUG 2026,              10.00,        1500000088,            282.60,   423900024868.80  
14 AUG 2026,PFC,EQ,POWER FIN CORP LTD.      ,Listed    ,14 AUG 2026,              10.00,        3300101760,            376.00,  1240838261760.00       
14 AUG 2026,PFIZER,EQ,PFIZER LTD               ,Listed    ,14 AUG 2026,              10.00,          45747732,           4874.80,   223011043953.60    
14 AUG 2026,PFOCUS,EQ,PRIME FOCUS LIMITED      ,Listed    ,14 AUG 2026,               1.00,         775990547,            269.60,   209207051471.20    
14 AUG 2026,PFS,EQ,PTC INDIA FIN SERV LTD   ,Listed    ,14 AUG 2026,              10.00,         642283335,             28.35,    18208732547.25       
14 AUG 2026,PGEL,EQ,PG ELECTROPLAST LTD      ,Listed    ,14 AUG 2026,               1.00,         285342658,            601.00,   171490937458.00      
14 AUG 2026,PGHH,EQ,P&G HYGIENE & HEALTH CARE,Listed    ,14 AUG 2026,              10.00,          32460736,           8426.50,   273530391904.00      
14 AUG 2026,PGHL,EQ,PROCTER & GAMBLE HEALTH L,Listed    ,14 AUG 2026,              10.00,          16599382,           5932.00,    98467534024.00      
14 AUG 2026,PGIL,EQ,PEARL GLOBAL IND LIMITED ,Listed    ,14 AUG 2026,               5.00,          46179567,           2474.60,   114275956498.20      
14 AUG 2026,PGINVIT,IV,POWERGRID INFRA. INVITS  ,Listed    ,14 AUG 2026,             100.00,         909999200,            100.15,    91127319888.00   
14 AUG 2026,PHANTOMFX,SM,PHANTOM DIGITAL EFF LTD  ,Listed    ,14 AUG 2026,              10.00,          15922800,            142.40,     2267406720.00 
14 AUG 2026,PHOENIXLTD,EQ,THE PHOENIX MILLS LTD    ,Listed    ,14 AUG 2026,               2.00,         357639425,           1890.00,   675938513250.00
14 AUG 2026,PHOGLOBAL,SM,PHOENIX OVERSEAS LIMITED ,Listed    ,14 AUG 2026,              10.00,          19346018,             15.80,      305667084.40 
14 AUG 2026,PICCADIL,EQ,PICCADILY AGRO INDUSTRI L,Listed    ,14 AUG 2026,              10.00,          98572144,            641.90,    63273459233.60  
14 AUG 2026,PIDILITIND,EQ,PIDILITE INDUSTRIES LTD  ,Listed    ,14 AUG 2026,               1.00,        1017775348,           1693.00,  1723093664164.00
14 AUG 2026,PIGL,EQ,POWER INSTRUMENT (G) LTD ,Listed    ,14 AUG 2026,              10.00,          20978900,            106.35,     2231315804.00      
14 AUG 2026,PIIND,EQ,PI INDUSTRIES LTD        ,Listed    ,14 AUG 2026,               1.00,         151718118,           2490.10,   377793285631.80     
14 AUG 2026,PILANIINVS,EQ,PILANI INV & IND COR LTD ,Listed    ,14 AUG 2026,              10.00,          11072250,           4547.00,    50345520750.00
14 AUG 2026,PILITA,EQ,PIL ITALICA LIFESTYLE LTD,Listed    ,14 AUG 2026,               1.00,         235000000,              8.50,     1992800000.00    
14 AUG 2026,PINELABS,EQ,PINE LABS LIMITED        ,Listed    ,14 AUG 2026,               1.00,        1148276377,            164.85,   189304843512.20  
14 AUG 2026,PIONEEREMB,EQ,PIONEER EMBROIDERIES LTD ,Listed    ,14 AUG 2026,              10.00,          30807192,             23.55,      726125515.45
14 AUG 2026,PIONRINV,BE,PIONEER INVESTCORP LTD.  ,Permitted ,14 AUG 2026,              10.00,          12296908,             81.20,      998508929.60  
14 AUG 2026,PIRAMALFIN,EQ,PIRAMAL FINANCE LIMITED  ,Listed    ,14 AUG 2026,               2.00,         226677700,           2057.70,   466434703290.00
14 AUG 2026,PITTIENG,EQ,PITTI ENGINEERING LIMITED,Listed    ,14 AUG 2026,               5.00,          37653588,           1059.80,    39905272562.40  
14 AUG 2026,PIXTRANS,EQ,PIX TRANSMISSIONS LIMITED,Listed    ,14 AUG 2026,              10.00,          13625200,           1896.80,    25844279360.00  
14 AUG 2026,PKTEA,EQ,THE P K TEA PROD CO LTD  ,Listed    ,14 AUG 2026,              10.00,           3095879,            679.95,     2105042926.05     
14 AUG 2026,PLADAINFO,SM,PLADA INFOTECH SERVICES L,Listed    ,14 AUG 2026,              10.00,           8574000,              9.10,       78023400.00 
14 AUG 2026,PLASTIBLEN,EQ,PLASTIBLENDS INDIA LTD   ,Listed    ,14 AUG 2026,               5.00,          25989200,            199.15,     5176268964.00
14 AUG 2026,PLATIND,EQ,PLATINUM INDUSTRIES LTD  ,Listed    ,14 AUG 2026,              10.00,          54924873,            215.40,    11831916141.65   
14 AUG 2026,PLAZACABLE,EQ,PLAZA WIRES LIMITED      ,Listed    ,14 AUG 2026,              10.00,          43752078,             56.40,     2466742157.65
14 AUG 2026,PML,EQ,PAUL MERCHANTS LTD.      ,Permitted ,14 AUG 2026,              10.00,           3084000,            490.00,     1511160000.00       
14 AUG 2026,PNB,EQ,PUNJAB NATIONAL BANK     ,Listed    ,14 AUG 2026,               2.00,       11492943268,            118.00,  1356167305624.00       
14 AUG 2026,PNBGILTS,EQ,PNB GILTS LIMITED        ,Listed    ,14 AUG 2026,              10.00,         180010134,             79.40,    14294604740.95  
14 AUG 2026,PNBHOUSING,EQ,PNB HOUSING FIN LTD.     ,Listed    ,14 AUG 2026,              10.00,         260589923,           1150.50,   299808706411.50
14 AUG 2026,PNC,EQ,PRITISH NANDY COMMUNICATI,Listed    ,14 AUG 2026,              10.00,          14467000,             18.40,      266192800.00       
14 AUG 2026,PNCINFRA,EQ,PNC INFRATECH LTD.       ,Listed    ,14 AUG 2026,               2.00,         256539165,            217.90,    55905014836.80  
14 AUG 2026,PNGJL,EQ,P N GADGIL JEWELLERS LTD ,Listed    ,14 AUG 2026,              10.00,         135708333,            610.70,    82877078963.10     
14 AUG 2026,PNGSREVA,EQ,PNGS REVA DIAMOND JEWEL L,Listed    ,14 AUG 2026,              10.00,          31698400,            571.75,    18123560200.00  
14 AUG 2026,POCL,EQ,PONDY OXIDES & CHEM LTD  ,Listed    ,14 AUG 2026,               2.00,          76278198,            491.95,    37525059506.10      
14 AUG 2026,PODDARMENT,EQ,PODDAR PIGMENTS LIMITED  ,Listed    ,14 AUG 2026,              10.00,          10610000,            264.20,     2803162000.00
14 AUG 2026,POKARNA,EQ,POKARNA LIMITED          ,Listed    ,14 AUG 2026,               2.00,          31004000,            952.40,    29528209600.00   
14 AUG 2026,POLICYBZR,EQ,PB FINTECH LIMITED       ,Listed    ,14 AUG 2026,               2.00,         462693070,           1741.00,   805548634870.00 
14 AUG 2026,POLYCAB,EQ,POLYCAB INDIA LIMITED    ,Listed    ,14 AUG 2026,              10.00,         150635053,           9240.00,  1391867889720.00   
14 AUG 2026,POLYMED,EQ,POLY MEDICURE LIMITED    ,Listed    ,14 AUG 2026,               5.00,         101359490,           1786.20,   181048321038.00   
14 AUG 2026,POLYPLEX,EQ,POLYPLEX CORPORATION LTD ,Listed    ,14 AUG 2026,              10.00,          31392462,           1181.50,    37090193853.00  
14 AUG 2026,POLYSIL,SM,POLYSIL IRRIGATION SYST L,Listed    ,14 AUG 2026,              10.00,          26505090,             70.95,     1880536135.50   
14 AUG 2026,PONNIERODE,EQ,PONNIE SUGARS (ERODE) LTD,Listed    ,14 AUG 2026,              10.00,           8598418,            345.30,     2969033735.40
14 AUG 2026,POONAWALLA,EQ,POONAWALLA FINCORP LTD   ,Listed    ,14 AUG 2026,               2.00,         880479991,            497.90,   438390987518.90
14 AUG 2026,POSITRON,SM,POSITRON ENERGY LIMITED  ,Listed    ,14 AUG 2026,              10.00,           7600400,            168.50,     1280667400.00  
14 AUG 2026,POWERGRID,EQ,POWER GRID CORP. LTD.    ,Listed    ,14 AUG 2026,              10.00,        9300603819,            266.05,  2474425646044.95 
14 AUG 2026,POWERICA,EQ,POWERICA LIMITED         ,Listed    ,14 AUG 2026,               5.00,         126551877,            549.95,    69597204756.15  
14 AUG 2026,POWERINDIA,EQ,HITACHI ENERGY INDIA LTD ,Listed    ,14 AUG 2026,               2.00,          44572363,          35700.00,  1591233359100.00
14 AUG 2026,POWERMECH,EQ,POWER MECH PROJECTS LTD. ,Listed    ,14 AUG 2026,              10.00,          31616292,           2455.20,    77624320118.40 
14 AUG 2026,PPAP,BE,PPAP AUTOMOTIVE LIMITED  ,Listed    ,14 AUG 2026,              10.00,          14152987,            291.90,     4131256905.30      
14 AUG 2026,PPL,BE,PRAKASH PIPES LIMITED    ,Listed    ,14 AUG 2026,              10.00,          23918354,            274.35,     6562000419.90       
14 AUG 2026,PPLPHARMA,EQ,PIRAMAL PHARMA LIMITED   ,Listed    ,14 AUG 2026,              10.00,        1331348130,            206.65,   275109777583.20 
14 AUG 2026,PPSL,SM,PICTUREPOST STUDIOS LTD  ,Listed    ,14 AUG 2026,               1.00,          29300000,              3.00,       87900000.00      
14 AUG 2026,PRABHA,EQ,PRABHA ENERGY LIMITED    ,Listed    ,14 AUG 2026,               1.00,         136905531,            155.95,    21347679448.85    
14 AUG 2026,PRADPME,BE,PRADEEP METALS LTD.      ,Permitted ,14 AUG 2026,              10.00,          17270000,            497.60,     8593552000.00   
14 AUG 2026,PRAENG,EQ,PRAJAY ENG. SYN. LTD.    ,Listed    ,14 AUG 2026,              10.00,          69935791,             20.20,     1412702978.20    
14 AUG 2026,PRAJIND,EQ,PRAJ INDUSTRIES LTD      ,Listed    ,14 AUG 2026,               2.00,         183813088,            335.25,    61623337752.00   
14 AUG 2026,PRAKASH,EQ,PRAKASH INDUSTRIES LTD   ,Listed    ,14 AUG 2026,              10.00,         179081839,            137.70,    24655987593.50   
14 AUG 2026,PRAKASHSTL,EQ,PRAKASH STEELAGE LTD     ,Listed    ,14 AUG 2026,               1.00,         175000390,              3.95,      689501536.60
14 AUG 2026,PRAMARA,SM,PRAMARA PROMOTIONS LTD   ,Listed    ,14 AUG 2026,              10.00,          13944168,            107.75,     1502484102.00   
14 AUG 2026,PRANIK,SM,PRANIK LOGISTICS LIMITED ,Listed    ,06 AUG 2026,              10.00,          11010150,             41.00,      451416150.00    
14 AUG 2026,PRATHAM,SM,PRATHAM EPC PROJECTS LTD ,Listed    ,14 AUG 2026,              10.00,          18212489,            122.00,     2221923658.00   
14 AUG 2026,PRAVEG,EQ,PRAVEG LTD.              ,Permitted ,14 AUG 2026,              10.00,          26140695,            269.70,     7050145441.50    
14 AUG 2026,PRAXIS,EQ,PRAXIS HOME RETAIL LTD   ,Listed    ,14 AUG 2026,               5.00,         185812210,              6.20,     1153893824.10    
14 AUG 2026,PRECAM,EQ,PRECISION CAMSHAFTS LTD. ,Listed    ,14 AUG 2026,              10.00,          94985835,            135.00,    12823087725.00    
14 AUG 2026,PRECISION,ST,PRECISION METALIKS LTD   ,Listed    ,14 AUG 2026,              10.00,          22959066,              8.65,      198595920.90 
14 AUG 2026,PRECOT,EQ,PRECOT LIMITED           ,Listed    ,14 AUG 2026,              10.00,          12000000,            717.15,     8605800000.00    
14 AUG 2026,PRECWIRE,EQ,PRECISION WIRES INDIA LTD,Listed    ,14 AUG 2026,               1.00,         182807975,            458.35,    83790035341.25  
14 AUG 2026,PREMCO,EQ,PREMCO GLOBAL LTD.       ,Permitted ,14 AUG 2026,              10.00,           3304800,            385.95,     1275487560.00    
14 AUG 2026,PREMEXPLN,EQ,PREMIER EXPLOSIVES LTD   ,Listed    ,14 AUG 2026,               2.00,          53761195,            651.90,    35046923020.50 
14 AUG 2026,PREMIER,BE,PREMIER LIMITED          ,Listed    ,14 AUG 2026,              10.00,          30372570,              2.80,       85043196.00   
14 AUG 2026,PREMIERENE,EQ,PREMIER ENERGIES LIMITED ,Listed    ,14 AUG 2026,               1.00,         452994368,           1017.30,   460831170566.40
14 AUG 2026,PREMIERPOL,EQ,PREMIER POLYFILM LTD     ,Listed    ,14 AUG 2026,               1.00,         104742475,             73.55,     7703809036.25
14 AUG 2026,PREMIUM,SM,PREMIUM PLAST LIMITED    ,Listed    ,13 AUG 2026,              10.00,          19097100,             38.50,      735238350.00   
14 AUG 2026,PRESSTONIC,SM,PRESSTONIC ENGINEERING L ,Listed    ,14 AUG 2026,              10.00,          15241080,             29.65,      451898022.00
14 AUG 2026,PRESTIGE,EQ,PRESTIGE ESTATE LTD      ,Listed    ,14 AUG 2026,              10.00,         430730232,           1592.50,   685937894460.00  
14 AUG 2026,PRICOLLTD,EQ,PRICOL LIMITED           ,Listed    ,14 AUG 2026,               1.00,         121881498,            792.05,    96536240490.90 
14 AUG 2026,PRIMECAB,ST,PRIME CABLE INDUSTRIES L ,Listed    ,14 AUG 2026,               5.00,          18324060,            178.00,     3261682680.00  
14 AUG 2026,PRIMESECU,EQ,PRIME SECURITIES LIMITED ,Listed    ,14 AUG 2026,               5.00,          33940325,            281.95,     9569474633.75 
14 AUG 2026,PRIMO,EQ,PRIMO CHEMICALS LIMITED  ,Listed    ,14 AUG 2026,               2.00,         242343220,             25.60,     6208833296.40     
14 AUG 2026,PRINCEPIPE,EQ,PRINCE PIPES FITTINGS LTD,Listed    ,14 AUG 2026,              10.00,         110561079,            284.00,    31399346436.00
14 AUG 2026,PRITI,BE,PRITI INTERNATIONAL LTD  ,Listed    ,14 AUG 2026,              10.00,          13353328,             35.80,      477915609.10     
14 AUG 2026,PRITIKA,SM,PRITIKA ENG COMPO LTD    ,Listed    ,14 AUG 2026,               5.00,          26365030,             62.00,     1634631860.00   
14 AUG 2026,PRITIKAUTO,BE,PRITIKA AUTO INDUS LTD   ,Listed    ,14 AUG 2026,               2.00,         166512667,             17.30,     2880669139.10
14 AUG 2026,PRIVISCL,EQ,PRIVI SPECIALITY CHE LTD ,Listed    ,14 AUG 2026,              10.00,          39062706,           3482.20,   136024154833.20  
14 AUG 2026,PRIZOR,ST,PRIZOR VIZTECH LIMITED   ,Listed    ,14 AUG 2026,              10.00,          10796203,            851.00,     9187568753.00    
14 AUG 2026,PRLIND,SM,PREMIER ROADLINES LIMITED,Listed    ,14 AUG 2026,              10.00,          22862547,             43.15,      986518903.05    
14 AUG 2026,PROFX,SM,PRO FX TECH LIMITED      ,Listed    ,14 AUG 2026,              10.00,          17503686,             80.00,     1400294880.00     
14 AUG 2026,PROLIFE,SM,PROLIFE INDUSTRIES LTD   ,Listed    ,14 AUG 2026,              10.00,           4094080,             90.95,      372356576.00   
14 AUG 2026,PROPEQUITY,SM,P. E. ANALYTICS LIMITED  ,Listed    ,14 AUG 2026,              10.00,          10482104,            220.00,     2306062880.00
14 AUG 2026,PROPSHOP,ST,PROPSHOP EVENTS AND EXH L,Listed    ,14 AUG 2026,              10.00,          14630804,             66.55,      973680006.20  
14 AUG 2026,PROSTARM,EQ,PROSTARM INFO SYSTEMS LTD,Listed    ,14 AUG 2026,              10.00,          58874592,            134.40,     7912156418.90  
14 AUG 2026,PROTEAN,EQ,PROTEAN EGOV TECHNO LTD  ,Listed    ,14 AUG 2026,              10.00,          40616731,            551.90,    22416373838.90   
14 AUG 2026,PROV,SM,PROVENTUS AGROCOM LIMITED,Listed    ,14 AUG 2026,              10.00,           3453416,           1860.00,     6423353760.00      
14 AUG 2026,PROZONER,EQ,PROZONE REALTY LIMITED   ,Listed    ,14 AUG 2026,               2.00,         152602883,             42.00,     6412373143.65  
14 AUG 2026,PRSMJOHNSN,EQ,PRISM JOHNSON LIMITED    ,Listed    ,14 AUG 2026,              10.00,         503356580,            105.10,    52912843689.60
14 AUG 2026,PRUDENT,EQ,PRUDENT CORP ADV SER LTD ,Listed    ,14 AUG 2026,               5.00,          41406680,           3257.10,   134865697428.00   
14 AUG 2026,PRUDMOULI,BE,PRUDENTIAL SUGAR CORPORAT,Listed    ,14 AUG 2026,              10.00,          32252000,             13.35,      430564200.00 
14 AUG 2026,PSB,EQ,PUNJAB & SIND BANK       ,Listed    ,14 AUG 2026,              10.00,        7095585220,             23.60,   167384855339.80       
14 AUG 2026,PSFL,SM,PARAMOUNT SPECIALI FORG L,Listed    ,14 AUG 2026,              10.00,          19682000,             31.05,      611126100.00      
14 AUG 2026,PSPPROJECT,EQ,PSP PROJECTS LIMITED     ,Listed    ,14 AUG 2026,              10.00,          39641791,            922.40,    36565588018.40
14 AUG 2026,PSRAJ,ST,P S RAJ STEELS LIMITED   ,Listed    ,14 AUG 2026,               2.00,          37691570,             87.90,     3313089003.00     
14 AUG 2026,PTC,EQ,PTC INDIA LIMITED        ,Listed    ,14 AUG 2026,              10.00,         296008321,            161.45,    47796463591.85       
14 AUG 2026,PTCIL,EQ,PTC INDUSTRIES LIMITED   ,Listed    ,14 AUG 2026,              10.00,          14992549,          19050.00,   285608058450.00     
14 AUG 2026,PTL,EQ,PTL ENTERPRISES LTD      ,Listed    ,14 AUG 2026,               1.00,         132377000,             38.65,     5115047280.00       
14 AUG 2026,PULZ,SM,PULZ ELECTRONICS LIMITED ,Listed    ,14 AUG 2026,              10.00,          21808000,             22.55,      491770400.00      
14 AUG 2026,PUNJABCHEM,EQ,PUNJAB CHEM & CROP PROT L,Listed    ,14 AUG 2026,              10.00,          12262185,           1094.80,    13424640138.00
14 AUG 2026,PURPLEUTED,ST,PURPLE UNITED SALES LTD  ,Listed    ,14 AUG 2026,              10.00,           9609800,            352.85,     3390817930.00
14 AUG 2026,PURVA,EQ,PURAVANKARA LIMITED      ,Listed    ,14 AUG 2026,               5.00,         237149686,            218.20,    51748432982.05     
14 AUG 2026,PURVFLEXI,SM,PURV FLEXIPACK LIMITED   ,Listed    ,12 AUG 2026,              10.00,          20982750,             52.40,     1099496100.00 
14 AUG 2026,PUSHPA,SM,PUSHPA JEWELLERS LIMITED ,Listed    ,14 AUG 2026,              10.00,          24222912,            115.00,     2785634880.00    
14 AUG 2026,PVP,EQ,PVP VENTURES LIMITED     ,Listed    ,14 AUG 2026,              10.00,         260403681,             35.45,     9226102417.85       
14 AUG 2026,PVRINOX,EQ,PVR INOX LIMITED         ,Listed    ,14 AUG 2026,              10.00,          98199962,           1174.00,   115286755388.00   
14 AUG 2026,PVSL,EQ,POPULAR VEHICLES N SER L ,Listed    ,14 AUG 2026,               2.00,          71198198,            116.50,     8295302049.00      
14 AUG 2026,PWL,EQ,PHYSICSWALLAH LIMITED    ,Listed    ,14 AUG 2026,               1.00,        2896392376,            117.10,   339225475077.10       
14 AUG 2026,PYRAMID,EQ,PYRAMID TECHNOPLAST LTD  ,Listed    ,14 AUG 2026,              10.00,          36784800,            162.95,     5994818856.00   
14 AUG 2026,QFIL,SM,QUALITY FOILS (INDIA) LTD,Listed    ,03 AUG 2026,              10.00,           2854000,             62.80,      179231200.00      
14 AUG 2026,QLINE,SM,Q-LINE BIOTECH LIMITED   ,Listed    ,14 AUG 2026,              10.00,          23328199,            532.80,    12429264427.20     
14 AUG 2026,QMSMEDI,EQ,QMS MEDICAL ALLIED S LTD ,Listed    ,14 AUG 2026,              10.00,          19337443,            131.90,     2550995480.55   
14 AUG 2026,QPOWER,EQ,QUALITY POWER ELEC EQUP L,Listed    ,14 AUG 2026,              10.00,          77444100,           1249.30,    96750914130.00    
14 AUG 2026,QUADFUTURE,EQ,QUADRANT FUTURE TEK LTD  ,Listed    ,14 AUG 2026,              10.00,          40000000,            360.45,    14418000000.00
14 AUG 2026,QUADPRO,SM,QUADPRO ITES LIMITED     ,Listed    ,13 AUG 2026,               2.00,          50550000,              2.40,      121320000.00   
14 AUG 2026,QUESS,EQ,QUESS CORP LIMITED       ,Listed    ,14 AUG 2026,              10.00,         149359849,            337.80,    50453756992.20     
14 AUG 2026,QUESTLAB,SM,QUEST LABORATORIES LTD   ,Listed    ,14 AUG 2026,              10.00,          16387200,             91.45,     1498609440.00  
14 AUG 2026,QUICKHEAL,BE,QUICK HEAL TECH LTD      ,Listed    ,14 AUG 2026,              10.00,          54248216,            149.10,     8087866523.45 
14 AUG 2026,QUICKTOUCH,SM,QUICKTOUCH TECHNOLOGIES L,Listed    ,14 AUG 2026,              10.00,          12815996,             19.10,      244785523.60
14 AUG 2026,QUINT,EQ,QUINT DIGITAL LTD.       ,Permitted ,14 AUG 2026,              10.00,          47208008,             37.55,     1773132780.50     
14 AUG 2026,QVCEL,SM,QVC EXPORTS LIMITED      ,Listed    ,14 AUG 2026,              10.00,          10451292,             24.90,      260237170.80     
14 AUG 2026,RACE,EQ,RACE ECO CHAIN LIMITED   ,Listed    ,14 AUG 2026,              10.00,          17257200,            100.05,     1726928004.00      
14 AUG 2026,RACLGEAR,EQ,RACL GEARTECH LIMITED    ,Listed    ,14 AUG 2026,              10.00,          11788080,           1387.30,    16353603384.00  
14 AUG 2026,RADAAN,EQ,RADAAN MEDIAWORKS (I) LTD,Listed    ,14 AUG 2026,               2.00,          54161540,              3.05,      165734312.40    
14 AUG 2026,RADHIKAJWE,EQ,RADHIKA JEWELTECH LIMITED,Listed    ,14 AUG 2026,               2.00,         118000000,             69.30,     8176220000.00
14 AUG 2026,RADIANTCMS,EQ,RADIANT CASH MGMT SER LTD,Listed    ,14 AUG 2026,               1.00,         106707906,             36.10,     3850021248.50
14 AUG 2026,RADICO,EQ,RADICO KHAITAN LTD       ,Listed    ,14 AUG 2026,               2.00,         133931350,           4650.00,   622780777500.00    
14 AUG 2026,RADIOCITY,EQ,MUSIC BROADCAST LIMITED  ,Listed    ,14 AUG 2026,               2.00,         345685625,              6.70,     2319550543.75 
14 AUG 2026,RADIOWALLA,ST,RADIOWALLA NETWORK LTD   ,Listed    ,14 AUG 2026,              10.00,           7048236,             25.05,      176558311.80
14 AUG 2026,RAILTEL,EQ,RAILTEL CORP OF IND LTD  ,Listed    ,14 AUG 2026,              10.00,         320938407,            282.15,    90552771535.05   
14 AUG 2026,RAIN,EQ,RAIN INDUSTRIES LIMITED  ,Listed    ,14 AUG 2026,               2.00,         336345679,            208.70,    70191979750.50      
14 AUG 2026,RAINBOW,EQ,RAINBOW CHILDRENS MED LTD,Listed    ,14 AUG 2026,              10.00,         101559156,           1461.80,   148459174240.80   
14 AUG 2026,RAJESHEXPO,BZ,RAJESH EXPORTS LTD       ,Listed    ,14 AUG 2026,               1.00,         295259959,             81.60,    24099117853.60
14 AUG 2026,RAJINDLTD,SM,RAJPUTANA INDUSTRIES LTD ,Listed    ,14 AUG 2026,              10.00,          22215000,             68.00,     1510620000.00 
14 AUG 2026,RAJMET,EQ,RAJNANDINI METAL LIMITED ,Listed    ,14 AUG 2026,               1.00,         276480000,              3.20,      887500800.00    
14 AUG 2026,RAJOOENG,BE,RAJOO ENGINEERS LIMITED  ,Listed    ,14 AUG 2026,               1.00,         178675293,             51.00,     9108866437.15  
14 AUG 2026,RAJPALAYAM,EQ,RAJAPALAYAM MILLS LTD.   ,Permitted ,14 AUG 2026,              10.00,           9220200,            838.15,     7727910630.00
14 AUG 2026,RAJPUTANA,SM,RAJPUTANA BIODIESEL LTD  ,Listed    ,14 AUG 2026,              10.00,           7033500,            215.00,     1512202500.00 
14 AUG 2026,RAJRATAN,EQ,RAJRATAN GLOBAL WIRE LTD ,Listed    ,14 AUG 2026,               2.00,          50771000,            515.80,    26187681800.00  
14 AUG 2026,RAJRILTD,BE,RAJ RAYON INDUSTRIES LTD ,Listed    ,14 AUG 2026,               1.00,         556082495,             21.70,    12066990141.50  
14 AUG 2026,RAJSREESUG,EQ,RAJSHREE SUGAR & CHEMICAL,Listed    ,14 AUG 2026,              10.00,          33135606,             32.65,     1082540248.00
14 AUG 2026,RAJTV,EQ,RAJ TV NETWORK LTD       ,Listed    ,14 AUG 2026,               5.00,          51913344,             10.20,      530554375.70     
14 AUG 2026,RALLIS,EQ,RALLIS INDIA LTD         ,Listed    ,14 AUG 2026,               1.00,         194468890,            212.50,    41320749747.20    
14 AUG 2026,RAMANEWS,EQ,SHREE RAMA NEWSPRINT LTD ,Listed    ,14 AUG 2026,              10.00,         147522032,             31.60,     4664646651.85  
14 AUG 2026,RAMAPHO,EQ,RAMA PHOSPHATES LIMITED  ,Listed    ,14 AUG 2026,               5.00,          35386426,            119.85,     4241063156.10   
14 AUG 2026,RAMASTEEL,BE,RAMA STEEL TUBES LIMITED ,Listed    ,14 AUG 2026,               1.00,        1636040979,              4.40,     7214940717.40 
14 AUG 2026,RAMBHAJO,EQ,ADVIT JEWELS LIMITED     ,Listed    ,14 AUG 2026,              10.00,          45810000,            177.80,     8144559900.00  
14 AUG 2026,RAMCOCEM,EQ,THE RAMCO CEMENTS LIMITED,Listed    ,14 AUG 2026,               1.00,         236292380,            907.20,   214364447136.00  
14 AUG 2026,RAMCOIND,EQ,RAMCO INDUSTRIES LIMITED ,Listed    ,14 AUG 2026,               1.00,          86841560,            356.95,    30998094842.00  
14 AUG 2026,RAMCOSYS,EQ,RAMCO SYSTEMS LTD.       ,Listed    ,14 AUG 2026,              10.00,          37583978,            595.70,    22388775694.60  
14 AUG 2026,RAMKY,EQ,RAMKY INFRA LTD          ,Listed    ,14 AUG 2026,              10.00,          69197791,            390.05,    26990598379.55     
14 AUG 2026,RAMRAT,EQ,RAM RATNA WIRES LIMITED  ,Listed    ,14 AUG 2026,               5.00,          93349072,            475.05,    44345476653.60    
14 AUG 2026,RANASUG,EQ,RANA SUGARS LTD.         ,Listed    ,14 AUG 2026,              10.00,         153567820,             13.05,     2004060051.00   
14 AUG 2026,RANEHOLDIN,EQ,RANE HOLDINGS LIMITED    ,Listed    ,14 AUG 2026,              10.00,          14277809,           1674.40,    23906763389.60
14 AUG 2026,RAPIDFLEET,SM,RAPID FLEET MGT SERVICE L,Listed    ,13 AUG 2026,              10.00,           7434800,            164.00,     1219307200.00
14 AUG 2026,RAPPID,SM,RAPPID VALVES (INDIA) LTD,Listed    ,14 AUG 2026,              10.00,           5191984,            319.00,     1656242896.00    
14 AUG 2026,RATEGAIN,EQ,RATEGAIN TRAVEL TECHN LTD,Listed    ,14 AUG 2026,               1.00,         118425559,            942.60,   111627931913.40  
14 AUG 2026,RATNAMANI,EQ,RATNAMANI MET & TUB LTD. ,Listed    ,14 AUG 2026,               2.00,          70092000,           2352.00,   164856384000.00 
14 AUG 2026,RATNAVEER,EQ,RATNAVEER PRECISION ENG L,Listed    ,14 AUG 2026,              10.00,          71426681,            230.15,    16439564898.95 
14 AUG 2026,RAYMOND,EQ,RAYMOND LTD              ,Listed    ,14 AUG 2026,              10.00,          66573731,            635.45,    42304277363.95   
14 AUG 2026,RAYMONDLSL,EQ,RAYMOND LIFESTYLE LIMITED,Listed    ,14 AUG 2026,               2.00,          60923629,            741.20,    45156593814.80
14 AUG 2026,RAYMONDREL,EQ,RAYMOND REALTY LIMITED   ,Listed    ,14 AUG 2026,              10.00,          66573731,            577.80,    38466301771.80
14 AUG 2026,RBA,EQ,RESTAURANT BRAND ASIA LTD,Listed    ,14 AUG 2026,              10.00,         711718862,             99.10,    70517104846.95       
14 AUG 2026,RBLBANK,EQ,RBL BANK LIMITED         ,Listed    ,14 AUG 2026,              10.00,        1548558033,            385.00,   596194842705.00   
14 AUG 2026,RBMINFRA,SM,RBM INFRACON LIMITED     ,Listed    ,14 AUG 2026,              10.00,          10633000,            245.30,     2608274900.00  
14 AUG 2026,RBS,SM,RAMDEVBABA SOLVENT LTD   ,Listed    ,14 AUG 2026,              10.00,          22861350,             93.45,     2136393157.50       
14 AUG 2026,RBZJEWEL,EQ,RBZ JEWELLERS LIMITED    ,Listed    ,14 AUG 2026,              10.00,          40000000,            140.85,     5633600000.00  
14 AUG 2026,RCDL,SM,RAJGOR CASTOR DERIVATI L ,Listed    ,14 AUG 2026,              10.00,          23915852,             27.70,      662469100.40      
14 AUG 2026,RCF,EQ,RASHTRIYA CHEMICALS & FER,Listed    ,14 AUG 2026,              10.00,         551688100,            124.05,    68436908805.00       
14 AUG 2026,RCOM,BE,RELIANCE COMMUNICATIONS L,Listed    ,14 AUG 2026,               5.00,        2765533050,              0.80,     2240081770.50      
14 AUG 2026,READYMIX,SM,READYMIX CONSTRU MACHI L ,Listed    ,14 AUG 2026,              10.00,          10958500,            104.45,     1144615325.00  
14 AUG 2026,RECLTD,EQ,REC LIMITED              ,Listed    ,14 AUG 2026,              10.00,        2633224000,            335.00,   882130040000.00    
14 AUG 2026,REDINGTON,EQ,REDINGTON LIMITED        ,Listed    ,14 AUG 2026,               2.00,         781774431,            334.05,   261151748675.55 
14 AUG 2026,REDTAPE,EQ,REDTAPE LIMITED          ,Listed    ,14 AUG 2026,               2.00,         552807600,            122.20,    67547560644.00   
14 AUG 2026,REFEX,EQ,REFEX INDUSTRIES LIMITED ,Listed    ,14 AUG 2026,               2.00,         137219448,            297.25,    40788480918.00     
14 AUG 2026,REFRACTORY,SM,REFRACTORY SHAPES LIMITED,Listed    ,14 AUG 2026,              10.00,          21800000,             25.00,      545000000.00
14 AUG 2026,REGAAL,BE,REGAAL RESOURCES LIMITED ,Listed    ,14 AUG 2026,               5.00,         102723460,             86.00,     8834217560.00    
14 AUG 2026,REGENCERAM,EQ,REGENCY CERAMICS LTD.    ,Listed    ,14 AUG 2026,              10.00,          26441586,             36.30,      960093987.65
14 AUG 2026,RELAXO,EQ,RELAXO FOOT LTD.         ,Listed    ,14 AUG 2026,               1.00,         248938586,            396.25,    98641914702.50    
14 AUG 2026,RELCHEMQ,EQ,RELIANCE CHEMOTEX IND LTD,Listed    ,14 AUG 2026,              10.00,           7543563,            119.00,      897608561.35  
14 AUG 2026,RELIABLE,EQ,RELIABLE DATA SERVICE LTD,Listed    ,14 AUG 2026,              10.00,          10320000,            139.85,     1443355200.00  
14 AUG 2026,RELIANCE,EQ,RELIANCE INDUSTRIES LTD  ,Listed    ,14 AUG 2026,              10.00,       13532538722,           1310.00, 17727625725820.00  
14 AUG 2026,RELIGARE,EQ,RELIGARE ENTER. LTD.     ,Listed    ,14 AUG 2026,              10.00,         332890479,            234.75,    78146039945.25  
14 AUG 2026,RELINFRA,BE,RELIANCE INFRASTRUCTU LTD,Listed    ,14 AUG 2026,              10.00,         408631194,             67.10,    27427325741.30  
14 AUG 2026,RELTD,EQ,RAVINDRA ENERGY LIMITED  ,Listed    ,14 AUG 2026,              10.00,         198549404,            164.70,    32701086838.80     
14 AUG 2026,REMSONSIND,EQ,REMSONS INDUSTRIES LTD   ,Listed    ,14 AUG 2026,               2.00,          34878785,             88.25,     3078052776.25
14 AUG 2026,REMUS,SM,REMUS PHARMACEUTICALS L  ,Listed    ,14 AUG 2026,              10.00,          11784000,            897.35,    10574372400.00     
14 AUG 2026,RENUKA,EQ,SHREE RENUKA SUGARS LTD  ,Listed    ,14 AUG 2026,               1.00,        2128489773,             21.95,    46720350517.35    
14 AUG 2026,REPCOHOME,EQ,REPCO HOME FINANCE LTD   ,Listed    ,14 AUG 2026,              10.00,          62561362,            357.55,    22368814983.10 
14 AUG 2026,REPL,BE,RUDRABHISHEK ENTERP LTD  ,Listed    ,14 AUG 2026,              10.00,          18122500,             64.00,     1159840000.00      
14 AUG 2026,REPRO,EQ,REPRO INDIA LIMITED      ,Listed    ,14 AUG 2026,              10.00,          14345338,            324.75,     4658648515.50     
14 AUG 2026,RESPONIND,EQ,RESPONSIVE INDUSTRIES LTD,Listed    ,14 AUG 2026,               1.00,         266608544,            165.90,    44230357449.60 
14 AUG 2026,RETAIL,EQ,JHS SVENDGAARD RETAIL V L,Listed    ,14 AUG 2026,              10.00,           8204600,             19.05,      156133538.00    
14 AUG 2026,REXPIPES,SM,REX PIPES AND CABLES LTD ,Listed    ,11 AUG 2026,              10.00,           9450000,            169.10,     1597995000.00  
14 AUG 2026,REXPRO,SM,REXPRO ENTERPRISES LTD   ,Listed    ,14 AUG 2026,              10.00,          11206460,             38.05,      426405803.00    
14 AUG 2026,RFBL,ST,RFBL FLEXI PACK LIMITED  ,Listed    ,13 AUG 2026,              10.00,          23315000,            101.00,     2354815000.00      
14 AUG 2026,RGL,EQ,RENAISSANCE GLOBAL LTD   ,Listed    ,14 AUG 2026,               2.00,         107333881,            123.05,    13205287379.45       
14 AUG 2026,RHETAN,EQ,RHETAN TMT LIMITED       ,Listed    ,14 AUG 2026,               1.00,         796875000,             21.05,    16774218750.00    
14 AUG 2026,RHFL,BZ,RELIANCE HOME FINANCE LTD,Listed    ,14 AUG 2026,              10.00,         484555683,              1.80,      862509115.75      
14 AUG 2026,RHIM,EQ,RHI MAGNESITA INDIA LTD  ,Listed    ,14 AUG 2026,               1.00,         206501426,            379.85,    78439566666.10      
14 AUG 2026,RHL,EQ,ROBUST HOTELS LIMITED    ,Listed    ,14 AUG 2026,              10.00,          17291696,            166.95,     2886675730.25       
14 AUG 2026,RICHA,ST,RICHA INFO SYSTEMS LTD   ,Listed    ,14 AUG 2026,              10.00,          13762833,             90.00,     1238654970.00     
14 AUG 2026,RICOAUTO,EQ,RICO AUTO INDUSTRIES LTD ,Listed    ,14 AUG 2026,               1.00,         135285000,            132.00,    17857620000.00  
14 AUG 2026,RIIL,EQ,RELIANCE INDUSTRIAL INFRA,Listed    ,14 AUG 2026,              10.00,          15100000,            743.60,    11228360000.00      
14 AUG 2026,RIIT,IV,RAAJMARG INFRA INVEST T  ,Listed    ,14 AUG 2026,             100.00,         600000000,            118.90,    71334000000.00      
14 AUG 2026,RILINFRA,SM,RACHANA INFRA LTD        ,Listed    ,14 AUG 2026,              10.00,          18605000,             37.00,      688385000.00  
14 AUG 2026,RIR,EQ,RIR POWER ELECTRONICS L  ,Listed    ,14 AUG 2026,               2.00,          79572400,            165.35,    13158092064.00       
14 AUG 2026,RISHABH,EQ,RISHABH INSTRUMENTS LTD  ,Listed    ,14 AUG 2026,              10.00,          38623455,            648.65,    25053104085.75   
14 AUG 2026,RITCO,EQ,RITCO LOGISTICS LIMITED  ,Listed    ,14 AUG 2026,              10.00,          28622757,            295.60,     8460886969.20     
14 AUG 2026,RITES,EQ,RITES LIMITED            ,Listed    ,14 AUG 2026,              10.00,         480603774,            221.05,   106242270280.45     
14 AUG 2026,RITEZONE,SM,RITE ZONE CHEMCON IND LTD,Listed    ,14 AUG 2026,              10.00,           4230270,             18.25,       77202427.50  
14 AUG 2026,RKDL,EQ,RAVI KUMAR DIST. LTD.    ,Listed    ,14 AUG 2026,              10.00,          24000000,             18.65,      447120000.00      
14 AUG 2026,RKEC,EQ,RKEC PROJECTS LIMITED    ,Listed    ,14 AUG 2026,              10.00,          25820600,             25.00,      646031412.00      
14 AUG 2026,RKFORGE,EQ,RAMKRISHNA FORGINGS LTD  ,Listed    ,14 AUG 2026,               2.00,         181835017,            732.60,   133212333454.20   
14 AUG 2026,RKSWAMY,EQ,R K SWAMY LIMITED        ,Listed    ,14 AUG 2026,               5.00,          50477241,             94.60,     4774642226.20   
14 AUG 2026,RMC,EQ,RMC SWITCHGEARS LIMITED  ,Listed    ,14 AUG 2026,              10.00,          10576850,            267.00,     2824018950.00       
14 AUG 2026,RMDRIP,BE,R M DRIP & SPRINK SYS LTD,Listed    ,14 AUG 2026,               1.00,         428228571,             17.65,     7558234278.15    
14 AUG 2026,RML,EQ,RANE (MADRAS) LIMITED    ,Listed    ,14 AUG 2026,              10.00,          27637137,           1113.50,    30773952049.50       
14 AUG 2026,RNBDENIMS,EQ,R&B DENIMS LIMITED       ,Listed    ,14 AUG 2026,               1.00,         269920320,              8.95,     2410388457.60 
14 AUG 2026,RNFI,SM,RNFI SERVICES LIMITED    ,Listed    ,14 AUG 2026,              10.00,          25060651,            275.60,     6906715415.60      
14 AUG 2026,RNPL,SM,RENOL POLYCHEM LIMITED   ,Listed    ,14 AUG 2026,              10.00,          12084462,             83.00,     1003010346.00      
14 AUG 2026,ROADSTAR,IV,ROADSTAR INFRA INVT TRUST,Listed    ,Not Traded ,             100.00,         455477143,            100.00,    45547714300.00  
14 AUG 2026,ROCKINGDCE,SM,ROCKINGDEALS CIRCU ECO L ,Listed    ,14 AUG 2026,              10.00,           5659000,            180.65,     1022298350.00
14 AUG 2026,ROHLTD,EQ,ROYAL ORCHID HOTELS LTD  ,Listed    ,14 AUG 2026,              10.00,          27425215,            312.35,     8566265905.25    
14 AUG 2026,ROLEXRINGS,EQ,ROLEX RINGS LIMITED      ,Listed    ,14 AUG 2026,               1.00,         272333120,            176.30,    48012329056.00
14 AUG 2026,ROLLT,BE,ROLLATAINERS LIMITED     ,Listed    ,14 AUG 2026,               1.00,         250130000,              3.00,      755392600.00     
14 AUG 2026,ROML,EQ,RAJ OIL MILLS LIMITED    ,Listed    ,14 AUG 2026,              10.00,          14988684,             44.50,      667296211.70      
14 AUG 2026,ROSSARI,EQ,ROSSARI BIOTECH LIMITED  ,Listed    ,14 AUG 2026,               2.00,          55391616,            503.00,    27861982848.00   
14 AUG 2026,ROSSELLIND,EQ,ROSSELL INDIA LIMITED    ,Listed    ,14 AUG 2026,               2.00,          62428270,             55.60,     3469763246.60
14 AUG 2026,ROSSTECH,EQ,ROSSELL TECHSYS LIMITED  ,Listed    ,14 AUG 2026,               2.00,          37696475,           1073.45,    40465281088.75  
14 AUG 2026,ROTO,EQ,ROTO PUMPS LIMITED       ,Listed    ,14 AUG 2026,               1.00,         188445660,             66.10,    12458142582.60      
14 AUG 2026,ROUTE,EQ,ROUTE MOBILE LIMITED     ,Listed    ,14 AUG 2026,              10.00,          63003082,            505.25,    31832307180.50     
14 AUG 2026,ROXHITECH,SM,ROX HI TECH LIMITED      ,Listed    ,14 AUG 2026,              10.00,          22937688,             58.45,     1340707863.60 
14 AUG 2026,ROYALARC,SM,ROYAL ARC ELECTRODES LTD ,Listed    ,14 AUG 2026,              10.00,          11100200,            180.00,     1998036000.00  
14 AUG 2026,RPEL,EQ,RAGHAV PRODUCTIVITY ENH L,Listed    ,14 AUG 2026,              10.00,          45921950,           1433.90,    65847484105.00      
14 AUG 2026,RPGLIFE,EQ,RPG LIFE SCIENCES LTD    ,Listed    ,14 AUG 2026,               8.00,          16539015,           2782.30,    46016501434.50   
14 AUG 2026,RPOWER,EQ,RELIANCE POWER LTD.      ,Listed    ,14 AUG 2026,              10.00,        4135770966,             23.00,    95040016798.70    
14 AUG 2026,RPPINFRA,EQ,R.P.P INFRA PROJECTS LTD ,Listed    ,14 AUG 2026,              10.00,          49585918,             59.65,     2957800008.70  
14 AUG 2026,RPPL,BE,RAJSHREE POLYPACK LTD    ,Listed    ,14 AUG 2026,               5.00,          74244000,             23.35,     1732112520.00      
14 AUG 2026,RPSGVENT,EQ,RPSG VENTURES LIMITED    ,Listed    ,14 AUG 2026,              10.00,          33086409,            890.15,    29451866971.35  
14 AUG 2026,RPTECH,EQ,RASHI PERIPHERALS LIMITED,Listed    ,14 AUG 2026,               5.00,          65899665,            834.05,    54963615593.25    
14 AUG 2026,RRIL,EQ,R R I L LTD.             ,Permitted ,14 AUG 2026,               5.00,         121214290,             16.70,     2025490785.90      
14 AUG 2026,RRKABEL,EQ,R R KABEL LIMITED        ,Listed    ,14 AUG 2026,               5.00,         113105505,           2785.60,   315066694728.00   
14 AUG 2026,RSDFIN,BE,R S D FINANCE LTD.       ,Permitted ,14 AUG 2026,               5.00,          12946480,            112.10,     1451170943.20    
14 AUG 2026,RSL,EQ,RAJPUTANA STAINLESS LTD  ,Listed    ,14 AUG 2026,              10.00,          83567658,            165.40,    13823761986.35       
14 AUG 2026,RSSOFTWARE,EQ,R. S. SOFTWARE (INDIA) LI,Listed    ,14 AUG 2026,               5.00,          25831211,             33.15,      856046332.55
14 AUG 2026,RSWM,BE,RSWM LIMITED             ,Listed    ,14 AUG 2026,              10.00,          47101684,            199.10,     9377945284.40      
14 AUG 2026,RSYSTEMS,EQ,R SYS INTERNATIONAL LTD  ,Listed    ,14 AUG 2026,               1.00,         118486475,            241.80,    28650029655.00  
14 AUG 2026,RTL,SM,RAMA TELECOM LIMITED     ,Listed    ,11 AUG 2026,              10.00,          13199349,             83.05,     1096205934.45       
14 AUG 2026,RTNINDIA,EQ,RATTANINDIA ENT LIMITED  ,Listed    ,14 AUG 2026,               2.00,        1382269592,             30.05,    41537201239.60  
14 AUG 2026,RTNPOWER,EQ,RATTANINDIA POWER LIMITED,Listed    ,14 AUG 2026,              10.00,        5370105860,              8.45,    45377394517.00  
14 AUG 2026,RUBFILA,EQ,RUBFILA INTERNATIONAL LTD,Listed    ,14 AUG 2026,               5.00,          54267529,             66.80,     3623985586.60   
14 AUG 2026,RUBICON,EQ,RUBICON RESEARCH LIMITED ,Listed    ,14 AUG 2026,               1.00,         165382750,           1619.10,   267771210525.00   
14 AUG 2026,RUBYMILLS,BE,THE RUBY MILLS LTD       ,Listed    ,14 AUG 2026,               5.00,          33440000,            364.25,    12180520000.00 
14 AUG 2026,RUCHINFRA,EQ,RUCHI INFRASTRUCTURE LTD ,Listed    ,14 AUG 2026,               1.00,         236024942,              5.90,     1390186908.40 
14 AUG 2026,RUCHIRA,EQ,RUCHIRA PAPERS LIMITED   ,Listed    ,14 AUG 2026,              10.00,          29844985,            104.10,     3106564488.65   
14 AUG 2026,RUDRA,EQ,RUDRA GLOBAL INFRA PROD L,Listed    ,14 AUG 2026,               5.00,         100343828,             22.45,     2253722376.90     
14 AUG 2026,RULKA,SM,RULKA ELECTRICALS LIMITED,Listed    ,14 AUG 2026,              10.00,           4258400,            107.60,      458203840.00     
14 AUG 2026,RUPA,EQ,RUPA & COMPANY LTD       ,Listed    ,14 AUG 2026,               1.00,          79524560,            151.05,    12012184788.00      
14 AUG 2026,RUSHIL,EQ,RUSHIL DECOR LIMITED     ,Listed    ,14 AUG 2026,               1.00,         293416820,             17.20,     5049703472.20    
14 AUG 2026,RUSTOMJEE,EQ,KEYSTONE REALTORS LIMITED,Listed    ,14 AUG 2026,              10.00,         126240412,            371.45,    46892001037.40 
14 AUG 2026,RVHL,EQ,RAVINDER HEIGHTS LIMITED ,Listed    ,14 AUG 2026,               1.00,          61325746,             43.45,     2665830178.60      
14 AUG 2026,RVNL,EQ,RAIL VIKAS NIGAM LIMITED ,Listed    ,14 AUG 2026,              10.00,        2085020100,            227.35,   474029319735.00      
14 AUG 2026,RVTH,EQ,REVATHI EQUIPMENT INDIA L,Listed    ,14 AUG 2026,              10.00,           3066943,            729.90,     2238561695.70      
14 AUG 2026,S&SPOWER,EQ,S&S POWER SWITCHGEARS LTD,Listed    ,14 AUG 2026,              10.00,          12341550,            325.60,     4018408680.00  
14 AUG 2026,SAAKSHI,ST,SAAKSHI MEDTEC N PANELS L,Listed    ,14 AUG 2026,              10.00,          17656000,            296.10,     5227941600.00   
14 AUG 2026,SAATVIKGL,EQ,SAATVIK GREEN ENERGY LTD ,Listed    ,14 AUG 2026,               2.00,         127105004,            427.40,    54324678709.60 
14 AUG 2026,SABAR,SM,SABAR FLEX INDIA LIMITED ,Listed    ,12 AUG 2026,              10.00,          19219364,              7.10,      136457484.40     
14 AUG 2026,SACHEEROME,SM,SACHEEROME LIMITED       ,Listed    ,14 AUG 2026,              10.00,          22372800,            452.20,    10116980160.00
14 AUG 2026,SADBHAV,EQ,SADBHAV ENGINEERING LTD  ,Listed    ,14 AUG 2026,               1.00,         171570800,              8.55,     1465214632.00   
14 AUG 2026,SADBHIN,BE,SADBHAV INFRA PROJ LTD.  ,Listed    ,14 AUG 2026,              10.00,         352225216,              2.85,     1007364117.75   
14 AUG 2026,SADHAV,SM,SADHAV SHIPPING LIMITED  ,Listed    ,14 AUG 2026,              10.00,          16133043,            117.25,     1891599291.75    
14 AUG 2026,SADHNANIQ,BE,SADHANA NITROCHEM LIMITED,Listed    ,14 AUG 2026,               1.00,        2964694385,              3.15,     9309140368.90 
14 AUG 2026,SAFARI,EQ,SAFARI IND (INDIA) LTD   ,Listed    ,14 AUG 2026,               2.00,          48995551,           1498.50,    73419833173.50    
14 AUG 2026,SAFEENTP,SM,SAFE ENTER RETAIL FIX LTD,Listed    ,14 AUG 2026,               5.00,          46604478,            238.90,    11133809794.20  
14 AUG 2026,SAGARDEEP,EQ,SAGARDEEP ALLOYS LIMITED ,Listed    ,14 AUG 2026,              10.00,          17057400,             23.70,      404430954.00 
14 AUG 2026,SAGCEM,EQ,SAGAR CEMENTS LIMITED    ,Listed    ,14 AUG 2026,               2.00,         130707548,            173.40,    22663381747.70    
14 AUG 2026,SAGILITY,EQ,SAGILITY LIMITED         ,Listed    ,14 AUG 2026,              10.00,        4681328413,             42.30,   197926565301.65  
14 AUG 2026,SAHAJSOLAR,SM,SAHAJ SOLAR LIMITED      ,Listed    ,14 AUG 2026,              10.00,          21972020,            108.10,     2375175362.00
14 AUG 2026,SAHANA,SM,SAHANA SYSTEM LIMITED    ,Listed    ,14 AUG 2026,              10.00,          10604525,            788.00,     8356365700.00    
14 AUG 2026,SAHASRA,ST,SAHASRA ELECTRONIC SOLU L,Listed    ,14 AUG 2026,              10.00,          24992763,            317.15,     7926454785.45   
14 AUG 2026,SAHLIBHFI,EQ,SHALIBHADRA FINANCE LTD  ,Listed    ,14 AUG 2026,              10.00,          30888400,             74.20,     2291919280.00 
14 AUG 2026,SAHYADRI,EQ,SAHYADRI INDUSTRIES LTD  ,Listed    ,14 AUG 2026,              10.00,          10946300,            360.10,     3941762630.00  
14 AUG 2026,SAIFL,SM,SAMEERA AGRO AND INFRA L ,Listed    ,14 AUG 2026,              10.00,          26949800,              5.10,      137443980.00     
14 AUG 2026,SAIL,EQ,STEEL AUTHORITY OF INDIA ,Listed    ,14 AUG 2026,              10.00,        4130525289,            169.50,   700165341738.40      
14 AUG 2026,SAILIFE,EQ,SAI LIFE SCIENCES LIMITED,Listed    ,14 AUG 2026,               1.00,         212115515,           1449.90,   307546285198.50   
14 AUG 2026,SAIPARENT,EQ,SAI PARENTERALS LIMITED  ,Listed    ,14 AUG 2026,               5.00,          44179231,            551.65,    24371472781.15 
14 AUG 2026,SAJHOTELS,ST,SAJ HOTELS LIMITED       ,Listed    ,14 AUG 2026,              10.00,          16125000,             42.50,      685312500.00 
14 AUG 2026,SAKAR,EQ,SAKAR HEALTHCARE LIMITED ,Listed    ,14 AUG 2026,              10.00,          22249910,            875.95,    19489808664.50     
14 AUG 2026,SAKHTISUG,EQ,SAKTHI SUGARS LTD        ,Listed    ,14 AUG 2026,              10.00,         118849036,             17.05,     2026376063.80 
14 AUG 2026,SAKSOFT,EQ,SAKSOFT LIMITED          ,Listed    ,14 AUG 2026,               1.00,         132551250,            165.70,    21965067637.50   
14 AUG 2026,SAKUMA,EQ,SAKUMA EXPORTS LIMITED   ,Listed    ,14 AUG 2026,               1.00,        1567718640,              1.60,     2539704196.80    
14 AUG 2026,SALASAR,EQ,SALASAR TECHNO ENGG. LTD.,Listed    ,14 AUG 2026,               1.00,        1747950290,              5.95,    10417783728.40   
14 AUG 2026,SALONA,EQ,SALONA COTSPIN LTD.      ,Listed    ,14 AUG 2026,              10.00,           5262400,            259.60,     1366224288.00    
14 AUG 2026,SALSTEEL,EQ,S.A.L. STEEL LTD.        ,Listed    ,14 AUG 2026,              10.00,         109016700,             66.40,     7240889214.00  
14 AUG 2026,SALZERELEC,EQ,SALZER ELECTRONICS LTD   ,Listed    ,14 AUG 2026,              10.00,          17682737,            570.25,    10083580774.25
14 AUG 2026,SAMAY,ST,SAMAY PROJECT SERVICES L ,Listed    ,13 AUG 2026,              10.00,          15349320,             43.35,      665393022.00     
14 AUG 2026,SAMBHAAV,EQ,SAMBHAAV MEDIA LTD       ,Listed    ,14 AUG 2026,               1.00,         191110840,              6.50,     1242220460.00  
14 AUG 2026,SAMBHV,EQ,SAMBHV STEEL TUBES LTD   ,Listed    ,14 AUG 2026,              10.00,         294671429,            121.05,    35672923194.75    
14 AUG 2026,SAMHI,EQ,SAMHI HOTELS LIMITED     ,Listed    ,14 AUG 2026,               1.00,         222134736,            163.35,    36290151820.30     
14 AUG 2026,SAMMAANCAP,EQ,SAMMAAN CAPITAL LIMITED  ,Listed    ,14 AUG 2026,               2.00,        1161543321,            152.40,   177007586687.20
14 AUG 2026,SAMPANN,EQ,SAMPANN UTPADAN INDIA LTD,Listed    ,14 AUG 2026,              10.00,          48810000,             26.30,     1282726800.00   
14 AUG 2026,SANATHAN,EQ,SANATHAN TEXTILES LIMITED,Listed    ,14 AUG 2026,              10.00,          84404059,            471.35,    39783853209.65  
14 AUG 2026,SANDESH,EQ,SANDESH LTD              ,Listed    ,14 AUG 2026,              10.00,           7569421,           1079.70,     8172703853.70   
14 AUG 2026,SANDHAR,EQ,SANDHAR TECHNOLOGIES LTD ,Listed    ,14 AUG 2026,              10.00,          60190708,            639.85,    38513024513.80   
14 AUG 2026,SANDUMA,EQ,SANDUR MANG & IRON ORES L,Listed    ,14 AUG 2026,              10.00,         486104814,            198.00,    96253614220.15   
14 AUG 2026,SANGAMIND,EQ,SANGAM (INDIA) LTD       ,Listed    ,14 AUG 2026,              10.00,          50246559,            601.00,    30198181959.00 
14 AUG 2026,SANGANI,SM,SANGANI HOSPITALS LIMITED,Listed    ,14 AUG 2026,              10.00,          13776990,             55.45,      763934095.50   
14 AUG 2026,SANGHVIMOV,EQ,SANGHVI MOVERS LTD       ,Listed    ,14 AUG 2026,               1.00,          86576000,            489.05,    42339992800.00
14 AUG 2026,SANGINITA,BE,SANGINITA CHEMICALS LTD  ,Listed    ,14 AUG 2026,              10.00,          60345986,             54.00,     3258683244.00 
14 AUG 2026,SANOFI,EQ,SANOFI INDIA LIMITED     ,Listed    ,14 AUG 2026,              10.00,          23030622,           3242.90,    74686004083.80    
14 AUG 2026,SANOFICONR,EQ,SANOFI CONS HEALTHC IND L,Listed    ,14 AUG 2026,              10.00,          23030622,           4444.90,   102368811727.80
14 AUG 2026,SANSERA,EQ,SANSERA ENGINEERING LTD  ,Listed    ,14 AUG 2026,               2.00,          62332048,           3924.60,   244628355580.80   
14 AUG 2026,SANSTAR,EQ,SANSTAR LIMITED          ,Listed    ,14 AUG 2026,               2.00,         200268407,            111.50,    22329927380.50   
14 AUG 2026,SANWARIA,BZ,SANWARIA CONSUMER LIMITED,Listed    ,14 AUG 2026,               1.00,         736100000,              0.20,      147220000.00  
14 AUG 2026,SAPPHIRE,EQ,SAPPHIRE FOODS INDIA LTD ,Listed    ,14 AUG 2026,               2.00,         321382905,            234.70,    75434995461.60  
14 AUG 2026,SAPPL,EQ,SHREE AJIT PULP & PAPER L,Permitted ,14 AUG 2026,              10.00,           8850744,            277.95,     2460064294.80     
14 AUG 2026,SARDAEN,EQ,SARDA ENERGY & MIN LTD   ,Listed    ,14 AUG 2026,               1.00,         352381270,            531.15,   187167311560.50   
14 AUG 2026,SAREGAMA,EQ,SAREGAMA INDIA LIMITED   ,Listed    ,14 AUG 2026,               1.00,         192809490,            527.30,   101668444077.00  
14 AUG 2026,SARLAPOLY,EQ,SARLA PERF. FIBERS LTD   ,Listed    ,14 AUG 2026,               1.00,          79503000,            101.20,     8044908570.00 
14 AUG 2026,SAROJA,SM,SAROJA PHARMA INDUS IND L,Listed    ,14 AUG 2026,              10.00,           4020486,             31.45,      126444284.70    
14 AUG 2026,SARTELE,SM,SAR TELEVENTURE LIMITED  ,Listed    ,14 AUG 2026,               2.00,          50147500,            108.25,     5428466875.00   
14 AUG 2026,SARVESHWAR,EQ,SARVESHWAR FOODS LIMITED ,Listed    ,14 AUG 2026,               1.00,        1231626469,              3.45,     4261427582.75
14 AUG 2026,SASKEN,EQ,SASKEN TECHNOLOGIES LTD  ,Listed    ,14 AUG 2026,              10.00,          15186471,           1971.40,    29938608929.40    
14 AUG 2026,SATECH,SM,S A TECH SOFTWARE INDIA L,Listed    ,14 AUG 2026,              10.00,          13057281,             36.95,      482466532.95    
14 AUG 2026,SATIA,EQ,SATIA INDUSTRIES LIMITED ,Listed    ,14 AUG 2026,               1.00,         100000000,             59.90,     5988000000.00     
14 AUG 2026,SATIN,EQ,SATIN CREDIT NET LTD     ,Listed    ,14 AUG 2026,              10.00,         110470965,            225.55,    24915621446.10     
14 AUG 2026,SATIPOLY,ST,SATI POLY PLAST LIMITED  ,Listed    ,13 AUG 2026,              10.00,           4947000,             44.95,      222367650.00  
14 AUG 2026,SATKARTAR,SM,SAT KARTAR LIFE LIMITED  ,Listed    ,14 AUG 2026,              10.00,          15795276,            121.00,     1911228396.00 
14 AUG 2026,SATTVAENGG,SM,SATTVA ENGINEERING CSTN L,Listed    ,14 AUG 2026,              10.00,          17468616,             74.40,     1299665030.40
14 AUG 2026,SAURASHCEM,EQ,SAURASHTRA CEMENT LIMITED,Listed    ,14 AUG 2026,              10.00,         111287280,             60.35,     6715074475.20
14 AUG 2026,SAVY,SM,SAVY INFRA AND LOGI LTD  ,Listed    ,14 AUG 2026,              10.00,          20808480,            132.00,     2746719360.00      
14 AUG 2026,SAWALIYA,SM,SAWALIYA FOOD PRODUCTS L ,Listed    ,14 AUG 2026,              10.00,           9918220,            284.70,     2823717234.00  
14 AUG 2026,SAYAJIHOTL,EQ,SAYAJI HOTELS LTD.       ,Permitted ,14 AUG 2026,              10.00,          17517977,            327.00,     5728378479.00
14 AUG 2026,SBC,EQ,SBC EXPORTS LIMITED      ,Listed    ,14 AUG 2026,               1.00,         476190000,             38.60,    18380934000.00       
14 AUG 2026,SBCL,EQ,SHIVALIK BIMETAL CON. LTD,Listed    ,14 AUG 2026,               2.00,          57604200,           1040.10,    59914128420.00      
14 AUG 2026,SBFC,EQ,SBFC FINANCE LIMITED     ,Listed    ,14 AUG 2026,              10.00,        1107306773,             94.05,   104142202000.65      
14 AUG 2026,SBGLP,EQ,SURATWWALA BUS GROUP LTD ,Listed    ,14 AUG 2026,               1.00,         173416440,             25.50,     4425587548.80     
14 AUG 2026,SBICARD,EQ,SBI CARDS & PAY SER LTD  ,Listed    ,14 AUG 2026,              10.00,         951609294,            633.00,   602368683102.00   
14 AUG 2026,SBIFUNDS,EQ,SBI FUNDS MANAGEMENT LTD ,Listed    ,14 AUG 2026,               1.00,        2036827612,            559.10,  1138790317869.20  
14 AUG 2026,SBILIFE,EQ,SBI LIFE INSURANCE CO LTD,Listed    ,14 AUG 2026,              10.00,        1003171541,           1795.00,  1800692916095.00   
14 AUG 2026,SBIN,EQ,STATE BANK OF INDIA      ,Listed    ,14 AUG 2026,               1.00,        9230617586,           1067.70,  9855530396572.20      
14 AUG 2026,SCANSTL,BE,SCAN STEELS LTD.         ,Permitted ,14 AUG 2026,              10.00,          58602295,             59.75,     3501487126.25   
14 AUG 2026,SCHAEFFLER,EQ,SCHAEFFLER INDIA LIMITED ,Listed    ,14 AUG 2026,               2.00,         156303670,           4043.20,   631966998544.00
14 AUG 2026,SCHAND,EQ,S CHAND AND COMPANY LTD  ,Listed    ,14 AUG 2026,               5.00,          35272192,            137.85,     4862624389.10    
14 AUG 2026,SCHNEIDER,EQ,SCHNEIDER ELECTRIC INFRA ,Listed    ,14 AUG 2026,               2.00,         239104035,           1369.20,   327381244722.00 
14 AUG 2026,SCI,EQ,SHIPPING CORP OF INDIA LT,Listed    ,14 AUG 2026,              10.00,         465799010,            292.25,   136129760672.50       
14 AUG 2026,SCILAL,EQ,SHIPPING CORP OF ILA LTD ,Listed    ,14 AUG 2026,              10.00,         465799010,             40.30,    18781016083.20    
14 AUG 2026,SCML,SM,SHARP CHUCKS N MACHINES L,Listed    ,14 AUG 2026,              10.00,          14496792,             84.00,     1217730528.00      
14 AUG 2026,SCODATUBES,EQ,SCODA TUBES LIMITED      ,Listed    ,14 AUG 2026,              10.00,          59908900,            133.25,     7981662747.00
14 AUG 2026,SCPL,EQ,SHEETAL COOL PRODUCTS LTD,Listed    ,14 AUG 2026,              10.00,          10500000,            653.05,     6857025000.00      
14 AUG 2026,SDBL,EQ,SOM DIST & BREW LTD      ,Listed    ,14 AUG 2026,               2.00,         194988432,             74.20,    14468141654.40      
14 AUG 2026,SDREAMS,SM,S D RETAIL LIMITED       ,Listed    ,14 AUG 2026,              10.00,          18722386,             87.00,     1628847582.00   
14 AUG 2026,SEAMECLTD,EQ,SEAMEC LIMITED           ,Listed    ,14 AUG 2026,              10.00,          25425000,           1541.90,    39202807500.00 
14 AUG 2026,SECMARK,EQ,SECMARK CONSULTANCY LTD  ,Listed    ,14 AUG 2026,              10.00,          10447000,            128.25,     1339932220.00   
14 AUG 2026,SECURKLOUD,EQ,SECUREKLOUD TECH LIMITED ,Listed    ,14 AUG 2026,               5.00,          33410605,             18.25,      610077647.30
14 AUG 2026,SEDEMAC,EQ,SEDEMAC MECHATRONICS LTD ,Listed    ,14 AUG 2026,              10.00,          44161500,           3152.90,   139236793350.00   
14 AUG 2026,SEIL,EQ,SHANTI EDU INITIATIVES L ,Permitted ,14 AUG 2026,               1.00,         161000000,            212.70,    34246310000.00      
14 AUG 2026,SEITINVIT,IV,SUSTAINABLE ENERGY INFRA ,Listed    ,12 AUG 2026,             100.00,         324000000,            124.00,    40176000000.00 
14 AUG 2026,SEJALLTD,EQ,SEJAL GLASS LIMITED      ,Listed    ,14 AUG 2026,              10.00,          11400000,            679.90,     7750860000.00  
14 AUG 2026,SEL,SM,SUNGARNER ENERGIES LTD   ,Listed    ,14 AUG 2026,              10.00,           2318750,            314.80,      729942500.00       
14 AUG 2026,SELLOWRAP,SM,SELLOWRAP INDUSTRIES LTD ,Listed    ,14 AUG 2026,              10.00,          13744220,             68.00,      934606960.00 
14 AUG 2026,SELMC,EQ,SEL MANUFACTURING CO LTD ,Listed    ,14 AUG 2026,              10.00,          33134700,             27.60,      914517720.00     
14 AUG 2026,SEMAC,BE,SEMAC CONSTRUCTION LTD   ,Listed    ,14 AUG 2026,              10.00,           3117308,            326.00,     1016242408.00     
14 AUG 2026,SENCO,EQ,SENCO GOLD LIMITED       ,Listed    ,14 AUG 2026,               5.00,         163838649,            341.85,    56008242160.65     
14 AUG 2026,SENORES,EQ,SENORES PHARMACEUTICALS L,Listed    ,14 AUG 2026,              10.00,          46053588,           1477.70,    68053386987.60   
14 AUG 2026,SEPC,EQ,SEPC LIMITED             ,Listed    ,14 AUG 2026,              10.00,        1920373759,              5.75,    11080556589.45      
14 AUG 2026,SERVICE,SM,SERVICE CARE LIMITED     ,Listed    ,14 AUG 2026,              10.00,          13328500,             63.00,      839695500.00   
14 AUG 2026,SERVOTECH,EQ,SERVOTECH REN POW SYS LTD,Listed    ,14 AUG 2026,               1.00,         225845348,             82.80,    18695477907.45 
14 AUG 2026,SESHAPAPER,EQ,SESHASAYEE PAPER & BOARDS,Listed    ,14 AUG 2026,               2.00,          63068140,            232.05,    14634331205.60
14 AUG 2026,SETCO,BE,SETCO AUTOMOTIVE LTD     ,Listed    ,14 AUG 2026,               2.00,         133767275,             17.20,     2303472475.50     
14 AUG 2026,SETL,EQ,STANDARD ENGNG TCNLGY LTD,Listed    ,14 AUG 2026,              10.00,         199491662,            298.40,    59528311940.80      
14 AUG 2026,SETUINFRA,BZ,SETUBANDHAN INFRA LTD    ,Listed    ,14 AUG 2026,               1.00,         125678260,              0.40,       52784869.20 
14 AUG 2026,SEYAIND,BE,SEYA INDUSTRIES LIMITED  ,Listed    ,14 AUG 2026,              10.00,          26570540,             12.30,      326551936.60   
14 AUG 2026,SFL,EQ,SHEELA FOAM LIMITED      ,Listed    ,14 AUG 2026,               5.00,         109203314,            699.95,    76436859634.30       
14 AUG 2026,SFML,SM,SUPREME FACILITY MGMT LTD,Listed    ,14 AUG 2026,              10.00,          24829200,             21.95,      545000940.00      
14 AUG 2026,SGFIN,EQ,SG FINSERVE LIMITED      ,Listed    ,14 AUG 2026,              10.00,          55895000,            662.05,    37005284750.00     
14 AUG 2026,SGIL,EQ,SYNERGY GREEN IND. LTD   ,Listed    ,14 AUG 2026,              10.00,          15543000,            560.85,     8717291550.00      
14 AUG 2026,SGL,EQ,STL GLOBAL LIMITED       ,Listed    ,14 AUG 2026,              10.00,          26990914,              9.75,      262621593.20       
14 AUG 2026,SGMART,EQ,SG MART LIMITED          ,Listed    ,14 AUG 2026,               1.00,         126035200,            735.85,    92743001920.00    
14 AUG 2026,SHADOWFAX,EQ,SHADOWFAX TECHNOLOGIES L ,Listed    ,14 AUG 2026,              10.00,         584980412,            251.35,   147023126947.95 
14 AUG 2026,SHAH,EQ,SHAH METACORP LIMITED    ,Listed    ,14 AUG 2026,               1.00,         987679005,              4.10,     4049483920.50      
14 AUG 2026,SHAHALLOYS,EQ,SHAH ALLOYS LIMITED      ,Listed    ,14 AUG 2026,              10.00,          19797540,             72.10,     1427600609.40
14 AUG 2026,SHAILY,EQ,SHAILY ENG PLASTICS LTD  ,Listed    ,14 AUG 2026,               2.00,          45995248,           3365.00,   154774009520.00    
14 AUG 2026,SHAIVAL,ST,SHAIVAL REALITY LIMITED  ,Listed    ,20 MAR 2026,              10.00,          11574000,             33.00,      381942000.00   
14 AUG 2026,SHAKTIPUMP,EQ,SHAKTI PUMPS (I) LTD     ,Listed    ,14 AUG 2026,              10.00,         123397965,            500.30,    61736001889.50
14 AUG 2026,SHALBY,EQ,SHALBY LIMITED           ,Listed    ,14 AUG 2026,              10.00,         108009770,            152.90,    16515773930.70    
14 AUG 2026,SHALPAINTS,BE,SHALIM PAINTS LTD        ,Listed    ,14 AUG 2026,               2.00,          83711178,             91.40,     7650364557.40
14 AUG 2026,SHANKARA,EQ,SHANKARA BLDG PRODUCT LTD,Listed    ,14 AUG 2026,              10.00,          24249326,            141.05,     3420124939.05  
14 AUG 2026,SHANTHALA,SM,SHANTHALA FMCG PRODUCTS L,Listed    ,14 AUG 2026,              10.00,           6698064,             18.20,      121904764.80 
14 AUG 2026,SHANTI,EQ,SHANTI OVERSEAS INDIA LTD,Listed    ,14 AUG 2026,              10.00,          11106000,              6.20,       69079320.00    
14 AUG 2026,SHANTI-RE,BE,SHANTI GOLD INTL LTD     ,Permitted ,14 AUG 2026,              10.00,           4625879,             23.50,      108800674.10 
14 AUG 2026,SHANTIGEAR,EQ,SHANTHI GEARS LTD        ,Listed    ,14 AUG 2026,               1.00,          76715853,            397.45,    30490715774.85
14 AUG 2026,SHANTIGOLD,EQ,SHANTI GOLD INTERNATION L,Listed    ,14 AUG 2026,              10.00,          76739471,            247.65,    19005297387.85
14 AUG 2026,SHARDACROP,EQ,SHARDA CROPCHEM LTD.     ,Listed    ,14 AUG 2026,              10.00,          90220495,            786.40,    70949397268.00
14 AUG 2026,SHARDAMOTR,EQ,SHARDA MOTOR INDS LTD    ,Listed    ,14 AUG 2026,               2.00,          57407706,            898.25,    51566471914.50
14 AUG 2026,SHARDUL,BE,SHARDUL SECURITIES LTD.  ,Permitted ,14 AUG 2026,               2.00,          87492165,             52.30,     4574965307.85   
14 AUG 2026,SHAREINDIA,EQ,SHARE IND. SECURITIES LTD,Listed    ,14 AUG 2026,               2.00,         217492050,            174.45,    37945837963.50
14 AUG 2026,SHBAJRG,EQ,SHRI BAJRANG ALLIANCE L  ,Permitted ,14 AUG 2026,              10.00,           9000000,            173.80,     1564200000.00   
14 AUG 2026,SHEEL,ST,SHEEL BIOTECH LIMITED    ,Listed    ,14 AUG 2026,              10.00,          20352550,             64.00,     1302563200.00     
14 AUG 2026,SHEETAL,SM,SHEETAL UNIVERSAL LIMITED,Listed    ,14 AUG 2026,              10.00,          11455999,            326.60,     3741529273.40   
14 AUG 2026,SHEKHAWATI,EQ,SHEKHAWATI INDUSTRIES LTD,Listed    ,14 AUG 2026,              10.00,          34470000,             19.35,      666305100.00
14 AUG 2026,SHEMAROO,BE,SHEMAROO ENTER. LTD.     ,Listed    ,14 AUG 2026,              10.00,          28730299,            129.15,     3709943509.85  
14 AUG 2026,SHERA,ST,SHERA ENERGY LIMITED     ,Listed    ,14 AUG 2026,              10.00,          24439347,            170.55,     4168130630.85     
14 AUG 2026,SHETHJI,ST,SHREEJI GLOBAL FMCG LTD  ,Listed    ,14 AUG 2026,              10.00,          22760000,            170.50,     3880580000.00   
14 AUG 2026,SHIGAN,SM,SHIGAN QUANTUM TECH LTD  ,Listed    ,11 AUG 2026,              10.00,          20327400,             62.00,     1260298800.00    
14 AUG 2026,SHILCTECH,EQ,SHILCHAR TECHNOLOGIES LTD,Listed    ,14 AUG 2026,              10.00,          11440200,           3904.20,    44664828840.00 
14 AUG 2026,SHILPAMED,EQ,SHILPA MEDICARE LTD      ,Listed    ,14 AUG 2026,               1.00,         195581816,            822.00,   160768252752.00 
14 AUG 2026,SHINDL,EQ,SHARAT INDUSTRIES LTD.   ,Permitted ,14 AUG 2026,              10.00,          39214451,            163.30,     6404504137.30    
14 AUG 2026,SHIVALIK,BE,SHIVALIK RASAYAN LIMITED ,Listed    ,14 AUG 2026,               5.00,          15750365,            268.00,     4220940316.35  
14 AUG 2026,SHIVAMAUTO,BE,SHIVAM AUTO.LTD          ,Listed    ,14 AUG 2026,               2.00,         131495219,             16.80,     2210434631.40
14 AUG 2026,SHIVAMILLS,EQ,SHIVA MILLS LIMITED      ,Listed    ,14 AUG 2026,              10.00,           8641808,             62.20,      537520457.60
14 AUG 2026,SHIVASHRIT,SM,SHIVASHRIT FOODS LIMITED ,Listed    ,14 AUG 2026,              10.00,          18269000,            125.00,     2283625000.00
14 AUG 2026,SHIVATEX,EQ,SHIVA TEXYARN LIMITED    ,Listed    ,14 AUG 2026,              10.00,          12962713,            162.70,     2108774150.85  
14 AUG 2026,SHIVAUM,EQ,SHIV AUM STEELS LIMITED  ,Listed    ,14 AUG 2026,              10.00,          13600400,            447.10,     6080738840.00   
14 AUG 2026,SHK,EQ,S H KELKAR AND CO. LTD.  ,Listed    ,14 AUG 2026,              10.00,         138420801,            170.70,    23631199146.70       
14 AUG 2026,SHKSIL,SM,SHRI HARE-KRI SPO IRON L ,Listed    ,14 AUG 2026,              10.00,          19191050,             37.00,      710068850.00    
14 AUG 2026,SHOPERSTOP,EQ,SHOPPERS STOP LIMITED    ,Listed    ,14 AUG 2026,               5.00,         110124746,            424.35,    46731435965.10
14 AUG 2026,SHRADHA,EQ,SHRADHA REALTY LIMITED   ,Listed    ,14 AUG 2026,               2.00,          80997568,             34.45,     2790366217.60   
14 AUG 2026,SHREDIGCEM,EQ,SHREE DIGVIJAY CEM CO LTD,Listed    ,14 AUG 2026,              10.00,         147869278,             71.90,    10633279781.00
14 AUG 2026,SHREECEM,EQ,SHREE CEMENT LIMITED     ,Listed    ,14 AUG 2026,              10.00,          36080748,          24795.00,   894622146660.00  
14 AUG 2026,SHREEDHAR,ST,SHREEDHAR SPINNERS LTD   ,Listed    ,14 AUG 2026,              10.00,          21438000,            117.45,     2517893100.00 
14 AUG 2026,SHREEJISPG,EQ,SHREEJI SHIPPING GLOBAL L,Listed    ,14 AUG 2026,              10.00,         162918254,            653.40,   106450787163.60
14 AUG 2026,SHREEKARNI,SM,SHREE KARNI FABCOM LTD   ,Listed    ,14 AUG 2026,              10.00,           7228750,            357.05,     2581025187.50
14 AUG 2026,SHREEOSFM,SM,SHREE OSFM E-MOBILITY LTD,Listed    ,14 AUG 2026,              10.00,          15403400,             59.40,      914961960.00 
14 AUG 2026,SHREEPUSHK,EQ,SHRE PUSH CHEM & FERT LTD,Listed    ,14 AUG 2026,              10.00,          32337691,            384.30,    12427374651.30
14 AUG 2026,SHREERAMA,EQ,SHREE RAMA MULTI TECH LTD,Listed    ,14 AUG 2026,               5.00,         133468005,             43.80,     5845898619.00 
14 AUG 2026,SHREMINVIT,IV,SHREM INVIT              ,Listed    ,14 AUG 2026,             100.00,         610844160,            101.50,    62000682240.00
14 AUG 2026,SHRENIK,BZ,SHRENIK LIMITED          ,Listed    ,14 AUG 2026,               1.00,         612000000,              0.30,      189720000.00   
14 AUG 2026,SHREYANIND,EQ,SHREYANS INDUSTRIES LTD  ,Listed    ,14 AUG 2026,              10.00,          13825000,            130.25,     1800982750.00
14 AUG 2026,SHRIAHIMSA,ST,SHRI AHIMSA NATURALS LTD ,Listed    ,14 AUG 2026,              10.00,          23430900,            393.50,     9220059150.00
14 AUG 2026,SHRIKANHA,SM,SHRI KANHA STAINLESS LTD ,Listed    ,14 AUG 2026,              10.00,          15582400,             22.00,      342812800.00 
14 AUG 2026,SHRIKRISH,EQ,SHRI KRISHNA DEVCON LTD. ,Permitted ,14 AUG 2026,              10.00,          28000000,             40.00,     1120000000.00 
14 AUG 2026,SHRINGARMS,EQ,SHRINGAR HOU OF MANGALS L,Listed    ,14 AUG 2026,              10.00,          96432080,            223.25,    21530390501.60
14 AUG 2026,SHRIPISTON,EQ,SPR AUTO TECHNOLOGIES LTD,Listed    ,14 AUG 2026,              10.00,          44049824,           4492.40,   197889429337.60
14 AUG 2026,SHRIRAMFIN,EQ,SHRIRAM FINANCE LIMITED  ,Listed    ,14 AUG 2026,               2.00,        2352830568,           1122.00,  2639875897296.00
14 AUG 2026,SHRIRAMPPS,EQ,SHRIRAM PROPERTIES LTD   ,Listed    ,14 AUG 2026,              10.00,         170654392,             78.10,    13329814559.10
14 AUG 2026,SHRITECH,SM,SHRI TECHTEX LIMITED     ,Listed    ,14 AUG 2026,              10.00,          24950000,             61.90,     1544405000.00  
14 AUG 2026,SHUBHLAXMI,SM,SHUBHLAXMI JEWEL ART LTD ,Listed    ,13 AUG 2026,              10.00,          10604000,             19.05,      202006200.00
14 AUG 2026,SHUBHSHREE,SM,SHUBHSHREE BIOFUELS ENE L,Listed    ,14 AUG 2026,              10.00,           5242000,            328.00,     1719376000.00
14 AUG 2026,SHUKRAPHAR,EQ,SHUKRA PHARMACEUTICALS L ,Listed    ,14 AUG 2026,               1.00,         439614440,             41.40,    18208830104.80
14 AUG 2026,SHYAMCENT,BE,SHYAM CENTURY FERROUS LTD,Listed    ,14 AUG 2026,               1.00,         212172990,              5.00,     1058743220.10 
14 AUG 2026,SHYAMDHANI,ST,SHYAM DHANI INDUSTRIES L ,Listed    ,14 AUG 2026,              10.00,          20656000,             54.35,     1122653600.00
14 AUG 2026,SHYAMMETL,EQ,SHYAM METALICS AND ENGY L,Listed    ,14 AUG 2026,              10.00,         279131853,            999.60,   279020200258.80 
14 AUG 2026,SHYAMTEL,BE,SHYAM TELECOM LIMITED    ,Listed    ,14 AUG 2026,              10.00,          11270000,             14.10,      159132400.00  
14 AUG 2026,SICAGEN,EQ,SICAGEN INDIA LIMITED    ,Permitted ,14 AUG 2026,              10.00,          39571684,             58.80,     2326815019.20   
14 AUG 2026,SICALLOG,BE,SICAL LOGISTICS LIMITED  ,Listed    ,14 AUG 2026,              10.00,          79784870,            115.75,     9233503005.10  
14 AUG 2026,SIDDHICOTS,SM,SIDDHI COTSPIN LIMITED   ,Listed    ,14 AUG 2026,              10.00,          24406491,             28.00,      683381748.00
14 AUG 2026,SIDDHIKA,SM,SIDDHIKA COATINGS LIMITED,Listed    ,13 AUG 2026,              10.00,           6179000,            215.05,     1328793950.00  
14 AUG 2026,SIEMENS,EQ,SIEMENS LTD              ,Listed    ,14 AUG 2026,               2.00,         356120505,           3940.00,  1403114789700.00   
14 AUG 2026,SIGACHI,BE,SIGACHI INDUSTRIES LTD   ,Listed    ,14 AUG 2026,               1.00,         382117010,             27.30,    10424152032.80   
14 AUG 2026,SIGIND,EQ,SIGNET INDUSTRIES LIMITED,Listed    ,14 AUG 2026,              10.00,          29437000,             66.30,     1952261840.00    
14 AUG 2026,SIGMA,EQ,SIGMA SOLVE LIMITED      ,Listed    ,14 AUG 2026,               1.00,         102774980,             46.15,     4744093076.80     
14 AUG 2026,SIGMAADV,BE,SIGMA ADVANCED SYSTEM LTD,Listed    ,14 AUG 2026,              10.00,         176239705,            660.10,   116335829270.50  
14 AUG 2026,SIGNATURE,EQ,SIGNATUREGLOBAL INDIA LTD,Listed    ,14 AUG 2026,               1.00,         140510691,            809.25,   113708276691.75 
14 AUG 2026,SIGNORIA,ST,SIGNORIA CREATION LIMITED,Listed    ,14 AUG 2026,              10.00,           4758000,            163.00,      775554000.00  
14 AUG 2026,SIGNPOST,EQ,SIGNPOST INDIA LIMITED   ,Listed    ,14 AUG 2026,               2.00,          53450000,            267.40,    14292530000.00  
14 AUG 2026,SIKA,EQ,SIKA INTERPLANT SYSTEMS L,Permitted ,14 AUG 2026,               2.00,          21200875,           1098.80,    23295521450.00      
14 AUG 2026,SIKKO,BE,SIKKO INDUSTRIES LIMITED ,Listed    ,14 AUG 2026,               1.00,         436800000,              5.55,     2428608000.00     
14 AUG 2026,SIL,EQ,STANDARD INDUSTRIES LTD. ,Listed    ,14 AUG 2026,               5.00,          64328941,             19.60,     1260203954.20       
14 AUG 2026,SILGO,EQ,SILGO RETAIL LIMITED     ,Listed    ,14 AUG 2026,              10.00,          39290219,             69.80,     2741671481.80     
14 AUG 2026,SILINV,EQ,SIL INVESTMENTS LIMITED  ,Listed    ,14 AUG 2026,              10.00,          10595860,            440.55,     4668006123.00    
14 AUG 2026,SILKFLEX,SM,SILKFLEX POLYMERS INDIA L,Listed    ,14 AUG 2026,              10.00,          11607000,            207.00,     2402649000.00  
14 AUG 2026,SILKY,SM,SILKY OVERSEAS LIMITED   ,Listed    ,14 AUG 2026,              10.00,           6367623,             72.00,      458468856.00     
14 AUG 2026,SILLYMONKS,EQ,SILLY MONKS ENTERTAIN LTD,Listed    ,14 AUG 2026,              10.00,          13835837,             15.65,      216254132.30
14 AUG 2026,SILVERTUC,EQ,SILVER TOUCH TECHNO LTD  ,Listed    ,14 AUG 2026,               2.00,         126810000,            209.30,    26540064900.00 
14 AUG 2026,SIMBHALS,BZ,SIMBHAOLI SUGARS LTD.    ,Listed    ,14 AUG 2026,              10.00,          41279020,              6.95,      286476398.80  
14 AUG 2026,SIMCA,SM,SIMCA ADVERTISING LIMITED,Listed    ,14 AUG 2026,              10.00,          11971600,            244.55,     2927654780.00     
14 AUG 2026,SIMPLEXINF,EQ,SIMPLEX INFRASTRUCTURES L,Listed    ,14 AUG 2026,               2.00,          79095346,            250.10,    19781746034.60
14 AUG 2026,SINCLAIR,EQ,SINCLAIRS HOTELS LIMITED ,Listed    ,14 AUG 2026,               2.00,          51260000,             74.60,     3822970800.00  
14 AUG 2026,SINDHUTRAD,EQ,SINDHU TRADE LINKS LTD   ,Listed    ,14 AUG 2026,               1.00,        1541928780,             23.65,    36451196359.20
14 AUG 2026,SINGERIND,EQ,SINGER INDIA LIMITED     ,Listed    ,14 AUG 2026,               2.00,          62219117,             83.20,     5177874916.75 
14 AUG 2026,SINTERCOM,EQ,SINTERCOM INDIA LIMITED  ,Listed    ,14 AUG 2026,              10.00,          27527822,             82.45,     2269944202.10 
14 AUG 2026,SIRCA,EQ,SIRCA PAINT INDIA LIMITED,Listed    ,14 AUG 2026,              10.00,          56792800,            426.90,    24244846320.00     
14 AUG 2026,SIS,EQ,SIS LIMITED              ,Listed    ,14 AUG 2026,               5.00,         141300750,            429.65,    60709867237.50       
14 AUG 2026,SITINET,BZ,SITI NETWORKS LIMITED    ,Listed    ,14 AUG 2026,               1.00,         872053848,              0.30,      252895615.90   
14 AUG 2026,SIYSIL,EQ,SIYARAM SILK MILLS LTD   ,Listed    ,14 AUG 2026,               2.00,          45370088,            637.40,    28918894091.20    
14 AUG 2026,SJLOGISTIC,SM,S J LOGISTICS (INDIA) LTD,Listed    ,14 AUG 2026,              10.00,          15293130,            316.25,     4836452362.50
14 AUG 2026,SJS,EQ,SJS ENTERPRISES LIMITED  ,Listed    ,14 AUG 2026,              10.00,          32005154,           2532.50,    81053052505.00       
14 AUG 2026,SJVN,EQ,SJVN LTD                 ,Listed    ,14 AUG 2026,              10.00,        3929795175,             67.20,   264121533711.75      
14 AUG 2026,SKFINDIA,EQ,SKF INDIA LTD            ,Listed    ,14 AUG 2026,              10.00,          49437963,           1573.30,    77780747187.90  
14 AUG 2026,SKFINDUS,EQ,SKF IND (INDUSTRIAL) LTD ,Listed    ,14 AUG 2026,              10.00,          49437963,           2684.70,   132726099266.10  
14 AUG 2026,SKIPPER,EQ,SKIPPER LIMITED          ,Listed    ,14 AUG 2026,               1.00,         112904035,            525.35,    59314134787.25   
14 AUG 2026,SKMEGGPROD,EQ,SKM EGG PROD EXPORT(I) LT,Listed    ,14 AUG 2026,               5.00,          52660000,            259.50,    13665270000.00
14 AUG 2026,SKP,SM,SKP BEARING INDUSTRI. LTD,Listed    ,14 AUG 2026,              10.00,          16600000,            162.00,     2689200000.00       
14 AUG 2026,SKYGOLD,EQ,SKY GOLD AND DIAMONDS LTD,Listed    ,14 AUG 2026,              10.00,         154873884,            773.40,   119779461885.60   
14 AUG 2026,SLONE,ST,SLONE INFOSYSTEMS LIMITED,Listed    ,14 AUG 2026,              10.00,           5269013,            141.70,      746619142.10     
14 AUG 2026,SMARTEN,ST,SMARTEN POWER SYSTEMS LTD,Listed    ,14 AUG 2026,              10.00,          19000800,             48.05,      912988440.00   
14 AUG 2026,SMARTLINK,BE,SMARTLINK HOLDINGS LTD   ,Listed    ,14 AUG 2026,               2.00,           9975000,            225.50,     2249462250.00 
14 AUG 2026,SMARTWORKS,EQ,SMARTWORKS COWORKING SP L,Listed    ,14 AUG 2026,              10.00,         114262076,            488.75,    55845589645.00
14 AUG 2026,SMCGLOBAL,EQ,SMC GLOBAL SECURITIES LTD,Listed    ,14 AUG 2026,               2.00,         209400000,             79.45,    16638924000.00 
14 AUG 2026,SMLMAH,EQ,SML MAHINDRA LIMITED     ,Listed    ,14 AUG 2026,              10.00,          14471646,           5134.50,    74304666387.00    
14 AUG 2026,SMLT,EQ,SARTHAK METALS LIMITED   ,Listed    ,14 AUG 2026,              10.00,          13689750,             71.60,      980322997.50      
14 AUG 2026,SMSPHARMA,EQ,SMS PHARMACEUTICALS LTD. ,Listed    ,14 AUG 2026,               1.00,          93652030,            361.35,    33841161040.50 
14 AUG 2026,SMVD,SM,SMVD POLY PACK LIMITED   ,Listed    ,14 AUG 2026,              10.00,          10030108,             15.30,      153460652.40      
14 AUG 2026,SNEHAA,SM,SNEHAA ORGANICS LIMITED  ,Listed    ,13 AUG 2026,              10.00,          10179000,             47.00,      478413000.00    
14 AUG 2026,SNOWMAN,EQ,SNOWMAN LOGISTICS LTD.   ,Listed    ,14 AUG 2026,              10.00,         167087995,             37.90,     6335976770.40   
14 AUG 2026,SOBHA,EQ,SOBHA LIMITED            ,Listed    ,14 AUG 2026,              10.00,         106932806,           1328.20,   142028152929.20     
14 AUG 2026,SOCL,SM,SUNDREX OIL COMPANY LTD  ,Listed    ,14 AUG 2026,              10.00,          13393552,             28.75,      385064620.00      
14 AUG 2026,SOFTTECH,EQ,SOFTTECH ENGINEERS LTD   ,Listed    ,14 AUG 2026,              10.00,          13842138,            428.55,     5932048239.90  
14 AUG 2026,SOLARA,EQ,SOLARA ACTIVE PHA SCI LTD,Listed    ,14 AUG 2026,              10.00,          47711831,            512.30,    24442771021.30    
14 AUG 2026,SOLARINDS,EQ,SOLAR INDUSTRIES (I) LTD ,Listed    ,14 AUG 2026,               2.00,          90490055,          19969.00,  1806995908295.00 
14 AUG 2026,SOLARWORLD,EQ,SOLARWORLD ENERGY SOL LTD,Listed    ,14 AUG 2026,               5.00,          86672654,            158.10,    13702946597.40
14 AUG 2026,SOLEX,EQ,SOLEX ENERGY LIMITED     ,Listed    ,14 AUG 2026,              10.00,          10802489,            879.85,     9504569946.65     
14 AUG 2026,SOMANYCERA,EQ,SOMANY CERAMICS LIMITED  ,Listed    ,14 AUG 2026,               2.00,          41012806,            522.65,    21435343055.90
14 AUG 2026,SOMATEX,EQ,SOMA TEXTILES & INDUST LT,Listed    ,14 AUG 2026,              10.00,          33033000,             91.35,     3018225210.00   
14 AUG 2026,SOMICONVEY,EQ,SOMI CONVEYOR BELT. LTD. ,Listed    ,14 AUG 2026,              10.00,          11779656,             86.50,     1019175837.10
14 AUG 2026,SONACOMS,EQ,SONA BLW PRECISION FRGS L,Listed    ,14 AUG 2026,              10.00,         622028337,            792.00,   492646442904.00  
14 AUG 2026,SONAL,EQ,SONAL MERCANTILE LTD.    ,Permitted ,14 AUG 2026,              10.00,          14738525,             91.00,     1340911004.50     
14 AUG 2026,SONAMAC,SM,SONA MACHINERY LIMITED   ,Listed    ,14 AUG 2026,              10.00,          13724000,             35.50,      487202000.00   
14 AUG 2026,SONAMLTD,EQ,SONAM LIMITED            ,Listed    ,14 AUG 2026,               5.00,          40032000,             55.40,     2216972160.00  
14 AUG 2026,SONATSOFTW,EQ,SONATA SOFTWARE LTD      ,Listed    ,14 AUG 2026,               1.00,         280424816,            325.90,    91390447534.40
14 AUG 2026,SONUINFRA,ST,SONU INFRATECH LIMITED   ,Listed    ,14 AUG 2026,              10.00,          11764764,             36.50,      429413886.00 
14 AUG 2026,SOTAC,SM,SOTAC PHARMACEUTICALS LTD,Listed    ,13 AUG 2026,              10.00,          11050000,             87.40,      965770000.00     
14 AUG 2026,SOTL,EQ,SAVITA OIL TECHNOLO. LTD ,Listed    ,14 AUG 2026,               2.00,          68560415,            699.15,    47934014147.25      
14 AUG 2026,SOUTHBANK,EQ,THE SOUTH INDIAN BANK LTD,Listed    ,14 AUG 2026,               1.00,        2617618886,             45.75,   119729887845.65 
14 AUG 2026,SOUTHWEST,EQ,SOUTH WEST PINNACLE LTD  ,Listed    ,14 AUG 2026,              10.00,          29830011,            220.25,     6570059922.75 
14 AUG 2026,SPAL,EQ,S. P. APPARELS LIMITED   ,Listed    ,14 AUG 2026,              10.00,          25138883,            937.30,    23562675035.90      
14 AUG 2026,SPANDANA,EQ,SPANDANA SPHOORTY FIN LTD,Listed    ,14 AUG 2026,              10.00,          71305144,            245.80,    17526804395.20  
14 AUG 2026,SPARC,EQ,SUN PHARMA ADV.RES.CO.LTD,Listed    ,14 AUG 2026,               1.00,         324499558,            198.00,    64244422492.85     
14 AUG 2026,SPCENET,EQ,SPACENET ENTERS IND LTD  ,Listed    ,14 AUG 2026,               1.00,         567735736,              3.60,     2043848649.60   
14 AUG 2026,SPCL,SM,SHIVALIC POWER CONTROL L ,Listed    ,14 AUG 2026,              10.00,          24115754,             63.40,     1528938803.60      
14 AUG 2026,SPCON,SM,SRINIBAS PRADHAN CONST L ,Listed    ,14 AUG 2026,              10.00,           7860997,            128.05,     1006600665.85     
14 AUG 2026,SPEB,ST,SPEB ADHESIVES LIMITED   ,Listed    ,14 AUG 2026,              10.00,          22464570,             90.90,     2042029413.00      
14 AUG 2026,SPECIALITY,BE,SPECIALITY REST LTD      ,Listed    ,14 AUG 2026,              10.00,          48235657,            139.65,     6737074213.20
14 AUG 2026,SPECTRUM,BE,SPECTRUM ELECTRIC IND LTD,Listed    ,14 AUG 2026,              10.00,          15713840,           2236.90,    35150288696.00  
14 AUG 2026,SPECTSTM,SM,SPECTRUM TALENT MGMT LTD ,Listed    ,14 AUG 2026,              10.00,          23093096,             62.50,     1443318500.00  
14 AUG 2026,SPENCERS,EQ,SPENCER S RETAIL LIMITED ,Listed    ,14 AUG 2026,               5.00,          90138789,             30.75,     2773570537.55  
14 AUG 2026,SPIC,EQ,SPIC LTD                 ,Listed    ,14 AUG 2026,              10.00,         203640336,             67.70,    13782377940.50      
14 AUG 2026,SPLIL,EQ,SPL INDUSTRIES LIMITED   ,Listed    ,14 AUG 2026,              10.00,          29000004,             31.70,      919880126.90     
14 AUG 2026,SPLPETRO,EQ,SUPREME PETROCHEM LIMITED,Listed    ,14 AUG 2026,               2.00,         188041342,            726.55,   136621437030.10  
14 AUG 2026,SPMLINFRA,EQ,SPML INFRA LIMITED       ,Listed    ,14 AUG 2026,               2.00,          83916179,            190.55,    15991067070.25 
14 AUG 2026,SPORTKING,EQ,SPORTKING INDIA LIMITED  ,Listed    ,14 AUG 2026,               1.00,         132872000,            199.90,    26559784080.00 
14 AUG 2026,SPPPOLY,SM,SPP POLYMER LIMITED      ,Listed    ,12 AUG 2026,              10.00,          15391160,             12.50,      192389500.00   
14 AUG 2026,SPRL,SM,SP REFRACTORIES LIMITED  ,Listed    ,12 AUG 2026,              10.00,           1789500,            101.95,      182439525.00      
14 AUG 2026,SPUNWEB,SM,SPUNWEB NONWOVEN LIMITED ,Listed    ,14 AUG 2026,              10.00,          24103409,             99.00,     2386237491.00   
14 AUG 2026,SRD,EQ,SHANKAR LAL RAMPAL LTD   ,Listed    ,14 AUG 2026,              10.00,          63966780,             40.50,     2590654590.00       
14 AUG 2026,SREEL,EQ,SREELEATHERS LIMITED     ,Listed    ,14 AUG 2026,              10.00,          23155012,            240.80,     5576189989.85     
14 AUG 2026,SRF,EQ,SRF LTD                  ,Listed    ,14 AUG 2026,              10.00,         296424825,           2606.00,   772483093950.00       
14 AUG 2026,SRGHFL,EQ,SRG HOUSING FINANCE L    ,Listed    ,14 AUG 2026,              10.00,          15706238,            266.80,     4190424298.40    
14 AUG 2026,SRHHYPOLTD,EQ,SREE RAYALSEEMA HHP LTD. ,Listed    ,14 AUG 2026,              10.00,          17164821,            496.55,     8523191867.55
14 AUG 2026,SRIVASAVI,ST,SRIVASAVI ADHESIVE TAPE L,Listed    ,14 AUG 2026,              10.00,          14174166,             80.00,     1133933280.00 
14 AUG 2026,SRM,EQ,SRM CONTRACTORS LIMITED  ,Listed    ,14 AUG 2026,              10.00,          22944200,            483.70,    11098109540.00       
14 AUG 2026,SRTL,EQ,SHREE RAM TWISTEX LIMITED,Listed    ,14 AUG 2026,              10.00,          39975000,             39.55,     1581411000.00      
14 AUG 2026,SSDL,EQ,SARASWATI SAREE DEPOT LTD,Listed    ,14 AUG 2026,              10.00,          39599800,             65.15,     2579530972.00      
14 AUG 2026,SSEGL,SM,SATHLOKHAR SYN E&C GLOB L,Listed    ,14 AUG 2026,              10.00,          25978592,            304.50,     7910481264.00     
14 AUG 2026,SSFL,ST,SRIVARI SPICES N FOODS L ,Listed    ,14 AUG 2026,              10.00,           8570400,            231.60,     1984904640.00      
14 AUG 2026,SSWL,EQ,STEEL STRIPS WHEELS LTD. ,Listed    ,14 AUG 2026,               1.00,         157180425,            312.90,    49181754982.50      
14 AUG 2026,STALLION,BE,STALLION IND FLUOROCHEM L,Listed    ,14 AUG 2026,              10.00,         116085737,            229.85,    26682306649.45  
14 AUG 2026,STANLEY,EQ,STANLEY LIFESTYLES LTD   ,Listed    ,14 AUG 2026,               2.00,          57125663,            136.20,     7781657813.85   
14 AUG 2026,STAR,EQ,STRIDES PHARMA SCI LTD   ,Listed    ,14 AUG 2026,              10.00,          92172714,            967.80,    89204752609.20      
14 AUG 2026,STARCEMENT,EQ,STAR CEMENT LIMITED      ,Listed    ,14 AUG 2026,               1.00,         412428997,            200.05,    82510545139.80
14 AUG 2026,STARHEALTH,EQ,STAR HEALTH & AL INS CO L,Listed    ,14 AUG 2026,              10.00,         588433502,            585.15,   344321863695.30
14 AUG 2026,STARPAPER,EQ,STAR PAPER MILLS LTD     ,Listed    ,14 AUG 2026,              10.00,          15608350,            148.00,     2309723633.00 
14 AUG 2026,STARTECK,EQ,STARTECK FINANCE LIMITED ,Listed    ,14 AUG 2026,              10.00,           9910330,            257.05,     2547450326.50  
14 AUG 2026,STCINDIA,EQ,THE STATE TRADING CORPN  ,Listed    ,14 AUG 2026,              10.00,          60000000,            116.70,     7002000000.00  
14 AUG 2026,STEELCAS,EQ,STEELCAST LIMITED        ,Listed    ,14 AUG 2026,               1.00,         101200000,            351.85,    35607220000.00  
14 AUG 2026,STEELCITY,EQ,STEEL CITY SECURITIES LTD,Listed    ,14 AUG 2026,              10.00,          15107095,             83.55,     1261895645.35 
14 AUG 2026,STEELXIND,EQ,STEEL EXCHANGE INDIA LTD ,Listed    ,14 AUG 2026,               1.00,        1275518412,             10.85,    13864885138.45 
14 AUG 2026,STEL,EQ,STEL HOLDINGS LIMITED    ,Listed    ,14 AUG 2026,              10.00,          18455405,            581.20,    10726281386.00      
14 AUG 2026,STERTOOLS,BE,STERLING TOOLS LIMITED   ,Listed    ,14 AUG 2026,               2.00,          36344426,            223.95,     8139334202.70 
14 AUG 2026,STLNETWORK,EQ,STL NETWORKS LIMITED     ,Listed    ,14 AUG 2026,               2.00,         488076500,             25.80,    12582612170.00
14 AUG 2026,STLTECH,BE,STERLITE TECHNOLOGIES LTD,Listed    ,14 AUG 2026,               2.00,         513911242,            647.75,   332886007005.50   
14 AUG 2026,STOVEKRAFT,EQ,STOVE KRAFT LIMITED      ,Listed    ,14 AUG 2026,              10.00,          33107321,            750.70,    24853665874.70
14 AUG 2026,STRIDERS,SM,STRIDERS IMPEX LIMITED   ,Listed    ,14 AUG 2026,              10.00,          18616880,             62.40,     1161693312.00  
14 AUG 2026,STUDDS,EQ,STUDDS ACCESSORIES LTD   ,Listed    ,14 AUG 2026,               5.00,          39353400,            425.25,    16735033350.00    
14 AUG 2026,STUDIOLSD,SM,STUDIO LSD LIMITED       ,Listed    ,14 AUG 2026,               2.00,          51891755,              8.65,      448863680.75 
14 AUG 2026,STYL,EQ,SESHAASAI TECHNOLOGIES L ,Listed    ,14 AUG 2026,              10.00,         161805826,            408.30,    66065318755.80      
14 AUG 2026,STYLAMIND,EQ,STYLAM INDUSTRIES LIMITED,Listed    ,14 AUG 2026,               5.00,          16948060,           3642.00,    61724834520.00 
14 AUG 2026,STYLEBAAZA,EQ,BAAZAR STYLE RETAIL LTD  ,Listed    ,14 AUG 2026,               5.00,          74617353,            365.25,    27253988183.25
14 AUG 2026,STYRENIX,EQ,STYRENIX PERFORMANCE LTD ,Listed    ,14 AUG 2026,              10.00,          17585625,           2183.70,    38401729312.50  
14 AUG 2026,SUBAHOTELS,SM,SUBA HOTELS LIMITED      ,Listed    ,14 AUG 2026,              10.00,          24242516,            115.95,     2810919730.20
14 AUG 2026,SUBEXLTD,BE,SUBEX LTD                ,Listed    ,14 AUG 2026,               5.00,         562002935,             13.90,     7800600737.80  
14 AUG 2026,SUBROS,EQ,SUBROS LIMITED           ,Listed    ,14 AUG 2026,               2.00,          65235750,            758.25,    49465007437.50    
14 AUG 2026,SUDARCOLOR,EQ,SUDARSHAN COLORNT IND LTD,Listed    ,14 AUG 2026,              10.00,          23081798,            413.40,     9542015293.20
14 AUG 2026,SUDARSCHEM,EQ,SUDARSHAN CHEMICAL INDS L,Listed    ,14 AUG 2026,               2.00,          78627576,           1118.10,    87913492725.60
14 AUG 2026,SUDEEPPHRM,EQ,SUDEEP PHARMA LIMITED    ,Listed    ,14 AUG 2026,               1.00,         112948625,           1105.55,   124870352368.75
14 AUG 2026,SUKHJITS,EQ,SUKHJIT STARCH & CHEM LTD,Listed    ,14 AUG 2026,               5.00,          31244000,            159.80,     4992166320.00  
14 AUG 2026,SULA,EQ,SULA VINEYARDS LIMITED   ,Listed    ,14 AUG 2026,               2.00,          84447229,            149.95,    12661173043.95      
14 AUG 2026,SUMEETINDS,EQ,SUMEET IND LIMITED       ,Listed    ,14 AUG 2026,               2.00,         694749898,             14.75,    10261455993.45
14 AUG 2026,SUMICHEM,EQ,SUMITOMO CHEM INDIA LTD  ,Listed    ,14 AUG 2026,              10.00,         499145736,            564.95,   281992383553.20  
14 AUG 2026,SUMIT,EQ,SUMIT WOODS LIMITED      ,Listed    ,14 AUG 2026,              10.00,          47858753,             51.05,     2443667928.20     
14 AUG 2026,SUMMITSEC,EQ,SUMMIT SECURITIES LTD    ,Listed    ,14 AUG 2026,              10.00,          10901781,           1443.90,    15741081585.90 
14 AUG 2026,SUNCLAY,EQ,SUNDARAM CLAYTON LIMITED ,Listed    ,14 AUG 2026,               5.00,          22046162,           1249.90,    27555497883.80   
14 AUG 2026,SUNDARAM,EQ,SUNDARAM MULTI PAP LTD   ,Listed    ,14 AUG 2026,               1.00,         473877773,              1.05,      492832883.90  
14 AUG 2026,SUNDARMFIN,EQ,SUNDARAM FINANCE LTD     ,Listed    ,14 AUG 2026,              10.00,         111103860,           4470.50,   496689806130.00
14 AUG 2026,SUNDRMBRAK,BE,SUNDARAMBRAKE LININGS LTD,Listed    ,14 AUG 2026,              10.00,           3934575,            881.05,     3466557303.75
14 AUG 2026,SUNDRMFAST,EQ,SUNDRAM FASTENERS LTD    ,Listed    ,14 AUG 2026,               1.00,         210128370,           1217.60,   255852303312.00
14 AUG 2026,SUNDROP,EQ,SUNDROP BRANDS LIMITED   ,Listed    ,14 AUG 2026,              10.00,          37696853,            660.10,    24883692665.30   
14 AUG 2026,SUNFLAG,EQ,SUNFLAG IRON AND STEEL CO,Listed    ,14 AUG 2026,              10.00,         180219448,            355.15,    64004936957.20   
14 AUG 2026,SUNLITE,SM,SUNLITE RECYCLING IND LTD,Listed    ,14 AUG 2026,              10.00,          13805848,            464.25,     6409364934.00   
14 AUG 2026,SUNPHARMA,EQ,SUN PHARMACEUTICAL IND L ,Listed    ,14 AUG 2026,               1.00,        2399334970,           1930.00,  4630716492100.00 
14 AUG 2026,SUNREST,SM,SUNREST LIFESCIENCE LTD  ,Listed    ,14 AUG 2026,              10.00,          17164800,             39.90,      684875520.00   
14 AUG 2026,SUNTECH,ST,SUNTECH INFRA SOLUTIONS L,Listed    ,14 AUG 2026,              10.00,          19362600,             33.15,      641870190.00   
14 AUG 2026,SUNTECK,EQ,SUNTECK REALTY LIMITED   ,Listed    ,14 AUG 2026,               1.00,         146842025,            299.05,    43913107576.25   
14 AUG 2026,SUNTV,EQ,SUN TV NETWORK LIMITED   ,Listed    ,14 AUG 2026,               5.00,         394084620,            484.60,   190973406852.00     
14 AUG 2026,SUPERHOUSE,EQ,SUPERHOUSE LIMITED       ,Listed    ,14 AUG 2026,              10.00,          11025000,            169.50,     1868958000.00
14 AUG 2026,SUPERSPIN,BE,SUPER SPINNING MILLS LTD ,Listed    ,14 AUG 2026,               1.00,          55000000,              5.75,      317350000.00 
14 AUG 2026,SUPRAJIT,EQ,SUPRAJIT ENGINEERING LTD ,Listed    ,14 AUG 2026,               1.00,         137171147,            524.60,    71959983716.20  
14 AUG 2026,SUPREME,EQ,SUPREME HOLDIN N HOSP I L,Listed    ,14 AUG 2026,              10.00,          38646853,             41.60,     1608095553.35   
14 AUG 2026,SUPREMEENG,BZ,SUPREME ENGINEERING LTD  ,Listed    ,14 AUG 2026,               1.00,         249950000,              2.35,      582383500.00
14 AUG 2026,SUPREMEIND,EQ,SUPREME INDUSTRIES LTD   ,Listed    ,14 AUG 2026,               2.00,         127026870,           3558.90,   452075927643.00
14 AUG 2026,SUPREMEINF,EQ,SUPREME INFRA. LTD.      ,Listed    ,14 AUG 2026,              10.00,          97502760,             90.85,     8860075801.20
14 AUG 2026,SUPREMEPWR,SM,SUPREME POWER EQUIPMENT L,Listed    ,14 AUG 2026,              10.00,          24991135,            184.70,     4615862634.50
14 AUG 2026,SUPRIYA,EQ,SUPRIYA LIFESCIENCE LTD  ,Listed    ,14 AUG 2026,               2.00,          80482800,            791.65,    63714208620.00   
14 AUG 2026,SURAJEST,EQ,SURAJ ESTATE DEVELOPERS L,Listed    ,14 AUG 2026,               5.00,          47773388,            214.30,    10238792516.15  
14 AUG 2026,SURAJLTD,EQ,SURAJ LIMITED            ,Listed    ,14 AUG 2026,              10.00,          18364100,            223.45,     4103274504.00  
14 AUG 2026,SURAKSHA,EQ,SURAKSHA DIAGNOSTIC LTD  ,Listed    ,14 AUG 2026,               2.00,          52080758,            304.90,    15879423114.20  
14 AUG 2026,SURANASOL,EQ,SURANA SOLAR LIMITED     ,Listed    ,14 AUG 2026,               5.00,          49206600,             25.60,     1259688960.00 
14 AUG 2026,SURANAT&P,EQ,SURANA TELECOM AND POW LT,Listed    ,14 AUG 2026,               1.00,         135759963,             16.55,     2246827387.65 
14 AUG 2026,SURANI,SM,SURANI STEEL TUBES LTD.  ,Listed    ,14 AUG 2026,              10.00,          15548036,             99.95,     1554026198.20    
14 AUG 2026,SURYALA,EQ,SURYALATA SPINNING MILL L,Permitted ,14 AUG 2026,              10.00,           4267000,            375.90,     1603965300.00   
14 AUG 2026,SURYALAXMI,EQ,SURYALAKSHMI COT MIL LTD ,Listed    ,14 AUG 2026,              10.00,          18805290,             56.25,     1057609509.60
14 AUG 2026,SURYAROSNI,EQ,SURYA ROSHNI LTD         ,Listed    ,14 AUG 2026,               5.00,         217635896,            223.00,    48528452090.10
14 AUG 2026,SURYODAY,EQ,SURYODAY SMALL FIN BK LTD,Listed    ,14 AUG 2026,              10.00,         106289824,            152.05,    16162430637.45  
14 AUG 2026,SUTLEJTEX,BE,SUTLEJ TEXT & INDUS LTD  ,Listed    ,14 AUG 2026,               1.00,         163828620,             38.10,     6240232135.80 
14 AUG 2026,SUVEN,EQ,SUVEN LIFE SCIENCES LTD  ,Listed    ,14 AUG 2026,               1.00,         263720583,            342.35,    90284741590.05     
14 AUG 2026,SUVIDHAA,EQ,SUVIDHAA INFOSERVE LTD   ,Listed    ,14 AUG 2026,               1.00,         209806690,              2.50,      528712858.80  
14 AUG 2026,SUYOG,EQ,SUYOG TELEMATICS LIMITED ,Listed    ,14 AUG 2026,              10.00,          11717120,            831.75,     9745714560.00     
14 AUG 2026,SUZLON,EQ,SUZLON ENERGY LIMITED    ,Listed    ,14 AUG 2026,               2.00,       13742747864,             47.10,   647283424394.40    
14 AUG 2026,SVLL,BE,SHREE VASU LOGISTICS LTD ,Listed    ,14 AUG 2026,              10.00,          11493700,            756.20,     8691535940.00      
14 AUG 2026,SVPGLOB,BE,SVP GLOBAL TEXTILES LTD  ,Listed    ,14 AUG 2026,               1.00,         126500000,              3.95,      499675000.00   
14 AUG 2026,SWANCORP,EQ,SWAN CORP LIMITED        ,Listed    ,14 AUG 2026,               1.00,         313456886,            304.60,    95478967475.60  
14 AUG 2026,SWANDEF,BE,SWAN DEFENCE N HEVY IND L,Listed    ,14 AUG 2026,              10.00,          52682150,           2421.00,   127543485150.00   
14 AUG 2026,SWARAJ,EQ,SWARAJ SUITING LIMITED   ,Listed    ,14 AUG 2026,              10.00,          26418260,            369.85,     9770793461.00    
14 AUG 2026,SWARAJENG,EQ,SWARAJ ENGINES LTD       ,Listed    ,14 AUG 2026,              10.00,          12149865,           3638.20,    44203638843.00 
14 AUG 2026,SWASTIK,ST,SWASTIK PIPE LIMITED     ,Listed    ,14 AUG 2026,              10.00,          23231460,             19.00,      441397740.00   
14 AUG 2026,SWELECTES,EQ,SWELECT ENERGY SYS LTD   ,Listed    ,14 AUG 2026,              10.00,          15158760,            616.75,     9349165230.00 
14 AUG 2026,SWIGGY,EQ,SWIGGY LIMITED           ,Listed    ,14 AUG 2026,               1.00,        2760313555,            276.30,   762674635246.50    
14 AUG 2026,SWSOLAR,EQ,STRLNG & WIL REN ENE LTD ,Listed    ,14 AUG 2026,               1.00,         233531720,            202.00,    47175742757.20   
14 AUG 2026,SYLVANPLY,SM,SYLVAN PLYBOARD (INDIA) L,Listed    ,14 AUG 2026,              10.00,          19374830,             50.00,      968741500.00 
14 AUG 2026,SYMPHONY,EQ,SYMPHONY LIMITED         ,Listed    ,14 AUG 2026,               2.00,          68671400,            621.30,    42665540820.00  
14 AUG 2026,SYNCOMF,EQ,SYNCOM FORMU (I) LTD     ,Listed    ,14 AUG 2026,               1.00,         940000000,             14.90,    14024800000.00   
14 AUG 2026,SYNGENE,EQ,SYNGENE INTERNATIONAL LTD,Listed    ,14 AUG 2026,              10.00,         403669147,            401.45,   162052979063.15   
14 AUG 2026,SYNOPTICS,ST,SYNOPTICS TECHNOLOGIES L ,Listed    ,14 AUG 2026,              10.00,           8480000,             67.10,      569008000.00 
14 AUG 2026,SYRMA,EQ,SYRMA SGS TECHNOLOGY LTD ,Listed    ,14 AUG 2026,              10.00,         192830485,           1465.20,   282535226622.00     
14 AUG 2026,SYSTANGO,SM,SYSTANGO TECHNOLOGIES LTD,Listed    ,14 AUG 2026,              10.00,          14668800,            214.85,     3151591680.00  
14 AUG 2026,SYSTMTXC,BE,SYSTEMATIX CORP SERVICE L,Listed    ,14 AUG 2026,               1.00,         136538010,             59.70,     8152684577.10  
14 AUG 2026,TAALTECH,EQ,TAAL TECH LTD.           ,Permitted ,14 AUG 2026,              10.00,           3116342,           4280.00,    13337943760.00  
14 AUG 2026,TAC,ST,TAC INFOSEC LIMITED      ,Listed    ,14 AUG 2026,              10.00,          21026240,            462.65,     9727789936.00       
14 AUG 2026,TAINWALCHM,EQ,TAINWALA CHEMICAL AND PLA,Listed    ,14 AUG 2026,              10.00,           9363863,            205.80,     1926895728.15
14 AUG 2026,TAJGVK,EQ,TAJ GVK HOTELS & RESORTS ,Listed    ,14 AUG 2026,               2.00,          62701495,            341.65,    21421965766.75    
14 AUG 2026,TAKE,EQ,TAKE LIMITED             ,Listed    ,14 AUG 2026,               1.00,         147934000,             23.75,     3514911840.00      
14 AUG 2026,TALBROAUTO,EQ,TALBROS AUTO. COMP. LTD  ,Listed    ,14 AUG 2026,               2.00,          61728150,            419.50,    25894958925.00
14 AUG 2026,TAMBOLIIN,BE,TAMBOLI INDUSTRIES LTD.  ,Permitted ,14 AUG 2026,              10.00,           9920000,            244.00,     2420380800.00 
14 AUG 2026,TANKUP,ST,TANKUP ENGINEERS LIMITED ,Listed    ,12 AUG 2026,              10.00,           5295000,           1240.00,     6565800000.00    
14 AUG 2026,TANLA,EQ,TANLA PLATFORMS LIMITED  ,Listed    ,14 AUG 2026,               1.00,         132617359,            582.05,    77189933805.95     
14 AUG 2026,TAPIFRUIT,SM,TAPI FRUIT PROCESSING LTD,Listed    ,30 JUL 2026,              10.00,           4300500,             50.00,      215025000.00 
14 AUG 2026,TARACHAND,EQ,TARA CHAND INFRA SOLN LTD,Listed    ,14 AUG 2026,               2.00,          78824900,             47.90,     3774924461.00 
14 AUG 2026,TARAPUR,EQ,TARAPUR TRANSFORMERS LTD ,Listed    ,14 AUG 2026,              10.00,          19500011,             14.50,      282360159.30   
14 AUG 2026,TARC,EQ,TARC LIMITED             ,Listed    ,14 AUG 2026,               2.00,         295096335,            125.20,    36946061142.00      
14 AUG 2026,TARIL,EQ,TRANS & RECTI. LTD       ,Listed    ,14 AUG 2026,               1.00,         300165834,            298.05,    89464426823.70     
14 AUG 2026,TARMAT,EQ,TARMAT LIMITED           ,Listed    ,14 AUG 2026,              10.00,          25064255,             58.70,     1471271768.50    
14 AUG 2026,TARSONS,EQ,TARSONS PRODUCTS LIMITED ,Listed    ,14 AUG 2026,               2.00,          53206281,            360.30,    19170223044.30   
14 AUG 2026,TASTYBITE,EQ,TASTY BITE EATABLES LTD  ,Listed    ,14 AUG 2026,              10.00,           2566000,          10005.00,    25672830000.00 
14 AUG 2026,TATACAP,EQ,TATA CAPITAL LIMITED     ,Listed    ,14 AUG 2026,              10.00,        4244869037,            364.20,  1545981303275.40   
14 AUG 2026,TATACHEM,EQ,TATA CHEMICALS LTD       ,Listed    ,14 AUG 2026,              10.00,         254756278,            670.65,   170852297840.70  
14 AUG 2026,TATACOMM,EQ,TATA COMMUNICATIONS LTD  ,Listed    ,14 AUG 2026,              10.00,         285000000,           1718.10,   489658500000.00  
14 AUG 2026,TATACONSUM,EQ,TATA CONSUMER PRODUCT LTD,Listed    ,14 AUG 2026,               1.00,         989645268,           1079.50,  1068322066806.00
14 AUG 2026,TATAELXSI,EQ,TATA ELXSI LIMITED       ,Listed    ,14 AUG 2026,              10.00,          62297064,           3772.70,   235028133352.80 
14 AUG 2026,TATAINVEST,EQ,TATA INVESTMENT CORP LTD ,Listed    ,14 AUG 2026,               1.00,         505952960,            667.30,   337622410208.00
14 AUG 2026,TATAPOWER,EQ,TATA POWER CO LTD        ,Listed    ,14 AUG 2026,               1.00,        3195339547,            382.05,  1220779473931.35 
14 AUG 2026,TATASTEEL,EQ,TATA STEEL LIMITED       ,Listed    ,14 AUG 2026,               1.00,       12483527171,            183.50,  2290727235878.50 
14 AUG 2026,TATATECH,EQ,TATA TECHNOLOGIES LIMITED,Listed    ,14 AUG 2026,               2.00,         406051830,            867.90,   352412383257.00  
14 AUG 2026,TATVA,EQ,TATVA CHIN PHARM CHEM LTD,Listed    ,14 AUG 2026,              10.00,          23392055,           1717.30,    40171176051.50     
14 AUG 2026,TAURIAN,SM,TAURIAN MPS LIMITED      ,Listed    ,14 AUG 2026,              10.00,           8883200,            429.00,     3810892800.00   
14 AUG 2026,TBI,SM,TBI CORN LIMITED         ,Listed    ,14 AUG 2026,              10.00,          18158405,             60.00,     1089504300.00       
14 AUG 2026,TBOTEK,EQ,TBO TEK LIMITED          ,Listed    ,14 AUG 2026,               1.00,         108587787,           1633.30,   177356432507.10    
14 AUG 2026,TBZ,EQ,TRIB BHIMJI ZAVERI LTD   ,Listed    ,14 AUG 2026,              10.00,          66730620,            251.35,    16772741337.00       
14 AUG 2026,TCC,EQ,TCC CONCEPT LIMITED      ,Listed    ,14 AUG 2026,              10.00,          47528061,            259.55,    12335908232.55       
14 AUG 2026,TCI,EQ,TRANSPORT CORPN OF INDIA ,Listed    ,14 AUG 2026,               2.00,          76743797,            915.20,    70235923014.40       
14 AUG 2026,TCIEXP,EQ,TCI EXPRESS LIMITED      ,Listed    ,14 AUG 2026,               2.00,          38418990,            559.85,    21508871551.50    
14 AUG 2026,TCIFINANCE,BE,TCIFINANCELTD-ROLL SETT  ,Listed    ,14 AUG 2026,              10.00,          12872493,             15.20,      195661893.60
14 AUG 2026,TCL,SM,THAAI CASTING LIMITED    ,Listed    ,14 AUG 2026,              10.00,          24341437,            134.15,     3265403773.55       
14 AUG 2026,TCPLPACK,EQ,TCPL PACKAGING LIMITED   ,Listed    ,14 AUG 2026,              10.00,           9100000,           4088.80,    37208080000.00  
14 AUG 2026,TCS,EQ,TATA CONSULTANCY SERV LT ,Listed    ,14 AUG 2026,               1.00,        3618087518,           2361.00,  8542304629998.00       
14 AUG 2026,TDPOWERSYS,EQ,TD POWER SYSTEMS LTD.    ,Listed    ,14 AUG 2026,               2.00,         156228430,           1484.60,   231936727178.00
14 AUG 2026,TEAMGTY,EQ,TEAM INDIA GUARANTY LTD  ,Listed    ,14 AUG 2026,              10.00,           8993149,            227.95,     2049898383.05   
14 AUG 2026,TEAMLEASE,EQ,TEAMLEASE SERVICES LTD.  ,Listed    ,14 AUG 2026,              10.00,          16768900,           1255.00,    21044969500.00 
14 AUG 2026,TEAMTECH,ST,TEAMTECH FORMWORK SOL LTD,Listed    ,14 AUG 2026,               5.00,          29976000,            116.00,     3477216000.00  
14 AUG 2026,TECHD,ST,TECHD CYBERSECURITY LTD  ,Listed    ,14 AUG 2026,              10.00,           7479733,            575.50,     4304586341.50     
14 AUG 2026,TECHERA,SM,TECHERA ENGINEER (IND) L ,Listed    ,14 AUG 2026,              10.00,          16520925,            169.40,     2798644695.00   
14 AUG 2026,TECHLABS,SM,TRIDENT TECHLABS LIMITED ,Listed    ,14 AUG 2026,              10.00,          17281064,            118.45,     2046942030.80  
14 AUG 2026,TECHM,EQ,TECH MAHINDRA LIMITED    ,Listed    ,14 AUG 2026,               5.00,         980057958,           1632.80,  1600238633822.40     
14 AUG 2026,TECHNOCRAF,EQ,TECHNOCRAFT VENTURES LTD ,Listed    ,14 AUG 2026,              10.00,          39606200,            311.15,    12323469130.00
14 AUG 2026,TECHNOE,EQ,TECHNO ELEC & ENG CO. LTD,Listed    ,14 AUG 2026,               2.00,         116299574,            968.40,   112624507461.60   
14 AUG 2026,TECHNVISN,EQ,TECHNVISION VENTURES LTD.,Permitted ,14 AUG 2026,              10.00,           6275000,           5220.50,    32758637500.00 
14 AUG 2026,TECILCHEM,EQ,TECIL CHEMICALS          ,Listed    ,14 AUG 2026,              10.00,          18963700,              8.60,      162898183.00 
14 AUG 2026,TEGA,EQ,TEGA INDUSTRIES LIMITED  ,Listed    ,14 AUG 2026,              10.00,          75127698,           1703.80,   128002571852.40      
14 AUG 2026,TEJA,SM,TEJA ENGINEERING IND L   ,Listed    ,14 AUG 2026,              10.00,           6417300,            541.85,     3477214005.00      
14 AUG 2026,TEJASCARGO,SM,TEJAS CARGO INDIA LIMITED,Listed    ,14 AUG 2026,              10.00,          23892840,            420.25,    10040966010.00
14 AUG 2026,TEJASNET,EQ,TEJAS NETWORKS LIMITED   ,Listed    ,14 AUG 2026,              10.00,         177850940,            538.50,    95772731190.00  
14 AUG 2026,TEMBO,EQ,TEMBO GLOBAL IND LTD     ,Listed    ,14 AUG 2026,               1.00,         185451980,             60.80,    11275480384.00     
14 AUG 2026,TENNIND,EQ,TENNECO CLEAN AIR INDIA L,Listed    ,14 AUG 2026,              10.00,         403604309,            538.25,   217240019319.25   
14 AUG 2026,TERASOFT,EQ,TERA SOFTWARE LIMITED    ,Listed    ,14 AUG 2026,              10.00,          12511875,            345.65,     4324729593.75  
14 AUG 2026,TEXINFRA,EQ,TEXMACO INFRA & HOLDG LTD,Listed    ,14 AUG 2026,               1.00,         127426590,            107.80,    13737860667.90  
14 AUG 2026,TEXMOPIPES,EQ,TEXMO PIPE & PRODUCTS LTD,Listed    ,14 AUG 2026,              10.00,          29195000,             46.05,     1343845850.00
14 AUG 2026,TEXRAIL,EQ,TEXMACO RAIL & ENG. LTD. ,Listed    ,14 AUG 2026,               1.00,         406864572,            104.85,    42659750374.20   
14 AUG 2026,TFCILTD,EQ,TOURISM FINANCE CORP. OF ,Listed    ,14 AUG 2026,               2.00,         462977240,            117.45,    54372047065.60   
14 AUG 2026,TFL,EQ,TRANSWARRANTY FIN. LTD.  ,Listed    ,14 AUG 2026,              10.00,          55116194,             11.65,      641552498.15       
14 AUG 2026,TGBHOTELS,EQ,TGB BANQUETS&HOTELS LTD  ,Listed    ,14 AUG 2026,              10.00,          29286400,              9.55,      279099392.00 
14 AUG 2026,TGL,ST,TEERTH GOPICON LIMITED   ,Listed    ,14 AUG 2026,              10.00,          11999600,             20.05,      240591980.00       
14 AUG 2026,THACKER,BE,THACKER & CO. LTD.       ,Permitted ,13 AUG 2026,               1.00,           1087719,           1020.10,     1109582151.90   
14 AUG 2026,THAKDEV,EQ,THAKKERS DEVELOPERS LTD. ,Permitted ,14 AUG 2026,              10.00,           9000000,            146.50,     1318320000.00   
14 AUG 2026,THANGAMAYL,EQ,THANGAMAYIL JEWELLERY LTD,Listed    ,14 AUG 2026,              10.00,          31082021,           5427.00,   168682127967.00
14 AUG 2026,THEINVEST,EQ,THE INVEST TRUST OF IND L,Listed    ,14 AUG 2026,              10.00,          52242217,            100.00,     5223699277.85 
14 AUG 2026,THEJO,EQ,THEJO ENGINEERING LIMITED,Listed    ,14 AUG 2026,              10.00,          10847454,           2104.90,    22832805924.60     
14 AUG 2026,THELEELA,EQ,LEELA PALACES HOTEL LTD  ,Listed    ,14 AUG 2026,              10.00,         333957878,            510.05,   170335215673.90  
14 AUG 2026,THEMISMED,EQ,THEMIS MEDICARE LTD.     ,Listed    ,14 AUG 2026,               1.00,          92100120,            104.85,     9656697582.00 
14 AUG 2026,THERMAX,EQ,THERMAX LTD              ,Listed    ,14 AUG 2026,               2.00,         119156300,           4044.90,   481975317870.00   
14 AUG 2026,THESL,ST,THINKING HATS ENTER SOL L,Listed    ,13 AUG 2026,              10.00,          12487150,             18.30,      228514845.00     
14 AUG 2026,THOMASCOOK,EQ,THOMAS COOK (INDIA) LTD  ,Listed    ,14 AUG 2026,               1.00,         470380562,            105.90,    49803893904.55
14 AUG 2026,THOMASCOTT,EQ,THOMAS SCOTT (INDIA) LTD ,Listed    ,14 AUG 2026,              10.00,          14670380,            346.90,     5089154822.00
14 AUG 2026,THYROCARE,EQ,THYROCARE TECH LTD       ,Listed    ,14 AUG 2026,              10.00,         159165315,            624.05,    99327114825.75 
14 AUG 2026,TI,EQ,TILAKNAGAR INDUSTRIES LTD,Listed    ,14 AUG 2026,              10.00,         247473875,            568.75,   140750766406.25        
14 AUG 2026,TICL,BE,TWAMEV CONS AND INFRA LTD,Listed    ,14 AUG 2026,               1.00,         155000000,              9.50,     1474050000.00      
14 AUG 2026,TIGERLOGS,BE,TIGER LOGISTICS (INDIA) L,Listed    ,14 AUG 2026,               1.00,         105725000,             25.45,     2691758500.00 
14 AUG 2026,TIIL,EQ,TECHNOCRAFT IND LTD      ,Listed    ,14 AUG 2026,              10.00,          22672798,           3088.70,    70029471182.60      
14 AUG 2026,TIINDIA,EQ,TUBE INVEST OF INDIA LTD ,Listed    ,14 AUG 2026,               1.00,         193562289,           2733.50,   529102516981.50   
14 AUG 2026,TIJARIA,EQ,TIJARIA POLYPIPES LTD    ,Listed    ,14 AUG 2026,              10.00,          28626579,              6.05,      172618271.35   
14 AUG 2026,TIL,BE,TIL LTD                  ,Listed    ,14 AUG 2026,              10.00,          80091402,            238.95,    19137840507.90       
14 AUG 2026,TIMESCAN,SM,TIMESCAN LOGISTICS IND L ,Listed    ,13 AUG 2026,              10.00,           6988000,             41.00,      286508000.00  
14 AUG 2026,TIMETECHNO,EQ,TIME TECHNOPLAST LTD.    ,Listed    ,14 AUG 2026,               1.00,         493635379,            193.25,    95404909699.35
14 AUG 2026,TIMEX,EQ,TIMEX GROUP INDIA LTD.   ,Permitted ,14 AUG 2026,               1.00,         100950000,            524.65,    52963417500.00     
14 AUG 2026,TIMKEN,EQ,TIMKEN INDIA LTD.        ,Listed    ,14 AUG 2026,              10.00,          75218734,           3275.80,   246401528837.20    
14 AUG 2026,TINNARUBR,EQ,TINNA RUBBER AND INFR LTD,Listed    ,14 AUG 2026,              10.00,          18015757,           1089.70,    19631770402.90 
14 AUG 2026,TIPSFILMS,EQ,TIPS FILMS LIMITED       ,Listed    ,14 AUG 2026,              10.00,           4322886,            348.20,     1505228905.20 
14 AUG 2026,TIPSMUSIC,EQ,TIPS MUSIC LIMITED       ,Listed    ,14 AUG 2026,               1.00,         128426590,            670.90,    86161399231.00 
14 AUG 2026,TIRUMALCHM,EQ,THIRUMALAI CHEMICALS LTD ,Listed    ,14 AUG 2026,               1.00,         120552774,            159.65,    19247455896.85
14 AUG 2026,TIRUPATI,SM,SHREE TIRUPATI BALAJEE   ,Listed    ,12 AUG 2026,              10.00,          10130040,            340.00,     3444213600.00  
14 AUG 2026,TIRUPATIFL,BE,TIRUPATI FORGE LIMITED   ,Listed    ,14 AUG 2026,               2.00,         129190000,             65.85,     8505869600.00
14 AUG 2026,TITAGARH,EQ,TITAGARH RAIL SYSTEMS LTD,Listed    ,14 AUG 2026,               2.00,         134673768,            831.35,   111961037026.80  
14 AUG 2026,TITAN,EQ,TITAN COMPANY LIMITED    ,Listed    ,14 AUG 2026,               1.00,         887786160,           5056.20,  4488824382192.00     
14 AUG 2026,TMB,EQ,TAMILNAD MERCA BANK LTD  ,Listed    ,14 AUG 2026,              10.00,         158351454,            849.40,   134503725027.60       
14 AUG 2026,TMCV,EQ,TATA MOTORS LIMITED      ,Listed    ,14 AUG 2026,               2.00,        3682488958,            474.30,  1746604512779.40      
14 AUG 2026,TMPV,EQ,TATA MOTORS PASS VEH LTD ,Listed    ,14 AUG 2026,               2.00,        3682830911,            334.50,  1231906939729.50      
14 AUG 2026,TNPETRO,EQ,TAMILNADU PETROPRODUCTS L,Listed    ,14 AUG 2026,              10.00,          89971474,            110.95,     9980535610.80   
14 AUG 2026,TNPL,EQ,TAMILNADU NEWSPRT & PAPER,Listed    ,14 AUG 2026,              10.00,          69210600,            141.10,     9766999872.00      
14 AUG 2026,TNTELE,EQ,TAMILNADU TELECOMMUNICATI,Listed    ,14 AUG 2026,              10.00,          45671400,              9.05,      412869456.00    
14 AUG 2026,TOKYOPLAST,EQ,TOKYO PLAST INTL LTD     ,Listed    ,14 AUG 2026,              10.00,           9501400,             78.50,      745859900.00
14 AUG 2026,TOLINS,EQ,TOLINS TYRES LIMITED     ,Listed    ,14 AUG 2026,               5.00,          39508831,             96.70,     3820503957.70    
14 AUG 2026,TORNTPHARM,EQ,TORRENT PHARMACEUTICALS L,Listed    ,14 AUG 2026,               5.00,         380367855,           4833.00,  1838317843215.00
14 AUG 2026,TORNTPOWER,EQ,TORRENT POWER LTD        ,Listed    ,14 AUG 2026,              10.00,         503903543,           1309.10,   659660128141.30
14 AUG 2026,TOTAL,EQ,TOTAL TRANSPORT SYS LTD  ,Listed    ,14 AUG 2026,              10.00,          16126973,             64.15,     1034867857.40     
14 AUG 2026,TOUCHWOOD,EQ,TOUCHWOOD ENTERTAIN LTD. ,Listed    ,14 AUG 2026,              10.00,          11081245,             64.75,      717399801.30 
14 AUG 2026,TPHQ,EQ,TEAMO PRODUCTIONS HQ LTD ,Listed    ,14 AUG 2026,               1.00,        1096219600,              0.50,      537147604.00      
14 AUG 2026,TPLPLASTEH,EQ,TPL PLASTECH LIMITED     ,Listed    ,14 AUG 2026,               2.00,          78003000,             77.35,     6031971990.00
14 AUG 2026,TRACXN,EQ,TRACXN TECHNOLOGIES LTD  ,Listed    ,14 AUG 2026,               1.00,         106896447,             29.60,     3165203795.65    
14 AUG 2026,TRANSPEK,BE,TRANSPEK INDUSTRIES LTD  ,Permitted ,14 AUG 2026,              10.00,           5585569,           1125.80,     6288233580.20  
14 AUG 2026,TRANSRAILL,EQ,TRANSRAIL LIGHTING LTD   ,Listed    ,14 AUG 2026,               2.00,         134256025,            468.95,    62959362923.75
14 AUG 2026,TRANSTEEL,SM,TRANSTEEL SEATING TECH L ,Listed    ,14 AUG 2026,              10.00,          22440010,             88.10,     1976964881.00 
14 AUG 2026,TRANSWIND,SM,TRANSWIND INFRA LIMITED  ,Listed    ,14 AUG 2026,              10.00,           7649000,             13.15,      100584350.00 
14 AUG 2026,TRANSWORLD,BE,TRANSWORLD SHIP LINES LTD,Listed    ,14 AUG 2026,              10.00,          21957533,            155.75,     3419885764.75
14 AUG 2026,TRAVELFOOD,EQ,TRAVEL FOOD SERVICES LTD ,Listed    ,14 AUG 2026,               1.00,         131679484,           1364.90,   179729327711.60
14 AUG 2026,TREEHOUSE,EQ,TREE HOUSE EDU LTD       ,Listed    ,14 AUG 2026,              10.00,          42310724,              6.15,      259364738.10 
14 AUG 2026,TREJHARA,EQ,TREJHARA SOLUTIONS LTD   ,Listed    ,14 AUG 2026,              10.00,          24116754,            162.30,     3914149174.20  
14 AUG 2026,TREL,EQ,TRANSINDIA REAL ESTATE L ,Listed    ,14 AUG 2026,               2.00,         245695524,             25.95,     6370884937.30      
14 AUG 2026,TRENT,EQ,TRENT LTD                ,Listed    ,14 AUG 2026,               1.00,         533251981,           2978.00,  1588024399418.00     
14 AUG 2026,TRF,EQ,TRF LIMITED              ,Listed    ,14 AUG 2026,              10.00,          11004412,            230.70,     2538827892.50       
14 AUG 2026,TRIDENT,EQ,TRIDENT LIMITED          ,Listed    ,14 AUG 2026,               1.00,        5095955670,             24.35,   124035561007.80   
14 AUG 2026,TRIDHYA,ST,TRIDHYA TECH LIMITED     ,Listed    ,13 AUG 2026,              10.00,          23288000,              8.60,      200276800.00   
14 AUG 2026,TRIGYN,EQ,TRIGYN TECHNOLOGIES LTD  ,Listed    ,14 AUG 2026,              10.00,          30785736,             56.05,     1726156217.50    
14 AUG 2026,TRITURBINE,EQ,TRIVENI TURBINE LIMITED  ,Listed    ,14 AUG 2026,               1.00,         317894979,            592.40,   188320985559.60
14 AUG 2026,TRIVENI,EQ,TRIVENI ENGG. & INDS. LTD,Listed    ,14 AUG 2026,               1.00,         218897968,            266.40,    58318796634.55   
14 AUG 2026,TROM,SM,TROM INDUSTRIES LIMITED  ,Listed    ,14 AUG 2026,              10.00,           9194866,             55.45,      509855319.70      
14 AUG 2026,TRU,EQ,TRUCAP FINANCE LIMITED   ,Listed    ,14 AUG 2026,               2.00,         118861871,              4.10,      484956433.70       
14 AUG 2026,TRUALT,EQ,TRUALT BIOENERGY LIMITED ,Listed    ,14 AUG 2026,              10.00,          85752591,            481.60,    41298447825.60    
14 AUG 2026,TRUST,SM,TRUST FINTECH LIMITED    ,Listed    ,14 AUG 2026,              10.00,          23825200,             25.55,      608733860.00     
14 AUG 2026,TSC,ST,TSC INDIA LIMITED        ,Listed    ,14 AUG 2026,              10.00,          14518933,             50.75,      736835849.75       
14 AUG 2026,TSFINV,EQ,TSF INVESTMENTS LIMITED  ,Listed    ,14 AUG 2026,               5.00,         222103860,            415.45,    92273048637.00    
14 AUG 2026,TTKHLTCARE,EQ,TTK HEALTHCARE LIMITED   ,Listed    ,14 AUG 2026,              10.00,          14130333,           1157.70,    16358686514.10
14 AUG 2026,TTKPRESTIG,EQ,TTK PRESTIGE LTD         ,Listed    ,14 AUG 2026,               1.00,         136950984,            595.90,    81609091365.60
14 AUG 2026,TTL,EQ,T T LIMITED              ,Listed    ,14 AUG 2026,               1.00,         258310944,              6.15,     1586029196.15       
14 AUG 2026,TTML,EQ,TATA TELESERV(MAHARASTRA),Listed    ,14 AUG 2026,              10.00,        1954927727,             38.60,    75440660984.95      
14 AUG 2026,TUNWAL,SM,TUNWAL E-MOTORS LIMITED  ,Listed    ,14 AUG 2026,               2.00,          57692384,             26.75,     1543271272.00    
14 AUG 2026,TURTLEMINT,EQ,TURTLEMINT FINTECH SOLS L,Listed    ,14 AUG 2026,               1.00,         294478906,            137.45,    40473180840.65
14 AUG 2026,TVSELECT,EQ,TVS ELECTRONICS LTD      ,Listed    ,14 AUG 2026,              10.00,          18650318,            451.55,     8421551092.90  
14 AUG 2026,TVSHLTD,EQ,TVS HOLDINGS LIMITED     ,Listed    ,14 AUG 2026,               5.00,          20232104,          13994.00,   283128063376.00   
14 AUG 2026,TVSINVIT,IV,TVS INFRASTRUCTURE TRUST ,Listed    ,11 AUG 2026,             100.00,         197200000,            118.00,    23269600000.00  
14 AUG 2026,TVSMOTOR,EQ,TVS MOTOR COMPANY  LTD   ,Listed    ,14 AUG 2026,               1.00,         475087114,           4307.00,  2046200199998.00  
14 AUG 2026,TVSSCS,EQ,TVS SUPPLY CHAIN SOL L   ,Listed    ,14 AUG 2026,               1.00,         441180027,            123.40,    54437203531.55    
14 AUG 2026,TVSSRICHAK,EQ,TVS SRICHAKRA LIMITED    ,Listed    ,14 AUG 2026,              10.00,           7657050,           4478.10,    34289035605.00
14 AUG 2026,TVTODAY,EQ,TV TODAY NETWORK LTD     ,Listed    ,14 AUG 2026,               5.00,          59668615,            112.40,     6707945698.30   
14 AUG 2026,TVVISION,BE,TV VISION LIMITED        ,Listed    ,14 AUG 2026,              10.00,          38744500,              4.15,      160789675.00  
14 AUG 2026,UBL,EQ,UNITED BREWERIES LTD     ,Listed    ,14 AUG 2026,               1.00,         264405149,           1376.60,   363980128113.40       
14 AUG 2026,UCAL,EQ,UCAL LIMITED             ,Listed    ,14 AUG 2026,              10.00,          22113625,            139.85,     3092590456.25      
14 AUG 2026,UCL,ST,USHANTI COLOUR CHEM LTD  ,Listed    ,14 AUG 2026,              10.00,          13886700,            260.00,     3610542000.00       
14 AUG 2026,UCOBANK,EQ,UCO BANK                 ,Listed    ,14 AUG 2026,              10.00,       12539558979,             26.00,   326028533454.00   
14 AUG 2026,UDS,EQ,UPDATER SERVICES LIMITED ,Listed    ,14 AUG 2026,              10.00,          66953241,            211.50,    14160610471.50       
14 AUG 2026,UEL,EQ,UJAAS ENERGY LIMITED     ,Listed    ,14 AUG 2026,               1.00,         333397890,            234.20,    78075117880.20       
14 AUG 2026,UFBL,BE,UNITED FOODBRANDS LIMITED,Listed    ,14 AUG 2026,               5.00,          39086387,            754.90,    29506313546.30      
14 AUG 2026,UFLEX,EQ,UFLEX LIMITED            ,Listed    ,14 AUG 2026,              10.00,          72211486,            488.40,    35268089762.40     
14 AUG 2026,UFO,EQ,UFO MOVIEZ INDIA LTD.    ,Listed    ,14 AUG 2026,              10.00,          38814757,             67.15,     2606022785.00       
14 AUG 2026,UGARSUGAR,EQ,THE UGAR SUGAR WORKS LTD ,Listed    ,14 AUG 2026,               1.00,         112500000,             48.20,     5421375000.00 
14 AUG 2026,UGROCAP,EQ,UGRO CAPITAL LIMITED     ,Listed    ,14 AUG 2026,              10.00,         155288323,             93.35,    14494612068.80   
14 AUG 2026,UHTL,ST,UNITED HEAT TRANSFER LTD ,Listed    ,14 AUG 2026,              10.00,          19004000,            102.00,     1938408000.00      
14 AUG 2026,UJJIVANSFB,EQ,UJJIVAN SMALL FINANC BANK,Listed    ,14 AUG 2026,              10.00,        1945255791,             72.45,   140972687173.75
14 AUG 2026,ULTRACEMCO,EQ,ULTRATECH CEMENT LIMITED ,Listed    ,14 AUG 2026,              10.00,         294679171,          11619.00,  3423877287849.00
14 AUG 2026,ULTRAMAR,EQ,ULTRAMARINE & PIGMENTS L ,Permitted ,14 AUG 2026,               2.00,          29200000,            398.20,    11627440000.00  
14 AUG 2026,UMA,SM,UMA CONVERTER LIMITED    ,Listed    ,13 AUG 2026,              10.00,          20274286,             15.00,      304114290.00       
14 AUG 2026,UMAEXPORTS,BE,UMA EXPORTS LIMITED      ,Listed    ,14 AUG 2026,              10.00,          33809830,             21.60,      729954229.70
14 AUG 2026,UMESLTD,EQ,USHA MARTIN EDU & SOL LTD,Listed    ,14 AUG 2026,               1.00,          26415811,              5.80,      153740020.00   
14 AUG 2026,UMIYA-MRO,EQ,UMIYA BUILDCON LIMITED   ,Listed    ,14 AUG 2026,               5.00,          18684602,             89.70,     1675821953.40 
14 AUG 2026,UNICHEMLAB,EQ,UNICHEM LABORATORIES LTD ,Listed    ,14 AUG 2026,               2.00,          70405750,            540.20,    38033186150.00
14 AUG 2026,UNIDT,BE,UNITED DRILLING TOOLS LTD,Listed    ,14 AUG 2026,              10.00,          20303126,            224.30,     4553585099.30     
14 AUG 2026,UNIECOM,EQ,UNICOMMERCE ESOLUTIONS L ,Listed    ,14 AUG 2026,               1.00,         112379173,             86.05,     9670227836.65   
14 AUG 2026,UNIENTER,EQ,UNIPHOS ENTERPRISES LTD  ,Listed    ,14 AUG 2026,               2.00,          69545849,             95.35,     6631892160.65  
14 AUG 2026,UNIHEALTH,SM,UNIHEALTH HOSPITALS LTD  ,Listed    ,14 AUG 2026,              10.00,          15899952,            676.15,    10750752544.80 
14 AUG 2026,UNIINFO,EQ,UNIINFO TELECOM SERVI LTD,Listed    ,14 AUG 2026,              10.00,          10693120,             11.70,      125109504.00   
14 AUG 2026,UNILEX,SM,UNILEX COLOURS AND CHEM L,Listed    ,13 AUG 2026,              10.00,          13617000,             28.00,      381276000.00    
14 AUG 2026,UNIMECH,EQ,UNIMECH AEROSPACE N MFG L,Listed    ,14 AUG 2026,               5.00,          50856883,           1522.60,    77434690055.80   
14 AUG 2026,UNIONBANK,EQ,UNION BANK OF INDIA      ,Listed    ,14 AUG 2026,              10.00,        7633605607,            187.40,  1430385018639.65 
14 AUG 2026,UNIPARTS,EQ,UNIPARTS INDIA LIMITED   ,Listed    ,14 AUG 2026,              10.00,          45143114,            816.00,    36836781024.00  
14 AUG 2026,UNITDSPR,EQ,UNITED SPIRITS LIMITED   ,Listed    ,14 AUG 2026,               2.00,         727350853,           1536.00,  1117210910208.00  
14 AUG 2026,UNITECH,EQ,UNITECH LTD              ,Listed    ,14 AUG 2026,               2.00,        2616301047,              3.95,    10360552146.10   
14 AUG 2026,UNITEDPOLY,BE,UNITED POLYFAB GUJ. LTD. ,Listed    ,14 AUG 2026,               1.00,         229515500,             33.30,     7645161305.00
14 AUG 2026,UNITEDTEA,EQ,UNITED NILGIRI TEA LTD   ,Listed    ,14 AUG 2026,              10.00,           4996566,            458.30,     2289926197.80 
14 AUG 2026,UNIVASTU,BE,UNIVASTU INDIA LIMITED   ,Listed    ,14 AUG 2026,              10.00,          35986770,            160.70,     5782714071.30  
14 AUG 2026,UNIVCABLES,EQ,UNIVERSAL CABLES LTD     ,Listed    ,14 AUG 2026,              10.00,          31989828,           1644.40,    52604073163.20
14 AUG 2026,UNIVPHOTO,BE,UNIVERSUS IMAGINGS LTD   ,Listed    ,14 AUG 2026,              10.00,          10946604,            472.60,     5173365050.40 
14 AUG 2026,UNOMINDA,EQ,UNO MINDA LIMITED        ,Listed    ,14 AUG 2026,               2.00,         577558876,           1240.00,   716173006240.00  
14 AUG 2026,UPL,EQ,UPL LIMITED              ,Listed    ,14 AUG 2026,               2.00,         844169318,            563.00,   475267326034.00       
14 AUG 2026,URAVIDEF,BE,URAVI DEFENCE &TECH LTD  ,Listed    ,14 AUG 2026,              10.00,          11400000,            108.80,     1240548000.00  
14 AUG 2026,URBAN,SM,URBAN ENVIRO WASTE MGMT L,Listed    ,14 AUG 2026,              10.00,           8660000,            147.00,     1273020000.00     
14 AUG 2026,URBANCO,EQ,URBAN COMPANY LIMITED    ,Listed    ,14 AUG 2026,               1.00,        1542180603,            144.40,   222675457267.15   
14 AUG 2026,URJA,EQ,URJA GLOBAL LIMITED      ,Listed    ,14 AUG 2026,               1.00,         525453377,              9.50,     4986552547.75      
14 AUG 2026,USASEEDS,SM,UPSURGE SEEDS OF AGRI LTD,Listed    ,14 AUG 2026,              10.00,          10085429,             91.20,      919791124.80  
14 AUG 2026,USHAFIN,SM,USHA FINANCIAL SERVICES L,Listed    ,14 AUG 2026,              10.00,          43475262,             43.00,     1869436266.00   
14 AUG 2026,USHAMART,EQ,USHA MARTIN LTD.         ,Listed    ,14 AUG 2026,               1.00,         304741780,            487.95,   148698751551.00  
14 AUG 2026,USK,EQ,UDAYSHIVAKUMAR INFRA LTD ,Listed    ,14 AUG 2026,              10.00,          55357142,             21.40,     1185196410.20       
14 AUG 2026,UTIAMC,EQ,UTI ASSET MNGMT CO LTD   ,Listed    ,14 AUG 2026,              10.00,         128523245,            908.05,   116705532622.25    
14 AUG 2026,UTKAL,SM,UTKAL SPEC INDUS INDIA L ,Listed    ,14 AUG 2026,              10.00,          19534000,             53.30,     1041162200.00     
14 AUG 2026,UTKARSHBNK,EQ,UTKARSH SMALL FIN BANK L ,Listed    ,14 AUG 2026,              10.00,        1779523684,             14.05,    24984512523.35
14 AUG 2026,UTLSOLAR,EQ,FUJIYAMA POWER SYSTEMS L ,Listed    ,14 AUG 2026,               1.00,         306901762,            423.85,   130080311823.70  
14 AUG 2026,UTSSAV,ST,UTSSAV CZ GOLD JEWELS LTD,Listed    ,14 AUG 2026,              10.00,          24148000,            507.20,    12247865600.00    
14 AUG 2026,UTTAMSUGAR,EQ,UTTAM SUGAR MILLS LTD.   ,Listed    ,14 AUG 2026,              10.00,          38138120,            264.30,    10079523734.80
14 AUG 2026,UWCSL,SM,ULTRA WIRING CONN SYS LTD,Listed    ,13 AUG 2026,              10.00,           5203571,            100.80,      524519956.80     
14 AUG 2026,UYFINCORP,BE,U. Y. FINCORP LIMITED    ,Listed    ,14 AUG 2026,               5.00,         190238329,             21.10,     4010223975.30 
14 AUG 2026,V2RETAIL,EQ,V2 RETAIL LIMITED        ,Listed    ,14 AUG 2026,               1.00,         364637550,            216.40,    78907565820.00  
14 AUG 2026,VADILALIND,EQ,VADILAL INDUSTRIES LTD   ,Listed    ,14 AUG 2026,              10.00,           7187830,           7749.00,    55698494670.00
14 AUG 2026,VAIBHAVGBL,EQ,VAIBHAV GLOBAL LIMITED   ,Listed    ,14 AUG 2026,               2.00,         167352172,            228.30,    38206500867.60
14 AUG 2026,VAISHALI,EQ,VAISHALI PHARMA LIMITED  ,Listed    ,14 AUG 2026,               2.00,         130462130,              8.50,     1110232726.30  
14 AUG 2026,VAKRANGEE,EQ,VAKRANGEE LIMITED        ,Listed    ,14 AUG 2026,               1.00,        1083191807,              5.90,     6412495497.45 
14 AUG 2026,VALIANTLAB,EQ,VALIANT LABORATORIES LTD ,Listed    ,14 AUG 2026,              10.00,          54312500,             82.40,     4475893125.00
14 AUG 2026,VALIANTORG,BE,VALIANT ORGANICS LIMITED ,Listed    ,14 AUG 2026,              10.00,          27614049,            324.50,     8960758900.50
14 AUG 2026,VALUE360,SM,VALUE 360 COMMUNICATION L,Listed    ,14 AUG 2026,              10.00,          16090008,             80.45,     1294441143.60  
14 AUG 2026,VAML,EQ,VEDANTA ALUMINIUM METAL L,Listed    ,14 AUG 2026,               1.00,        3910388057,            443.80,  1735430219696.60      
14 AUG 2026,VARDHACRLC,BE,VARDHAMAN ACRYLICS LTD   ,Listed    ,14 AUG 2026,              10.00,          80363746,             44.60,     3585026709.05
14 AUG 2026,VARDMNPOLY,EQ,VARDHMAN POLYTEX LTD.    ,Listed    ,14 AUG 2026,               1.00,         483019004,              6.30,     3043019725.20
14 AUG 2026,VARROC,EQ,VARROC ENGINEERING LTD.  ,Listed    ,14 AUG 2026,               1.00,         152786400,            847.90,   129547588560.00    
14 AUG 2026,VASA,SM,VASA RETAIL & OVERSEA LTD,Listed    ,08 JUN 2026,              10.00,           5992550,              4.45,       26666847.50      
14 AUG 2026,VASCONEQ,EQ,VASCON ENGINEERS LTD     ,Listed    ,14 AUG 2026,              10.00,         231697111,             31.80,     7372602072.00  
14 AUG 2026,VASWANI,EQ,VASWANI IND LTD          ,Listed    ,14 AUG 2026,              10.00,          32946153,             52.15,     1718800802.00   
14 AUG 2026,VBL,EQ,VARUN BEVERAGES LIMITED  ,Listed    ,14 AUG 2026,               2.00,        3382296144,            435.00,  1471298822640.00       
14 AUG 2026,VCL,EQ,VAXTEX COTFAB LIMITED    ,Listed    ,14 AUG 2026,               1.00,         183752220,              1.70,      310541251.80       
14 AUG 2026,VDEAL,SM,VDEAL SYSTEM LIMITED     ,Listed    ,14 AUG 2026,              10.00,           4890460,            158.00,      772692680.00     
14 AUG 2026,VEDL,EQ,VEDANTA LIMITED          ,Listed    ,14 AUG 2026,               1.00,        3910388057,            267.50,  1046028805247.50      
14 AUG 2026,VEDPOWER,EQ,VEDANTA POWER LIMITED    ,Listed    ,14 AUG 2026,              10.00,        3910388057,             36.55,   142885579602.80  
14 AUG 2026,VEEDOL,EQ,VEEDOL CORPORATION LTD   ,Listed    ,14 AUG 2026,               2.00,          17424000,           1512.90,    26360769600.00    
14 AUG 2026,VEEKAYEM,SM,VEEKAYEM FASH & APP LTD  ,Listed    ,14 AUG 2026,              10.00,           5875730,            114.00,      669833220.00  
14 AUG 2026,VELJAN,BE,VELJAN DENISON LTD.      ,Permitted ,14 AUG 2026,              10.00,           4500000,           1824.30,     8209350000.00    
14 AUG 2026,VELS,ST,VELS FILM INTERNATIONAL L,Listed    ,15 JUL 2026,              10.00,          12908000,             73.00,      942284000.00      
14 AUG 2026,VENKEYS,EQ,VENKY S (INDIA) LIMITED  ,Listed    ,14 AUG 2026,              10.00,          14087335,           1528.00,    21525447880.00   
14 AUG 2026,VENTIVE,EQ,VENTIVE HOSPITALITY LTD  ,Listed    ,14 AUG 2026,               1.00,         233541608,            582.95,   136143080383.60   
14 AUG 2026,VENUSPIPES,EQ,VENUS PIPES & TUBES LTD  ,Listed    ,14 AUG 2026,              10.00,          20716110,           1577.30,    32675520303.00
14 AUG 2026,VENUSREM,BE,VENUS REMEDIES LIMITED   ,Listed    ,14 AUG 2026,              10.00,          13366988,           1782.10,    23821309314.80  
14 AUG 2026,VERA,SM,VERA SYNTHETIC LIMITED   ,Listed    ,28 JUL 2026,              10.00,           4935000,             78.25,      386163750.00      
14 AUG 2026,VERANDA,EQ,VERANDA LEARNING SOL LTD ,Listed    ,14 AUG 2026,              10.00,          96320725,            245.90,    23685266277.50   
14 AUG 2026,VERITAAS,SM,VERITAAS ADVERTISING LTD ,Listed    ,07 AUG 2026,              10.00,           2823000,             33.30,       94005900.00  
14 AUG 2026,VERTEXPLUS,SM,VERTEXPLUS TECHNOLOGIES L,Listed    ,29 JUL 2026,              10.00,           5479600,             46.00,      252061600.00
14 AUG 2026,VERTIS,IV,VERTIS INFRASTRUCTURE TST,Listed    ,14 AUG 2026,             100.00,        1509983998,            116.00,   175158143768.00    
14 AUG 2026,VERTOZ,BE,VERTOZ LIMITED           ,Listed    ,14 AUG 2026,              10.00,          85230000,             35.60,     3032483400.00    
14 AUG 2026,VESUVIUS,EQ,VESUVIUS INDIA LTD       ,Listed    ,14 AUG 2026,               1.00,         202960800,            431.55,    87587733240.00  
14 AUG 2026,VETO,BE,VETO SWITCHGEAR CABLE LTD,Listed    ,14 AUG 2026,              10.00,          19114955,            123.90,     2367960625.40      
14 AUG 2026,VGINFOTECH,SM,VIRTUAL GALAXY INFOTECH L,Listed    ,14 AUG 2026,              10.00,          24868635,            156.95,     3903132263.25
14 AUG 2026,VGL,EQ,VARVEE GLOBAL LIMITED    ,Listed    ,14 AUG 2026,               5.00,          51528678,             58.65,     3022672251.50       
14 AUG 2026,VGUARD,EQ,V-GUARD IND LTD.         ,Listed    ,14 AUG 2026,               1.00,         436891055,            326.75,   142754152221.25    
14 AUG 2026,VHL,EQ,VARDHMAN HOLDINGS LIMITED,Listed    ,14 AUG 2026,              10.00,           3183808,           3439.00,    10949115712.00       
14 AUG 2026,VHLTD,BE,VICEROY HOTELS LIMITED   ,Listed    ,14 AUG 2026,              10.00,          67578948,            125.15,     8456829552.70     
14 AUG 2026,VIAZ,SM,VIAZ TYRES LIMITED       ,Listed    ,14 AUG 2026,              10.00,          14307000,             69.20,      990044400.00      
14 AUG 2026,VICTORYEV,ST,VICTORY ELEC VEHICL INT L,Listed    ,14 AUG 2026,               5.00,          24090000,             16.15,      389053500.00 
14 AUG 2026,VIDHIING,EQ,VIDHI SPCLTY F INGRDNTS L,Listed    ,14 AUG 2026,               1.00,          49945000,            309.90,    15477955500.00  
14 AUG 2026,VIDYAWIRES,EQ,VIDYA WIRES LIMITED      ,Listed    ,14 AUG 2026,               1.00,         212692307,             89.45,    19025326861.15
14 AUG 2026,VIESL,SM,VISION INFRA EQUIP SOL L ,Listed    ,14 AUG 2026,              10.00,          24642400,            311.05,     7665018520.00     
14 AUG 2026,VIGOR,ST,VIGOR PLAST INDIA LIMITED,Listed    ,14 AUG 2026,              10.00,          10351700,             90.95,      941487115.00     
14 AUG 2026,VIJAYA,EQ,VIJAYA DIAGNOSTIC CEN LTD,Listed    ,14 AUG 2026,               1.00,         102896728,           1474.10,   151680066744.80    
14 AUG 2026,VIJAYPD,SM,VIJAYPD CEUTICAL LIMITED ,Listed    ,14 AUG 2026,              10.00,          19528686,             58.55,     1143404565.30   
14 AUG 2026,VIJIFIN,BE,VIJI FINANCE LIMITED     ,Listed    ,14 AUG 2026,               1.00,         142500000,             12.40,     1765575000.00   
14 AUG 2026,VIKASECO,EQ,VIKAS ECOTECH LIMITED    ,Listed    ,14 AUG 2026,               1.00,        1768706024,              1.10,     1927889566.15  
14 AUG 2026,VIKASLIFE,EQ,VIKAS LIFECARE LIMITED   ,Listed    ,14 AUG 2026,               1.00,        1857668560,              1.25,     2322085700.00 
14 AUG 2026,VIKRAMSOLR,EQ,VIKRAM SOLAR LIMITED     ,Listed    ,14 AUG 2026,              10.00,         362354381,            160.15,    58031054117.15
14 AUG 2026,VIKRAN,EQ,VIKRAN ENGINEERING LTD   ,Listed    ,14 AUG 2026,               1.00,         257911026,             62.20,    16047224037.70    
14 AUG 2026,VILAS,SM,VILAS TRANSCORE LIMITED  ,Listed    ,14 AUG 2026,              10.00,          24480000,            374.15,     9159192000.00     
14 AUG 2026,VILINBIO,SM,VILIN BIO MED LIMITED    ,Listed    ,14 AUG 2026,              10.00,          15250000,             43.50,      663375000.00  
14 AUG 2026,VIMTALABS,EQ,VIMTA LABS LIMITED       ,Listed    ,14 AUG 2026,               2.00,          44669355,            617.00,    27560992035.00 
14 AUG 2026,VINATIORGA,EQ,VINATI ORGANICS LTD      ,Listed    ,14 AUG 2026,               1.00,         103665632,           1338.30,   138735715305.60
14 AUG 2026,VINCOFE,EQ,VINTAGE COFFEE N BVRGS L ,Listed    ,14 AUG 2026,              10.00,         145688409,            148.05,    21569168952.45   
14 AUG 2026,VINDHYATEL,EQ,VINDHYA TELELINKS LTD    ,Listed    ,14 AUG 2026,              10.00,          11850863,           2401.60,    28461032580.80
14 AUG 2026,VINEETLAB,EQ,VINEET LABORATORIES LTD  ,Listed    ,14 AUG 2026,              10.00,          19206266,             37.30,      716201659.15 
14 AUG 2026,VINNY,EQ,VINNY OVERSEAS LIMITED   ,Listed    ,14 AUG 2026,               1.00,         465246622,              1.05,      493161419.30     
14 AUG 2026,VINSYS,ST,VINSYS IT SERVICES IND LT,Listed    ,14 AUG 2026,              10.00,          14749857,            579.00,     8540167203.00    
14 AUG 2026,VINYAS,SM,VINYAS INNOVATIVE TECH L ,Listed    ,14 AUG 2026,              10.00,          12584726,           1383.55,    17411597657.30    
14 AUG 2026,VINYLINDIA,EQ,VINYL CHEMICALS (I) LTD. ,Listed    ,14 AUG 2026,               1.00,          18337111,            238.65,     4375968169.05
14 AUG 2026,VIPCLOTHNG,BE,VIP CLOTHING LIMITED     ,Listed    ,14 AUG 2026,               2.00,          90129519,             20.15,     1815208512.65
14 AUG 2026,VIPIND,EQ,VIP INDUSTRIES LTD       ,Listed    ,14 AUG 2026,               2.00,         142051846,            299.80,    42587143430.80    
14 AUG 2026,VIPULLTD,BE,VIPUL LIMITED            ,Listed    ,14 AUG 2026,               1.00,         140959480,             14.30,     2015720564.00  
14 AUG 2026,VIRINCHI,EQ,VIRINCHI LIMITED         ,Listed    ,14 AUG 2026,              10.00,         109646896,             14.90,     1631545812.50  
14 AUG 2026,VISACHROME,BE,VISA CHROME LIMITED      ,Listed    ,14 AUG 2026,              10.00,         145789500,             36.90,     5378174655.00
14 AUG 2026,VISAKAIND,EQ,VISAKA INDUSTRIES LIMITED,Listed    ,14 AUG 2026,               2.00,          86404760,             95.45,     8248198389.60 
14 AUG 2026,VISAMAN,SM,VISAMAN GLOBAL SALES LTD ,Listed    ,Not Traded ,              10.00,          21271099,            107.60,     2288770252.40   
14 AUG 2026,VISDEM,SM,VISDEM TECHNOSYS LIMITED ,Listed    ,14 AUG 2026,              10.00,          10272000,             85.85,      881851200.00    
14 AUG 2026,VISHNU,EQ,VISHNU CHEMICALS LIMITED ,Listed    ,14 AUG 2026,               2.00,          67315284,            608.10,    40934424200.40    
14 AUG 2026,VISHNUINFR,SM,VISHNUSURYA PROJ N INFR L,Listed    ,14 AUG 2026,              10.00,          25925538,            149.80,     3883645592.40
14 AUG 2026,VISHWARAJ,EQ,VISHWARAJ SUGAR IND LTD  ,Listed    ,14 AUG 2026,               2.00,         217827700,              5.30,     1152308533.00 
14 AUG 2026,VISHWAS,ST,VISHWAS AGRI SEEDS LTD   ,Listed    ,12 AUG 2026,              10.00,          10000000,             38.15,      381500000.00   
14 AUG 2026,VISL,EQ,VEDANTA IRON AND STEEL L ,Listed    ,14 AUG 2026,               1.00,        3910388057,             36.85,   144176007661.60      
14 AUG 2026,VITAL,BE,VITAL CHEMTECH LIMITED   ,Listed    ,14 AUG 2026,              10.00,          23951100,             54.50,     1305334950.00     
14 AUG 2026,VIVIANA,BE,VIVIANA POWER TECH LTD   ,Listed    ,14 AUG 2026,              10.00,          10124800,            700.75,     7094953600.00   
14 AUG 2026,VIVIDEL,ST,VIVID ELECTROMECH LIMITED,Listed    ,14 AUG 2026,              10.00,           8887800,           1566.75,    13924960650.00   
14 AUG 2026,VIVIDHA,EQ,VISAGAR POLYTEX LTD      ,Listed    ,14 AUG 2026,               1.00,         292700534,              0.55,      158058288.35   
14 AUG 2026,VIVIMEDLAB,BE,VIVIMED LABS LIMITED     ,Listed    ,14 AUG 2026,               2.00,          82913915,              4.90,      407107322.65
14 AUG 2026,VIVO,SM,VIVO COLLAB SOLUTIONS LTD,Listed    ,14 AUG 2026,              10.00,           2015000,            145.40,      292981000.00      
14 AUG 2026,VIYASH,EQ,VIYASH SCIENTIFIC LIMITED,Listed    ,14 AUG 2026,               2.00,         436875477,            255.65,   111687215695.05    
14 AUG 2026,VLEGOV,BE,VL E GOV AND IT SOL LTD  ,Listed    ,14 AUG 2026,              10.00,         108451329,              9.90,     1075837183.70    
14 AUG 2026,VLINFRA,SM,V.L.INFRAPROJECTS LIMITED,Listed    ,14 AUG 2026,              10.00,          15712500,             25.85,      406168125.00   
14 AUG 2026,VLSFINANCE,EQ,VLS FINANCE LTD          ,Listed    ,14 AUG 2026,              10.00,          31378663,            259.15,     8131780516.45
14 AUG 2026,VMARCIND,SM,V MARC INDIA LIMITED     ,Listed    ,14 AUG 2026,              10.00,         146524176,            365.80,    53598543580.80  
14 AUG 2026,VMART,EQ,VMART RETAIL LTD         ,Listed    ,14 AUG 2026,              10.00,          79548002,            807.50,    64235011615.00     
14 AUG 2026,VMM,EQ,VISHAL MEGA MART LIMITED ,Listed    ,14 AUG 2026,              10.00,        4676375306,            105.20,   491954682191.20       
14 AUG 2026,VMOBILE,SM,VINIT MOBILE LIMITED     ,Listed    ,14 AUG 2026,              10.00,           6170000,             67.50,      416475000.00   
14 AUG 2026,VMSTMT,EQ,VMS TMT LIMITED          ,Listed    ,14 AUG 2026,              10.00,          49631210,             51.35,     2549058945.60    
14 AUG 2026,VOEPL,EQ,VIRTUOSO OPTOELECTRONIC L,Listed    ,14 AUG 2026,              10.00,          31833079,            506.00,    16107537974.00     
14 AUG 2026,VOGL,EQ,VEDANTA OIL AND GAS LTD  ,Listed    ,14 AUG 2026,               1.00,        3910388057,             37.15,   145231812437.00      
14 AUG 2026,VOLERCAR,SM,VOLER CAR LIMITED        ,Listed    ,12 AUG 2026,              10.00,          11143527,            221.50,     2468291230.50  
14 AUG 2026,VOLTAMP,EQ,VOLTAMP TRANSFORMERS LTD ,Listed    ,14 AUG 2026,              10.00,          10117120,          10141.00,   102597713920.00   
14 AUG 2026,VOLTAS,EQ,VOLTAS LTD               ,Listed    ,14 AUG 2026,               1.00,         330884740,           1320.50,   436933299170.00    
14 AUG 2026,VPRPL,EQ,VISHNU PRAKASH R PUNGLI L,Listed    ,14 AUG 2026,              10.00,         124644000,             32.85,     4095801840.00     
14 AUG 2026,VR,SM,V R INFRASPACE LIMITED   ,Listed    ,14 AUG 2026,              10.00,           8880000,            151.30,     1343544000.00        
14 AUG 2026,VRAJ,EQ,VRAJ IRON AND STEEL LTD  ,Listed    ,14 AUG 2026,              10.00,          32982619,            122.95,     4055872658.45      
14 AUG 2026,VRLLOG,EQ,VRL LOGISTICS LIMITED    ,Listed    ,14 AUG 2026,              10.00,         176686990,            296.30,    52352355137.00    
14 AUG 2026,VSCL,SM,VADIVARHE SPCLTY CHEM LTD,Listed    ,14 AUG 2026,              10.00,          15000000,             23.90,      358500000.00      
14 AUG 2026,VSSL,EQ,VARDHMAN SPC STEEL LTD   ,Listed    ,14 AUG 2026,              10.00,          96685678,            353.35,    34163884321.30      
14 AUG 2026,VSTIND,EQ,VST INDUSTRIES LTD       ,Listed    ,14 AUG 2026,              10.00,         169861120,            215.45,    36594879692.80    
14 AUG 2026,VSTL,EQ,VIBHOR STEEL TUBES LTD   ,Listed    ,14 AUG 2026,              10.00,          18962443,            107.90,     2046237224.15      
14 AUG 2026,VSTTILLERS,EQ,VST TILLERS TRACTORS LTD ,Listed    ,14 AUG 2026,              10.00,           8652754,           4511.60,    39037764946.40
14 AUG 2026,VTL,EQ,VARDHMAN TEXTILES LIMITED,Listed    ,14 AUG 2026,               2.00,         289475800,            590.60,   170964407480.00       
14 AUG 2026,WAAREEENER,EQ,WAAREE ENERGIES LIMITED  ,Listed    ,14 AUG 2026,              10.00,         287651335,           2682.00,   771480880470.00
14 AUG 2026,WAAREEINDO,EQ,INDOSOLAR LIMITED        ,Listed    ,14 AUG 2026,              10.00,          41603691,            297.25,    12366697149.75
14 AUG 2026,WAAREERTL,EQ,WAAREE RENEWABLE TECH LTD,Listed    ,14 AUG 2026,               2.00,         104345792,            891.55,    93029490857.60 
14 AUG 2026,WABAG,EQ,VA TECH WABAG LTD        ,Listed    ,14 AUG 2026,               2.00,          62315663,           1904.60,   118686411749.80     
14 AUG 2026,WAKEFIT,EQ,WAKEFIT INNOVATIONS LTD  ,Listed    ,14 AUG 2026,               1.00,         331331698,            121.40,    40217041503.25   
14 AUG 2026,WALCHANNAG,EQ,WALCHANDNAGAR INDUSTRIES ,Listed    ,14 AUG 2026,               2.00,          67842060,            224.80,    15250895088.00
14 AUG 2026,WALPAR,SM,WALPAR NUTRITIONS LIMITED,Listed    ,12 AUG 2026,              10.00,           9390440,             34.85,      327256834.00    
14 AUG 2026,WANBURY,EQ,WANBURY LIMITED          ,Listed    ,14 AUG 2026,              10.00,          34939398,            261.35,     9131411667.30   
14 AUG 2026,WCIL,EQ,WESTERN CARRIERS (IND) L ,Listed    ,14 AUG 2026,               5.00,         101955213,             86.55,     8824223685.15      
14 AUG 2026,WEALTH,EQ,WEALTH FRST PORT. MG. LTD,Listed    ,14 AUG 2026,              10.00,          10655000,            902.15,     9612408250.00    
14 AUG 2026,WEBELSOLAR,EQ,WEBSOL ENERGY SYSTEM LTD ,Listed    ,14 AUG 2026,               1.00,         434163470,             85.10,    36947311297.00
14 AUG 2026,WEIZMANIND,EQ,WEIZMANN LTD             ,Listed    ,14 AUG 2026,              10.00,          15493852,             77.40,     1198914267.75
14 AUG 2026,WEL,EQ,WONDER ELECTRICALS LTD   ,Listed    ,14 AUG 2026,               1.00,         134008000,            145.05,    19437860400.00       
14 AUG 2026,WELCORP,EQ,WELSPUN CORP LIMITED     ,Listed    ,14 AUG 2026,               5.00,         263790645,           1873.30,   494159015278.50   
14 AUG 2026,WELENT,EQ,WELSPUN ENTERPRISES LTD. ,Listed    ,14 AUG 2026,              10.00,         138413810,            561.70,    77747037077.00    
14 AUG 2026,WELINV,BE,WELSPUN INV & COMM LTD   ,Listed    ,14 AUG 2026,              10.00,           3654476,           1848.00,     6753471648.00    
14 AUG 2026,WELSPLSOL,EQ,WELSPUN SPECIALTY SOL L  ,Permitted ,14 AUG 2026,               6.00,         662611445,             47.95,    31778844902.20 
14 AUG 2026,WELSPUNLIV,EQ,WELSPUN LIVING LIMITED   ,Listed    ,14 AUG 2026,               1.00,         959152514,            164.05,   157358561446.85
14 AUG 2026,WENDT,EQ,WENDT (INDIA) LIMITED    ,Listed    ,14 AUG 2026,              10.00,           2000000,           7932.00,    15864000000.00     
14 AUG 2026,WESTLIFE,EQ,WESTLIFE FOODWORLD LTD   ,Listed    ,14 AUG 2026,               2.00,         155936165,            582.90,    90895190578.50  
14 AUG 2026,WEWIN,BE,WE WIN LIMITED           ,Listed    ,14 AUG 2026,              10.00,          10161000,             46.15,      469133370.00     
14 AUG 2026,WEWORK,EQ,WEWORK INDIA MANAGEMENT L,Listed    ,14 AUG 2026,              10.00,         138590252,            708.50,    98191193542.00    
14 AUG 2026,WHEELS,EQ,WHEELS INDIA LTD         ,Listed    ,14 AUG 2026,              10.00,          24433012,           1435.60,    35076032027.20    
14 AUG 2026,WHIRLPOOL,EQ,WHIRLPOOL OF INDIA LTD   ,Listed    ,14 AUG 2026,              10.00,         126871830,            778.90,    98820468387.00 
14 AUG 2026,WHITEFORCE,SM,HAPPY SQUARE OUTSOURC S L,Listed    ,11 AUG 2026,              10.00,          11600400,             34.65,      401953860.00
14 AUG 2026,WILLAMAGOR,EQ,WILLIAMSON MAGOR         ,Listed    ,14 AUG 2026,              10.00,          10956360,             25.05,      274566381.60
14 AUG 2026,WINDLAS,EQ,WINDLAS BIOTECH LIMITED  ,Listed    ,14 AUG 2026,               5.00,          20636229,            949.45,    19593067624.05   
14 AUG 2026,WINDMACHIN,EQ,WINDSOR MACHINES LIMITED ,Listed    ,14 AUG 2026,               2.00,          91302201,            302.55,    27623480912.55
14 AUG 2026,WINNY,SM,WINNY IMMIGRA & EDU SER L,Listed    ,12 AUG 2026,              10.00,           2170000,             32.10,       69657000.00     
14 AUG 2026,WINSOL,SM,WINSOL ENGINEERS LIMITED ,Listed    ,14 AUG 2026,              10.00,          11535200,            110.80,     1278100160.00    
14 AUG 2026,WIPL,EQ,THE WESTERN INDIA PLY LTD,Listed    ,14 AUG 2026,              10.00,           8487340,            168.00,     1425703373.20      
14 AUG 2026,WIPRO,EQ,WIPRO LTD                ,Listed    ,14 AUG 2026,               2.00,        9904138590,            184.00,  1822361500560.00     
14 AUG 2026,WOCKPHARMA,EQ,WOCKHARDT LIMITED        ,Listed    ,14 AUG 2026,               5.00,         162492169,           1932.70,   314048615026.30
14 AUG 2026,WOL3D,ST,WOL 3D INDIA LIMITED     ,Listed    ,14 AUG 2026,              10.00,           6452000,            144.50,      932314000.00     
14 AUG 2026,WOMANCART,SM,WOMANCART LIMITED        ,Listed    ,14 AUG 2026,              10.00,           8212800,            101.80,      836063040.00 
14 AUG 2026,WONDERLA,EQ,WONDERLA HOLIDAYS LTD.   ,Listed    ,14 AUG 2026,              10.00,          63450048,            468.25,    29710484976.00  
14 AUG 2026,WORTHPERI,EQ,WORTH PERIPHERALS LIMITED,Listed    ,14 AUG 2026,              10.00,          15751000,            154.50,     2433529500.00 
14 AUG 2026,WPIL,EQ,W P I L LTD.             ,Permitted ,14 AUG 2026,               1.00,          97670800,            418.25,    40850812100.00      
14 AUG 2026,WSI,EQ,W.S.INDUSTRIES (I) LTD.  ,Listed    ,14 AUG 2026,              10.00,          75895318,             59.65,     4527155718.70       
14 AUG 2026,WSTCSTPAPR,EQ,WEST COAST PAPER MILLS LT,Listed    ,14 AUG 2026,               2.00,          66048908,            611.35,    40378999905.80
14 AUG 2026,WTICAB,SM,WISE TRAVEL INDIA LIMITED,Listed    ,14 AUG 2026,              10.00,          23811837,            108.60,     2585965498.20    
14 AUG 2026,XCHANGING,EQ,XCHANGING SOLUTIONS LTD  ,Listed    ,14 AUG 2026,              10.00,         111403716,             63.90,     7116469378.10 
14 AUG 2026,XELPMOC,EQ,XELPMOC DESIGN & TECH LTD,Listed    ,14 AUG 2026,              10.00,          14799493,             82.25,     1217258299.25   
14 AUG 2026,XPROINDIA,EQ,XPRO INDIA LIMITED       ,Listed    ,14 AUG 2026,              10.00,          23470378,           1097.00,    25747004666.00 
14 AUG 2026,XTGLOBAL,EQ,XTGLOBAL INFOTECH LIMITED,Listed    ,14 AUG 2026,               1.00,         134123705,             30.70,     4118938980.55  
14 AUG 2026,XTRANET,EQ,XTRANET TECHNOLOGIES LTD ,Listed    ,14 AUG 2026,              10.00,          52285700,            172.50,     9019283250.00   
14 AUG 2026,YAAP,SM,YAAP DIGITAL LIMITED     ,Listed    ,14 AUG 2026,              10.00,          20933000,            142.75,     2988185750.00      
14 AUG 2026,YASHO,EQ,YASHO INDUSTRIES LIMITED ,Listed    ,14 AUG 2026,              10.00,          12057095,           4215.70,    50829095391.50     
14 AUG 2026,YASHOPTICS,SM,YASH OPTICS & LENS LTD   ,Listed    ,12 AUG 2026,              10.00,          24765600,            114.00,     2823278400.00
14 AUG 2026,YATHARTH,EQ,YATHARTH HOSP & TRA C S L,Listed    ,14 AUG 2026,              10.00,          96354357,            844.70,    81390525357.90  
14 AUG 2026,YATRA,EQ,YATRA ONLINE LIMITED     ,Listed    ,14 AUG 2026,               1.00,         156916193,            114.00,    17890015163.95     
14 AUG 2026,YCCL,SM,YASONS CHEMEX CARE LTD   ,Listed    ,14 AUG 2026,              10.00,          19303920,              9.65,      186282828.00      
14 AUG 2026,YESBANK,EQ,YES BANK LIMITED         ,Listed    ,14 AUG 2026,               2.00,       31385887247,             22.65,   711518063889.50   
14 AUG 2026,YUDIZ,SM,YUDIZ SOLUTIONS LIMITED  ,Listed    ,13 AUG 2026,              10.00,          10319375,             25.80,      266239875.00     
14 AUG 2026,YUKEN,EQ,YUKEN INDIA LIMITED      ,Listed    ,14 AUG 2026,              10.00,          13584000,            853.20,    11589868800.00     
14 AUG 2026,ZAGGLE,EQ,ZAGGLE PREPA OCEAN SER L ,Listed    ,14 AUG 2026,               1.00,         134458445,            200.60,    26971019482.55    
14 AUG 2026,ZEAL,SM,ZEAL GLOBAL SERVICES LTD ,Listed    ,13 AUG 2026,              10.00,          13309750,             63.50,      845169125.00      
14 AUG 2026,ZEEL,EQ,ZEE ENTERTAINMENT ENT LTD,Listed    ,14 AUG 2026,               1.00,         960519420,            102.30,    98241926277.60      
14 AUG 2026,ZEELEARN,BE,ZEE LEARN LIMITED        ,Listed    ,14 AUG 2026,               1.00,         327731291,              8.15,     2664455395.85  
14 AUG 2026,ZEEMEDIA,EQ,ZEE MEDIA CORPORATION LTD,Listed    ,14 AUG 2026,               1.00,         625428680,              9.65,     6022878188.40  
14 AUG 2026,ZENITHDRUG,SM,ZENITH DRUGS LIMITED     ,Listed    ,14 AUG 2026,              10.00,          17148800,             44.65,      765693920.00
14 AUG 2026,ZENITHEXPO,EQ,ZENITH EXPORTS LTD       ,Listed    ,14 AUG 2026,              10.00,           5396250,            215.25,     1161650737.50
14 AUG 2026,ZENITHSTL,EQ,ZENITH STEEL PIP IND LTD ,Listed    ,14 AUG 2026,              10.00,         142280448,              5.60,      795347704.30 
14 AUG 2026,ZENSARTECH,EQ,ZENSAR TECHNOLOGIES  LTD ,Listed    ,14 AUG 2026,               2.00,         227495654,            490.80,   111654866983.20
14 AUG 2026,ZENTEC,EQ,ZEN TECHNOLOGIES LIMITED ,Listed    ,14 AUG 2026,               1.00,          90290356,           1857.20,   167687249163.20    
14 AUG 2026,ZFCVINDIA,EQ,ZF COM VE CTR SYS IND LTD,Listed    ,14 AUG 2026,               5.00,         113805504,           2636.70,   300070972396.80 
14 AUG 2026,ZFSTEERING,EQ,Z F STEERING GEAR (I) LTD,Permitted ,14 AUG 2026,              10.00,           9073300,            662.75,     6013329575.00
14 AUG 2026,ZIMLAB,BE,ZIM LABORATORIES LIMITED ,Listed    ,14 AUG 2026,              10.00,          53549037,            107.55,     5759198929.35    
14 AUG 2026,ZODIAC,EQ,ZODIAC ENERGY LIMITED    ,Listed    ,14 AUG 2026,              10.00,          15123690,            266.90,     4036512861.00    
14 AUG 2026,ZODIACLOTH,EQ,ZODIAC CLOTHING CO. LTD. ,Listed    ,14 AUG 2026,              10.00,          27458131,             75.20,     2065126032.50
14 AUG 2026,ZOTA,EQ,ZOTA HEALTH CARE LIMITED ,Listed    ,14 AUG 2026,              10.00,          34632587,           1131.30,    39179845673.10      
14 AUG 2026,ZSARACOM,EQ,SARASWATI COMM (INDIA) L ,Permitted ,14 AUG 2026,              10.00,           1095928,          12143.00,    13307853704.00  
14 AUG 2026,ZTECH,SM,Z-TECH (INDIA) LIMITED   ,Listed    ,14 AUG 2026,              10.00,          14559448,            528.50,     7694668268.00     
14 AUG 2026,ZUARI,EQ,ZUARI AGRO CHEMICALS LTD ,Listed    ,14 AUG 2026,              10.00,          42058006,            220.60,     9277154963.50     
14 AUG 2026,ZUARIIND,EQ,ZUARI INDUSTRIES LIMITED ,Listed    ,14 AUG 2026,              10.00,          29781184,            257.80,     7677589235.20  
14 AUG 2026,ZYDUSLIFE,EQ,ZYDUS LIFESCIENCES LTD   ,Listed    ,14 AUG 2026,               1.00,        1006233990,           1135.20,  1142276825448.00 
14 AUG 2026,ZYDUSWELL,EQ,ZYDUS WELLNESS LIMITED   ,Listed    ,14 AUG 2026,               2.00,         318160720,            510.30,   162357415416.00 
14 AUG 2026,Listed    ,  ,                         ,          ,           ,               0.00,                 0,              0.00,487751566240101.70
14 AUG 2026,Permitted ,  ,                         ,          ,           ,               0.00,                 0,              0.00,  3112608614502.00
14 AUG 2026,Total     ,  ,                         ,          ,           ,               0.00,                 0,              0.00,490864174854603.70
