2026-08-11,0,77
1,SENSEX,30
2,BSE100,100
3,BSE200,200
4,BSE500,501
7,BSE CG,34
8,BSE CD,10
10,BSEPSU,61
11,TECK,22
12,BANKEX,14
13,AUTO,21
14,METAL,12
15,OILGAS,10
21,REALTY,10
22,POWER,17
23,BSEIPO,110
27,SMEIPO,164
28,INFRA,29
29,CPSE,53
32,BSEFMC,101
33,BSE HC,125
34,BSE IT,78
35,MFG,29
37,COMDTY,189
38,CONDIS,376
39,ENERGY,33
40,FINSER,186
41,INDSTR,318
43,MIDSEL,30
44,SMLSEL,58
45,TELCOM,19
46,UTILS,34
47,SNSX50,50
48,SNXT50,50
49,BHRT22,22
50,ESG100,94
55,MID150,150
56,SML250,251
57,LMI250,250
58,MSL400,401
59,BSEDSI,73
60,BSEEVI,30
61,BSELVI,30
62,BSEMOI,29
63,BSEQUI,30
64,DFRGRI,55
65,LCTMCI,100
66,BSEPBI,12
67,BSESER,68
68,SNXN30,30
69,SNSX60,60
70,SS6535,60
71,POWENE,36
72,200EQW,200
73,INTECO,20
74,CAPINS,26
75,FOCIT,14
76,PRECON,31
77,FOCMID,20
78,BBGEFS,30
79,SENEQW,30
80,SELIPO,71
81,PSUBNK,11
82,INSLDR,60
83,BS1000,1003
89,QUAL50,50
90,IND150,150
91,DIVY50,50
93,MOME50,50
95,INSURE,13
96,INDDEF,33
99,BSHOSP,17
102,T10BNK,10
109,MMOM30,30
114,BSMSPB,18
123,BSHFIN,11
126,BLMD50,50
127,BSEMSP,18
1,500247,7360384100
1,532215,2860599240
1,532454,3046637500
1,532174,7169482000
1,500875,9647690360
1,500209,3487835780
1,500510,1169317800
1,500520,895340880
1,532500,128905230
1,532555,4751366340
1,500180,15241580640
1,500696,892844580
1,500325,6766269500
1,500112,4153778100
1,524715,1079675100
1,532540,1013064640
1,500820,450823060
1,532755,636970100
1,500034,2677161510
1,532281,1058329350
1,532978,560192500
1,543320,7237763250
1,500114,408381560
1,532538,117871600
1,532921,737266880
1,532898,4557295960
1,500049,3581791710
1,500251,330602910
1,500470,8239072380
1,539448,224260480
2,541154,187257000
2,533179,108847500
2,532810,1452044880
2,532343,232792630
2,532648,17573046400
2,500850,882527840
2,539437,6628402550
2,500490,42291720
2,500469,2464377000
2,500300,374288750
2,500477,2819450400
2,500093,677222910
2,543396,422518800
2,505200,137157000
2,540699,41345360
2,534816,1292699870
2,532541,348813120
2,500049,3581791710
2,503806,145248250
2,543220,739665440
2,532432,290940400
2,540180,1352918400
2,500034,2677161510
2,532777,382568390
2,540719,451391400
2,539448,224260480
2,532667,12069455200
2,533096,4049785950
2,543940,3367602420
2,543390,374781330
2,517334,4432712340
2,543320,7237763250
2,532538,117871600
2,511218,1741094940
2,500112,4153778100
2,524715,1079675100
2,532540,1013064640
2,500800,643215300
2,500570,2098988520
2,500400,1661576800
2,500470,8239072380
2,532755,636970100
2,500114,408381560
2,532921,737266880
2,500820,450823060
2,532215,2860599240
2,532977,106209240
2,500547,1952311050
2,532454,3046637500
2,500087,565448100
2,533278,2280209360
2,532488,127425120
2,500124,609271140
2,532155,2695791000
2,532424,388833100
2,532281,1058329350
2,500180,15241580640
2,500182,128059520
2,500440,1438225280
2,500696,892844580
2,532174,7169482000
2,530965,3671521880
2,532187,654453240
2,500209,3487835780
2,500228,929272520
2,500875,9647690360
2,500247,7360384100
2,500520,895340880
2,532500,128905230
2,532555,4751366340
2,500790,713476180
2,500312,3899886490
2,500510,1169317800
2,500257,242324480
2,532898,4557295960
2,500325,6766269500
2,540005,91912830
2,540716,244480110
2,540376,163041000
2,500251,330602910
2,507685,2833472880
2,531642,532304640
2,544569,2098928670
2,540611,561417000
2,508869,102087350
2,532978,560192500
2,532868,643581120
2,512599,335980500
2,517354,250902800
2,511243,434685240
2,500825,118025320
2,532483,3356140870
2,500480,135828000
2,541729,201379960
2,532461,3447882900
2,532955,1237615280
2,532134,1861690320
2,540777,1078910000
2,500331,305332500
2,500387,13349970
3,502355,79259970
3,540133,391616640
3,505790,40639040
3,542066,274952500
3,512599,335980500
3,541729,201379960
3,543187,12480160
3,544252,1083203550
3,532830,120892500
3,539523,58586850
3,533398,108396360
3,532478,71389350
3,500575,225001800
3,507685,2833472880
3,512070,557151540
3,532538,117871600
3,532477,1908401500
3,500660,40657440
3,532281,1058329350
3,500180,15241580640
3,517354,250902800
3,500182,128059520
3,500440,1438225280
3,500104,957520350
3,500696,892844580
3,500188,464785090
3,532174,7169482000
3,500116,537620100
3,532779,191483520
3,532321,251558500
3,500087,565448100
3,533278,2280209360
3,500830,130553280
3,532483,3356140870
3,539448,224260480
3,500480,135828000
3,532868,643581120
3,500096,585317700
3,532488,127425120
3,500124,609271140
3,505200,137157000
3,500425,625705500
3,500469,2464377000
3,532155,2695791000
3,532424,388833100
3,508869,102087350
3,544569,2098928670
3,509480,279840720
3,500049,3581791710
3,500493,267729840
3,500547,1952311050
3,532454,3046637500
3,534816,1292699870
3,532523,713199520
3,500530,8553260
3,500825,118025320
3,532814,350210640
3,526371,3428809020
3,532921,737266880
3,533096,4049785950
3,532725,24432300
3,500477,2819450400
3,500820,450823060
3,524804,278784960
3,532215,2860599240
3,532977,106209240
3,500034,2677161510
3,532978,560192500
3,500490,42291720
3,532134,1861690320
3,532149,1229220360
3,543526,505999840
3,540699,41345360
3,544162,75000000
3,500251,330602910
3,540376,163041000
3,532541,348813120
3,532667,12069455200
3,533758,199913760
3,500271,262287400
3,539437,6628402550
3,511243,434685240
3,500875,9647690360
3,500850,882527840
3,530965,3671521880
3,532187,654453240
3,532777,382568390
3,500209,3487835780
3,533148,527187600
3,500228,929272520
3,500510,1169317800
3,500257,242324480
3,500290,2035680
3,532720,653286370
3,500520,895340880
3,531642,532304640
3,532500,128905230
3,541154,187257000
3,532286,367231680
3,500247,7360384100
3,526299,131692020
3,533098,3113960850
3,532555,4751366340
3,500790,713476180
3,500312,3899886490
3,533106,536780640
3,532466,23506740
3,532827,6246240
3,532522,750000000
3,500331,305332500
3,532810,1452044880
3,532898,4557295960
3,532461,3447882900
3,500325,6766269500
3,532955,1237615280
3,500387,13349970
3,511218,1741094940
3,500550,89030250
3,532343,232792630
3,532540,1013064640
3,500800,643215300
3,500570,2098988520
3,500400,1661576800
3,500470,8239072380
3,532755,636970100
3,524715,1079675100
3,509930,64783770
3,500114,408381560
3,500420,142907780
3,500112,4153778100
3,500113,1445532200
3,500495,33563400
3,523457,21321000
3,540691,812452650
3,543904,111463560
3,541450,329435200
3,532754,3590051840
3,533274,167984700
3,503100,185970200
3,543257,1960275900
3,543287,279719720
3,543220,739665440
3,543384,1374423360
3,543390,374781330
3,532388,1347961300
3,500483,116850000
3,532432,290940400
3,517334,4432712340
3,532843,520921020
3,522275,122902560
3,543396,422518800
3,544390,89030250
3,544307,2757204520
3,532822,27085758750
3,500002,52977000
3,542830,304000000
3,543066,294997550
3,500368,348193280
3,532648,17573046400
3,542652,52694950
3,533179,108847500
3,540762,104518620
3,543320,7237763250
3,523642,80410540
3,544277,94924830
3,544289,926896300
3,544285,1407760140
3,544274,138131970
3,543278,382113800
3,512455,125387950
3,544603,878303580
3,544658,49425900
3,533519,851853000
3,544600,329919040
3,544576,101815800
3,544632,550493760
3,544574,509384280
3,500093,677222910
3,532539,179000510
3,503806,145248250
3,540180,1352918400
3,500488,5099760
3,540611,561417000
3,539254,324346410
3,540755,315792000
3,533150,126507360
3,540777,1078910000
3,540716,244480110
3,540005,91912830
3,533273,116352640
3,540719,451391400
3,540115,27560520
3,500103,1462466460
3,506395,118006000
3,500300,374288750
3,543237,76642200
3,542649,562955400
3,543994,535900460
3,543940,3367602420
3,532508,313279600
4,543235,528959420
4,544515,339279820
4,544283,204783790
4,544403,549234900
4,544407,144038830
4,544203,53144900
4,544397,191336500
4,509496,54972160
4,531358,84655260
4,505700,87516000
4,532832,542346870
4,500033,4822210
4,505714,63203360
4,532726,28953720
4,522275,122902560
4,532734,241691400
4,533282,31737440
4,544362,146643840
4,544172,103587430
4,544325,1124807040
4,532627,4865955890
4,544408,80149920
4,532783,135428670
4,513023,138670490
4,543945,18221120
4,544292,77957240
4,543530,425650110
4,543265,86653260
4,532939,2895039700
4,543573,111841400
4,532928,108059760
4,532748,100878830
4,544574,509384280
4,544443,18435060
4,532648,17573046400
4,543257,1960275900
4,515030,119815690
4,522074,215498120
4,543271,82826120
4,530019,79640500
4,543278,382113800
4,543308,248086180
4,543287,279719720
4,500368,348193280
4,543299,69783000
4,543300,447737760
4,500271,262287400
4,539551,69482740
4,532504,36413060
4,541956,329180600
4,500378,230222880
4,540678,84185920
4,540755,315792000
4,540743,44242800
4,540777,1078910000
4,540716,244480110
4,533272,136758400
4,540750,799816300
4,540767,178720920
4,540719,451391400
4,541770,54469020
4,541729,201379960
4,542066,274952500
4,544081,84146510
4,533293,82854630
4,541988,39641500
4,512599,335980500
4,544603,878303580
4,544280,180214650
4,544226,219261000
4,544045,18206400
4,544210,34126200
4,544311,99396800
4,544309,48040440
4,524558,8596100
4,544289,926896300
4,544225,2073090100
4,533581,159792080
4,544238,144958080
4,544282,2293850720
4,544306,135694720
4,504614,91619060
4,544285,1407760140
4,544307,2757204520
4,544277,94924830
4,532300,82867860
4,533339,46047900
4,504973,99521810
4,540769,247200000
4,531335,95448300
4,543664,31506450
4,543904,111463560
4,543768,1142936340
4,517146,182845200
4,544405,302558860
4,500002,52977000
4,543187,12480160
4,542752,63358200
4,532400,164908540
4,544606,218172440
4,544597,120139340
4,544612,88792880
4,532756,128983080
4,544608,131545550
4,544429,207584500
4,544480,313573950
4,532642,3774000
4,500165,202164500
4,544600,329919040
4,544576,101815800
4,544632,550493760
4,544467,134000000
4,544609,514744740
4,543349,51578730
4,544466,29449500
4,544449,140428500
4,524742,19763120
4,543396,422518800
4,517174,2210500
4,533655,117621150
4,543334,100003680
4,532527,101377360
4,543398,72423750
4,543427,72033000
4,531768,37502830
4,541153,902148240
4,540691,812452650
4,541154,187257000
4,539523,58586850
4,539524,77113480
4,500670,83756370
4,532209,440472800
4,543994,535900460
4,500265,38857680
4,543988,83802800
4,532439,41040500
4,543981,32800740
4,534139,57384960
4,543990,40748190
4,544028,174602360
4,532966,79457660
4,520056,5058000
4,532762,40488220
4,543415,84681420
4,539177,263260060
4,500048,38312940
4,544012,46241600
4,543960,33477120
4,532181,82680000
4,517271,113649950
4,500184,232089320
4,544014,136655400
4,539083,967813280
4,543940,3367602420
4,500003,126360000
4,511196,91876260
4,543463,60743250
4,543390,374781330
4,519600,70769840
4,532443,5804100
4,532482,143722260
4,500093,677222910
4,543534,33177250
4,543259,92967620
4,512455,125387950
4,543498,2520031560
4,524000,352126800
4,532754,3590051840
4,540595,81761320
4,517334,4432712340
4,543276,14385250
4,540222,383298470
4,543635,624746560
4,542651,164486400
4,540699,41345360
4,540902,21836400
4,531595,384861600
4,543653,65191360
4,543654,86032640
4,543524,50779500
4,542652,52694950
4,542216,76902060
4,543458,558861970
4,532432,290940400
4,509488,66427840
4,540975,264241710
4,543529,554050580
4,509631,82980540
4,532508,313279600
4,517569,61184640
4,506590,173123720
4,500110,47651520
4,543232,240544480
4,540762,104518620
4,538962,78896070
4,538835,89532800
4,543220,739665440
4,543237,76642200
4,543238,66831960
4,543425,19166350
4,543318,47824650
4,543330,419199600
4,543384,1374423360
4,500038,115111500
4,543374,72274000
4,543320,7237763250
4,541233,499114980
4,543335,380564680
4,532259,16870560
4,544179,249614730
4,542649,562955400
4,544174,34748160
4,542141,50009000
4,544176,152496400
4,515055,151148340
4,542011,28638000
4,500106,673578500
4,543720,132861190
4,500241,25410880
4,540900,64043100
4,539006,5997200
4,541143,91640750
4,532605,40203980
4,541450,329435200
4,544026,786584680
4,500092,24132900
4,532321,251558500
4,532483,3356140870
4,513375,114295800
4,500870,474778560
4,532885,995654110
4,540611,561417000
4,539336,392839300
4,532539,179000510
4,540153,35165750
4,500085,148241240
4,500480,135828000
4,532175,84458040
4,511243,434685240
4,500087,565448100
4,532210,961007453
4,533278,2280209360
4,500830,130553280
4,531344,342728100
4,506395,118006000
4,523367,48342020
4,532868,643581120
4,500096,585317700
4,500645,65643760
4,544569,2098928670
4,539254,324346410
4,532488,127425120
4,500124,609271140
4,500125,103166340
4,500840,193862840
4,505200,137157000
4,531162,197586000
4,532178,275400580
4,500495,33563400
4,500086,450500000
4,505790,40639040
4,500469,2464377000
4,500144,74940110
4,500940,279214650
4,532809,313645950
4,532843,520921020
4,532155,2695791000
4,507815,8146250
4,500660,40657440
4,532296,149566530
4,500163,40555320
4,532424,388833100
4,500164,43784650
4,533150,126507360
4,524208,206678580
4,500620,101406540
4,543397,234609590
4,544274,138131970
4,543412,235361600
4,544801,130946433
4,532466,23506740
4,533273,116352640
4,500312,3899886490
4,533106,536780640
4,500790,713476180
4,544162,75000000
4,513683,318926510
4,532892,156483600
4,526299,131692020
4,534091,254992000
4,533398,108396360
4,500294,408100550
4,533098,3113960850
4,532541,348813120
4,500290,2035680
4,532720,653286370
4,500520,895340880
4,531213,490932300
4,532555,4751366340
4,524816,91346100
4,532234,899949680
4,500247,7360384100
4,533519,851853000
4,500253,297034020
4,534076,59885290
4,500510,1169317800
4,523457,21321000
4,500257,242324480
4,500109,175259900
4,531642,532304640
4,532500,128905230
4,523642,80410540
4,532810,1452044880
4,532898,4557295960
4,533274,167984700
4,532689,70704000
4,532827,6246240
4,533179,108847500
4,532522,750000000
4,503100,185970200
4,500331,305332500
4,533758,199913760
4,532461,3447882900
4,535755,561434600
4,532497,77660840
4,532822,27085758750
4,500459,9413690
4,542399,72268020
4,521070,1241310000
4,500084,623017900
4,543064,160678140
4,501425,17443000
4,532221,193493250
4,540073,119404890
4,534309,1026000000
4,540173,187596000
4,543245,79082880
4,542920,124786500
4,500483,116850000
4,500770,155401160
4,543428,28551840
4,544252,1083203550
4,540530,500475000
4,540376,163041000
4,532636,250921100
4,543663,191669400
4,539437,6628402550
4,500300,374288750
4,543526,505999840
4,539448,224260480
4,539268,189381330
4,500410,58213970
4,532683,38261200
4,500477,2819450400
4,500820,450823060
4,508869,102087350
4,500877,323901510
4,532830,120892500
4,500027,15898680
4,524804,278784960
4,532215,2860599240
4,506076,46502400
4,500008,122626750
4,500425,625705500
4,532331,42478240
4,500710,17305200
4,523395,2816250
4,532921,737266880
4,533096,4049785950
4,500488,5099760
4,500040,52497120
4,513599,328788160
4,500104,957520350
4,500696,892844580
4,500188,464785090
4,517354,250902800
4,500182,128059520
4,500690,223147680
4,532281,1058329350
4,500180,15241580640
4,500183,1086727420
4,500440,1438225280
4,542812,41743000
4,532174,7169482000
4,500116,537620100
4,542772,251903520
4,542726,30672930
4,532947,3864960000
4,500875,9647690360
4,530005,68177340
4,535789,799610640
4,500878,21034000
4,532523,713199520
4,526612,5932000
4,500067,127481300
4,500530,8553260
4,500825,118025320
4,532977,106209240
4,500034,2677161510
4,532978,560192500
4,500490,42291720
4,532525,1999804300
4,532134,1861690320
4,532149,1229220360
4,500043,64264000
4,506285,12583760
4,509480,279840720
4,500049,3581791710
4,500493,267729840
4,500103,1462466460
4,500547,1952311050
4,532454,3046637500
4,534816,1292699870
4,500233,82821440
4,522287,112710180
4,532926,135869550
4,532714,130438000
4,530965,3671521880
4,532388,1347961300
4,543066,294997550
4,540133,391616640
4,540115,27560520
4,540005,91912830
4,532286,367231680
4,533155,389308550
4,532814,350210640
4,500850,882527840
4,532514,700001000
4,532187,654453240
4,532777,382568390
4,500209,3487835780
4,539876,637475850
4,524494,139512450
4,532644,41715540
4,500380,67037760
4,523405,382586400
4,533148,527187600
4,542830,304000000
4,500228,929272520
4,500260,125234760
4,539957,56303460
4,500325,6766269500
4,524230,137922000
4,532805,594148240
4,532955,1237615280
4,533206,707363100
4,532889,109380480
4,544658,49425900
4,503806,145248250
4,540065,605978100
4,502986,98355880
4,500575,225001800
4,533023,45523200
4,532144,131895500
4,500238,76123200
4,507685,2833472880
4,532478,71389350
4,505537,912493050
4,504067,113747000
4,532927,40441930
4,541556,134569120
4,544390,89030250
4,532505,1128560310
4,512070,557151540
4,532538,117871600
4,532477,1908401500
4,532929,185912720
4,500251,330602910
4,540596,60958920
4,522113,36105120
4,500114,408381560
4,500420,142907780
4,532779,191483520
4,532343,232792630
4,532540,1013064640
4,500408,34263350
4,500800,643215300
4,501301,131547780
4,500570,2098988520
4,500400,1661576800
4,500470,8239072380
4,532755,636970100
4,500411,38129920
4,500387,13349970
4,511218,1741094940
4,500550,89030250
4,532784,44911860
4,532725,24432300
4,500112,4153778100
4,500113,1445532200
4,526371,3428809020
4,524715,1079675100
4,532733,98521250
4,509930,64783770
4,532667,12069455200
4,503310,137921080
4,506401,68196500
4,521064,1223029440
4,502355,79259970
4,540180,1352918400
4,514162,316520490
7,513375,114295800
7,544390,89030250
7,500411,38129920
7,532683,38261200
7,500049,3581791710
7,500103,1462466460
7,543428,28551840
7,522275,122902560
7,544238,144958080
7,500550,89030250
7,532667,12069455200
7,541154,187257000
7,517174,2210500
7,544277,94924830
7,500002,52977000
7,500480,135828000
7,543187,12480160
7,539083,967813280
7,500093,677222910
7,541143,91640750
7,543664,31506450
7,522113,36105120
7,532259,16870560
7,532830,120892500
7,540678,84185920
7,544081,84146510
7,517569,61184640
7,533293,82854630
7,543237,76642200
7,542652,52694950
7,539006,5997200
7,509930,64783770
7,522074,215498120
7,517271,113649950
8,540902,21836400
8,500820,450823060
8,509480,279840720
8,500575,225001800
8,517354,250902800
8,540699,41345360
8,543278,382113800
8,500067,127481300
8,500114,408381560
8,539876,637475850
10,534309,1026000000
10,543257,1960275900
10,541143,91640750
10,539336,392839300
10,541154,187257000
10,544801,130946433
10,532525,1999804300
10,532134,1861690320
10,532149,1229220360
10,500049,3581791710
10,500103,1462466460
10,500547,1952311050
10,532483,3356140870
10,532885,995654110
10,513599,328788160
10,500104,957520350
10,541956,329180600
10,532814,350210640
10,530965,3671521880
10,532388,1347961300
10,533278,2280209360
10,531344,342728100
10,532178,275400580
10,532155,2695791000
10,500109,175259900
10,533098,3113960850
10,532555,4751366340
10,532234,899949680
10,513683,318926510
10,500312,3899886490
10,533106,536780640
10,532461,3447882900
10,524230,137922000
10,541556,134569120
10,533206,707363100
10,532810,1452044880
10,532898,4557295960
10,500112,4153778100
10,532505,1128560310
10,532477,1908401500
10,500113,1445532200
10,532955,1237615280
10,542649,562955400
10,500106,673578500
10,500110,47651520
10,542011,28638000
10,544026,786584680
10,542830,304000000
10,543768,1142936340
10,500048,38312940
10,532181,82680000
10,532209,440472800
10,543526,505999840
10,526371,3428809020
10,540769,247200000
10,540678,84185920
10,540755,315792000
10,540530,500475000
10,544289,926896300
10,543237,76642200
10,543265,86653260
11,543265,86653260
11,532822,27085758750
11,532748,100878830
11,532541,348813120
11,540595,81761320
11,532454,3046637500
11,534816,1292699870
11,532281,1058329350
11,500183,1086727420
11,500209,3487835780
11,532689,70704000
11,532733,98521250
11,532540,1013064640
11,532755,636970100
11,507685,2833472880
11,505537,912493050
11,542651,164486400
11,544162,75000000
11,540005,91912830
11,500483,116850000
11,533179,108847500
11,526299,131692020
12,540611,1927227591
12,532477,6551144738
12,532483,11520932362
12,532461,11835863637
12,532215,2026353629
12,500112,2658655084
12,500469,8459692793
12,500180,9116348746
12,532174,4588877717
12,532187,2246601619
12,500247,6856341022
12,532648,60324606985
12,539437,22753924941
12,532134,6390794989
13,544274,138131970
13,543300,447737760
13,502355,79259970
13,505790,40639040
13,544569,2098928670
13,500086,450500000
13,500477,2819450400
13,517334,4432712340
13,540762,104518620
13,500530,8553260
13,500570,2098988520
13,532977,106209240
13,505200,137157000
13,500182,128059520
13,500290,2035680
13,500520,895340880
13,532500,128905230
13,532343,232792630
13,500877,323901510
13,500493,267729840
13,532539,179000510
14,500440,1438225280
14,500228,929272520
14,532286,367231680
14,500113,1445532200
14,500470,8239072380
14,533758,199913760
14,500188,464785090
14,532508,313279600
14,532234,899949680
14,526371,3428809020
14,512599,335980500
14,512455,125387950
15,532514,1943202695
15,533106,1490102995
15,542066,763268108
15,500547,5419615250
15,532155,7483515506
15,500104,2658076381
15,530965,10192144317
15,500312,9627314062
15,532522,2081999914
15,500325,1925386378
21,532868,643581120
21,533150,126507360
21,543287,279719720
21,503100,185970200
21,533274,167984700
21,532784,44911860
21,533273,116352640
21,515055,151148340
21,532929,185912720
21,500040,52497120
22,500411,38129920
22,544390,89030250
22,543187,12480160
22,522275,122902560
22,541450,329435200
22,532667,12069455200
22,500002,52977000
22,500103,1462466460
22,500093,677222910
22,532779,191483520
22,533148,527187600
22,533096,4049785950
22,533098,3113960850
22,532555,4751366340
22,532898,4557295960
22,500550,89030250
22,500400,1661576800
23,544716,10793250
23,544455,23942520
23,544545,17150600
23,544454,84799200
23,544717,25757380
23,544806,11352660
23,544833,9152640
23,544678,419130000
23,544803,8245800
23,544802,4343700
23,544799,50061430
23,544814,18354750
23,544822,23862560
23,544825,11856570
23,544829,142577960
23,544599,7870600
23,544658,49425900
23,544666,22076040
23,544723,18989660
23,544679,38941020
23,544821,15748650
23,544754,48860070
23,544777,21905500
23,544851,3546790
23,544853,56899800
23,544718,6656580
23,544808,12359760
23,544709,17468880
23,544580,49854250
23,544578,31367480
23,544664,16261440
23,544587,5785760
23,544720,18549900
23,544519,30660000
23,544550,36694670
23,544532,18201330
23,544837,84061770
23,544530,18190250
23,544534,9315180
23,544533,29125080
23,544839,14791000
23,544731,20892000
23,544732,6191380
23,544685,157577940
23,544521,16378230
23,544699,81438720
23,544700,41271600
23,544847,78922620
23,544491,22461910
23,544487,10020300
23,544490,16291800
23,544488,134062100
23,544750,6164100
23,544477,21516300
23,544479,19652400
23,544480,313573950
23,544457,98759180
23,544492,6907500
23,544449,140428500
23,544459,19184868
23,544523,36602100
23,544525,42591570
23,544526,19065750
23,544527,9996610
23,544528,14548680
23,544543,23413050
23,544540,24147600
23,544537,89722360
23,544558,12001770
23,544557,24024780
23,544512,24108000
23,544515,339279820
23,544739,78540000
23,544466,29449500
23,544465,20907200
23,544470,16572920
23,544467,134000000
23,544469,83083080
23,544484,73070880
23,544485,29789670
23,544497,249812050
23,544496,113480840
23,544742,8835800
23,544647,22075020
23,544645,56151030
23,544733,8838610
23,544743,15532800
23,544744,18982800
23,544606,218172440
23,544570,48017900
23,544613,36828240
23,544614,18278560
23,544600,329919040
23,544562,19285800
23,544564,8082000
23,544634,114013220
23,544632,550493760
23,544633,57426840
23,544644,6116000
23,544574,509384280
23,544642,98990100
23,544576,101815800
23,544583,237500000
23,544608,131545550
23,544609,514744740
23,544612,88792880
23,544619,24848780
23,544617,47184440
23,544595,23288130
23,544603,878303580
27,544607,1527660
27,544621,2773120
27,544624,7404870
27,544623,3384450
27,544626,2717550
27,544625,2091040
27,544627,2496420
27,544628,2924000
27,544629,1851930
27,544630,926100
27,544616,2470000
27,544596,3012000
27,544575,3701760
27,544635,2311400
27,544636,1803600
27,544568,5794620
27,544571,5792170
27,544500,2314780
27,544501,6964200
27,544794,3707850
27,544641,1695600
27,544643,1974000
27,544640,2505600
27,544646,46693350
27,544648,3286280
27,544611,6085300
27,544610,3488130
27,544637,5278840
27,544659,4130750
27,544556,1372000
27,544559,2594460
27,544560,2065700
27,544735,2954500
27,544751,1985880
27,544656,5398960
27,544657,9047800
27,544688,2390850
27,544694,1665200
27,544693,4032000
27,544695,4692000
27,544498,5399940
27,544503,1579840
27,544508,801380
27,544514,2397600
27,544489,2624440
27,544468,4263000
27,544472,2742740
27,544471,3723720
27,544516,6471900
27,544740,4984320
27,544561,14794920
27,544567,1581370
27,544566,3606150
27,544565,5299560
27,544563,5710500
27,544546,3677440
27,544549,3713580
27,544548,2975980
27,544544,2643300
27,544529,4630500
27,544535,5379210
27,544531,6656850
27,544518,4982380
27,544463,2775330
27,544464,3697200
27,544474,1246960
27,544475,4273360
27,544483,4065620
27,544451,5791500
27,544504,3612500
27,544511,3676920
27,544509,1879040
27,544510,6481020
27,544460,6963600
27,544458,12470500
27,544482,4877600
27,544741,1807400
27,544843,2528680
27,544844,3789550
27,544854,2610030
27,544848,4542400
27,544852,2075560
27,544676,6804900
27,544677,1615520
27,544800,2200000
27,544686,1050840
27,544524,6314280
27,544505,3457740
27,544683,8072490
27,544506,3009000
27,544687,4539600
27,544684,6658730
27,544835,1881950
27,544542,4699500
27,544538,3761100
27,544840,4535400
27,544539,2596080
27,544541,6029370
27,544520,2544300
27,544665,3610750
27,544708,8078000
27,544765,3488310
27,544771,2074000
27,544747,2326170
27,544746,4361940
27,544769,2663820
27,544832,3450400
27,544770,5286600
27,544582,6422700
27,544585,1598100
27,544584,3182400
27,544710,4731790
27,544711,5469000
27,544738,2372220
27,544767,3514160
27,544812,3201500
27,544826,3523000
27,544811,2109190
27,544810,2329210
27,544813,1408000
27,544675,2986500
27,544856,1770230
27,544778,2242620
27,544779,2193180
27,544698,1946970
27,544858,1675000
27,544724,5244750
27,544707,1883760
27,544809,6214590
27,544755,2022360
27,544669,1828710
27,544667,3893760
27,544670,5565040
27,544668,1436400
27,544671,3696030
27,544663,3699000
27,544680,868280
27,544681,5256650
27,544682,3286240
27,544495,5346000
27,544773,3322150
27,544774,5036580
27,544494,4385090
27,544793,5286060
27,544594,5367900
27,544798,1611070
27,544797,38283840
27,544796,1131000
27,544805,1634500
27,544759,2016000
27,544804,2793440
27,544772,3895800
27,544452,2204280
27,544768,3718680
27,544453,3680560
27,544834,1816830
27,544823,2581720
27,544807,7420780
27,544552,2396520
27,544554,5438370
27,544553,3257920
27,544555,3609600
27,544673,3472770
27,544551,5496660
28,543257,2143991069
28,532921,863960166
28,532155,3159040645
28,500620,118832425
28,533248,317248519
28,532555,4130292428
28,532810,1701566922
28,532898,3961589919
28,532955,1450289348
28,500400,1444384117
28,532779,166453790
28,541450,286373143
28,533148,473552256
28,542649,2869881964
28,532947,20318844690
28,500510,421383563
28,500294,2080449727
28,500312,4570050102
28,533106,629022005
28,539448,262768584
28,532939,2516615158
28,533098,2706920073
28,533096,3520418980
28,532754,4206972900
28,534309,5230430147
28,541956,1678124887
28,522287,574583551
28,532714,664957941
28,500084,541580238
29,541143,91640750
29,540678,84185920
29,541154,187257000
29,540530,500475000
29,541195,48708400
29,542597,24640000
29,542649,562955400
29,542830,304000000
29,544026,786584680
29,543237,76642200
29,540680,6077510
29,523598,167687640
29,543768,1142936340
29,534309,1026000000
29,500449,27540930
29,533098,3113960850
29,533206,707363100
29,512531,6000000
29,500113,1445532200
29,532555,4751366340
29,532234,899949680
29,523630,122644500
29,513683,318926510
29,500312,3899886490
29,533106,536780640
29,532810,1452044880
29,532898,4557295960
29,524230,137922000
29,513599,328788160
29,532178,275400580
29,532155,2695791000
29,523610,19217740
29,532189,4288450
29,530965,3671521880
29,513377,150000000
29,533286,71219750
29,500108,277200000
29,526173,53784610
29,532485,86569470
29,500049,3581791710
29,500103,1462466460
29,500547,1952311050
29,533278,2280209360
29,531344,342728100
29,543257,1960275900
29,500048,38312940
29,543265,86653260
29,543242,88350000
29,526371,3428809020
29,544142,167687640
29,542011,28638000
29,541956,329180600
29,541556,134569120
32,523261,5916540
32,531335,95448300
32,532478,71389350
32,526173,53784610
32,524332,118065200
32,530307,12431500
32,543306,23527920
32,507488,5483280
32,531449,44173440
32,531531,55687000
32,541974,22689420
32,500368,348193280
32,507205,103811820
32,532729,9534500
32,544416,11788880
32,544595,23288130
32,544485,29789670
32,544545,17150600
32,544528,14548680
32,500800,643215300
32,532356,86864700
32,532670,787541300
32,544203,53144900
32,500125,103166340
32,544279,18935120
32,500201,22118910
32,544217,52850760
32,532497,77660840
32,524226,137601300
32,500790,713476180
32,539889,67559400
32,531642,532304640
32,531162,197586000
32,531508,39250980
32,507815,8146250
32,500163,40555320
32,532424,388833100
32,519552,42686160
32,500696,892844580
32,500875,9647690360
32,532926,135869550
32,530813,77822600
32,501425,17443000
32,500825,118025320
32,519600,70769840
32,500830,130553280
32,500096,585317700
32,500215,12440010
32,512573,39511340
32,533229,74743530
32,500032,956266400
32,500038,115111500
32,544824,28954900
32,532610,105621570
32,519183,37353760
32,543458,558861970
32,500119,32153500
32,519091,615840
32,532432,290940400
32,532783,135428670
32,533104,14243320
32,543653,65191360
32,543711,63335250
32,523207,24072960
32,519126,41818700
32,532899,20061210
32,519105,35025320
32,500459,9413690
32,519156,2443920
32,540180,1352918400
32,539725,76722620
32,530843,672330500
32,544140,22436640
32,544135,81000000
32,509966,57752740
32,543253,156565410
32,540649,7807020
32,540743,44242800
32,540724,10517760
32,544045,18206400
32,544030,22132950
32,532457,19335010
32,543929,90138600
32,544014,136655400
32,508989,79636680
32,531889,81493650
32,538920,77214640
32,540692,8437500
32,507526,6642650
32,543593,31866240
32,507552,53678360
32,507155,5756790
32,519421,23680000
32,531241,14872250
32,523475,3595480
32,540650,5214040
32,530305,25628720
32,543688,726659340
32,524542,9998080
32,530363,60750000
32,500780,12805830
33,532067,4978140
33,540025,47009340
33,543654,86032640
33,543635,624746560
33,544009,34693000
33,543960,33477120
33,544067,16023000
33,543980,186863100
33,543950,42395760
33,540797,27002500
33,544131,27898700
33,544172,103587430
33,524372,15215700
33,500674,8981700
33,543329,7831420
33,532531,66364560
33,530239,73841880
33,543064,160678140
33,543524,50779500
33,524520,39140400
33,539523,58586850
33,539524,77113480
33,509079,27076410
33,512529,152903450
33,540701,64281030
33,524212,19216450
33,540737,3465450
33,531349,16537770
33,544292,77957240
33,524742,19763120
33,524669,3828150
33,532983,4300140
33,500288,345211020
33,506197,65589180
33,524558,8596100
33,543748,51675060
33,543904,111463560
33,524164,114475920
33,531633,9614400
33,539551,69482740
33,539268,189381330
33,539787,52255700
33,532150,44003040
33,531768,37502830
33,544449,140428500
33,544644,6116000
33,544558,12001770
33,544666,22076040
33,544647,22075020
33,544645,56151030
33,544578,31367480
33,542919,49064940
33,543350,48280750
33,543349,51578730
33,543322,30684000
33,543328,18165840
33,543389,240733710
33,543434,25754560
33,543399,15429740
33,507789,18798920
33,524743,246435700
33,540975,264241710
33,544339,18687080
33,539997,4565440
33,532649,93245280
33,543245,79082880
33,543220,739665440
33,542650,105737280
33,541540,22788990
33,544222,34626680
33,544210,34126200
33,544306,135694720
33,544250,6678990
33,544319,24869160
33,544293,19790780
33,539871,62074350
33,526783,1208250
33,506414,9417920
33,544350,76069920
33,539872,12001540
33,506260,28062720
33,540596,60958920
33,540222,383298470
33,524394,15187460
33,506879,31599850
33,530019,79640500
33,523323,4595640
33,524280,27040160
33,543308,248086180
33,532815,29032120
33,533259,7634640
33,524470,460600000
33,530199,27630000
33,524348,34682600
33,500488,5099760
33,532331,42478240
33,500680,15096840
33,533573,55037640
33,508869,102087350
33,506820,6250000
33,524804,278784960
33,532523,713199520
33,532321,251558500
33,500087,565448100
33,532488,127425120
33,500124,609271140
33,531599,48843000
33,532843,520921020
33,500660,40657440
33,532296,149566530
33,532482,143722260
33,524735,36990300
33,532612,36921600
33,524494,139512450
33,500257,242324480
33,524404,212987080
33,500126,7967520
33,524816,91346100
33,500672,7160390
33,530549,117349200
33,532872,94111380
33,524715,1079675100
33,500420,142907780
33,506690,20417740
33,532300,82867860
34,532268,3731500
34,532175,84458040
34,532528,19504980
34,526881,24882660
34,500209,3487835780
34,532281,1058329350
34,526299,131692020
34,532541,348813120
34,531209,6844500
34,532466,23506740
34,533179,108847500
34,543227,82228500
34,532400,164908540
34,532348,556382970
34,540115,27560520
34,540005,91912830
34,543533,25763760
34,517536,9556680
34,522295,7197300
34,544309,48040440
34,544235,13283740
34,544282,2293850720
34,544227,42704020
34,542752,63358200
34,532790,67634670
34,507685,2833472880
34,504067,113747000
34,532663,8504160
34,532221,193493250
34,532540,1013064640
34,500408,34263350
34,532755,636970100
34,504112,10268100
34,540900,64043100
34,539678,15189440
34,500463,42598800
34,544614,18278560
34,506109,40787040
34,543644,26178930
34,543599,9725200
34,538891,265080150
34,511431,649915200
34,544455,23942520
34,544617,47184440
34,544523,36602100
34,533146,15267150
34,538835,89532800
34,523704,17050550
34,532370,16525960
34,543425,19166350
34,543398,72423750
34,543417,60264150
34,533121,4500800
34,532735,31991220
34,532616,27851000
34,542651,164486400
34,538734,6422760
34,544413,64117730
34,544362,146643840
34,544302,5371600
34,540735,13369200
34,519602,327239100
34,517344,11183900
34,532407,114538470
34,532875,27718810
34,526433,5688930
34,532668,32604580
34,539843,9845280
34,544021,40617000
34,543525,31702500
34,532513,7087000
34,543958,82422760
34,543945,18221120
34,544028,174602360
34,543985,69918160
34,544107,27256800
34,532365,4967430
34,544119,23724000
35,541154,185500787
35,500228,920557220
35,500114,404551502
35,532488,126230047
35,533278,7136827563
35,500312,12206255215
35,505200,135870656
35,500790,706784754
35,500049,3548199425
35,532343,230609355
35,544569,2079243603
35,500182,126856596
35,532538,116766126
35,500124,603546890
35,500820,446594959
35,532977,105213143
35,500087,560143587
35,500696,884470925
35,500875,9557025975
35,500510,1158304052
35,500520,886943813
35,532500,130810819
35,500325,3514003354
35,524715,1069549231
35,500570,2079270142
35,500470,8161801201
35,500440,1424736703
35,500300,377519307
35,500800,637180249
37,530999,10692330
37,500052,94566040
37,502450,22704480
37,523457,21321000
37,533047,15107120
37,533282,31737440
37,502420,112458580
37,500188,464785090
37,524709,86645860
37,500078,7740420
37,532742,6903960
37,506618,3678600
37,532323,97350000
37,539148,6457500
37,506685,17228000
37,531717,17480750
37,512455,125387950
37,544480,313573950
37,544619,24848780
37,506852,87243480
37,503806,145248250
37,543530,425650110
37,506854,8977500
37,500405,62053530
37,516072,20194500
37,541167,3858240
37,540935,10281950
37,506687,2290260
37,500770,155401160
37,542812,41743000
37,542920,124786500
37,500150,829070
37,506222,9320580
37,543266,10003250
37,543277,83163600
37,500245,75864120
37,544537,89722360
37,532937,23561280
37,544562,19285800
37,544421,31005920
37,544491,22461910
37,540680,6077510
37,543271,82826120
37,539450,48447350
37,503310,137921080
37,543334,100003680
37,543311,26487720
37,543332,13373710
37,543331,129700140
37,543321,6549760
37,532181,82680000
37,514448,5520000
37,500300,374288750
37,506767,13808880
37,542216,76902060
37,542665,12399540
37,506022,98495100
37,543252,4660520
37,530117,15234570
37,543213,17722560
37,543547,23799710
37,502137,5883360
37,543687,10139100
37,506405,11223000
37,502168,25330480
37,506532,2269750
37,532626,45003725
37,526247,31181380
37,539785,25636500
37,512329,71514600
37,539334,10024780
37,532842,5321150
37,544342,55721280
37,500777,56681730
37,509055,39746300
37,544204,8245750
37,534742,14299720
37,542351,2954610
37,524648,21050520
37,544138,11363940
37,532976,319287850
37,524330,8400000
37,544355,3788000
37,507794,23277360
37,512463,541094040
37,530803,11783880
37,531719,85581540
37,524370,52896480
37,543233,9524060
37,541269,3880980
37,526817,1343660
37,506597,3585270
37,544419,50691820
37,533022,19407850
37,500338,120805680
37,506590,173123720
37,500331,305332500
37,500355,85566360
37,500260,125234760
37,532369,39078900
37,524230,137922000
37,535754,51365000
37,500339,191717220
37,504614,91619060
37,524200,25916500
37,500470,8239072380
37,512070,557151540
37,532538,117871600
37,531426,35297610
37,500113,1445532200
37,538666,22555000
37,500387,13349970
37,532725,24432300
37,500444,27740580
37,506655,71551480
37,539201,47000000
37,502180,60626290
37,502090,27448680
37,500410,58213970
37,505710,136023600
37,530001,17624880
37,500670,83756370
37,500690,223147680
37,500117,162335250
37,500645,65643760
37,506401,68196500
37,507717,13523400
37,508906,7769440
37,500650,5908370
37,533333,430865370
37,500425,625705500
37,533138,6238960
37,500027,15898680
37,500042,11254360
37,506285,12583760
37,500335,27721800
37,532834,90285590
37,500085,148241240
37,506390,6693780
37,506395,118006000
37,532286,367231680
37,533286,71219750
37,500292,67983900
37,500440,1438225280
37,513599,328788160
37,500199,8622600
37,530005,68177340
37,532851,8147440
37,502330,53689500
37,532644,41715540
37,544780,1681466840
37,500380,67037760
37,532162,77924920
37,500228,929272520
37,532967,37814490
37,500268,80839530
37,502157,16223230
37,523642,80410540
37,500730,108566250
37,532234,899949680
37,523630,122644500
37,532504,36413060
37,500412,57865440
37,532508,313279600
37,500184,232089320
37,541557,7665000
37,540145,11768400
37,506480,15367630
37,540575,80836000
37,512599,335980500
37,543534,33177250
37,531921,6431940
37,512068,156974580
37,500123,1982000
37,516030,26069840
37,544134,15379000
37,502175,36724710
37,524208,206678580
37,543657,56790680
37,526371,3428809020
37,543318,47824650
37,543336,71149500
37,539660,148961820
37,540061,38225520
37,500171,70789180
37,543768,1142936340
37,509675,4147550
37,504918,126387300
37,512229,8043000
38,500040,52497120
38,533169,145320120
38,501423,26194350
38,543449,37522240
38,505163,3084820
38,532794,431546010
38,532893,21119490
38,538970,234637260
38,532503,3595800
38,540125,30680000
38,540205,68443140
38,543812,11927370
38,543923,20865870
38,539056,147123860
38,543995,12700220
38,544008,52304000
38,543952,85269220
38,543957,149258160
38,543989,53678100
38,543984,179929350
38,532163,71339330
38,543936,57332450
38,543990,40748190
38,544066,9038860
38,544054,14331900
38,543992,58058920
38,544022,49285750
38,500031,39232940
38,543212,39464040
38,544012,46241600
38,544058,28762800
38,544576,101815800
38,532641,706321280
38,532780,217590500
38,532944,55286920
38,544060,10000000
38,532699,9873000
38,500350,20724880
38,503169,8360000
38,533470,132037650
38,540497,18694160
38,526725,1816560
38,526885,35071260
38,542725,233333100
38,544408,80149920
38,544344,15417500
38,541967,74339520
38,534425,23635640
38,542337,36954120
38,523558,77925540
38,534369,17350060
38,532722,75608280
38,543214,6184100
38,523828,16251600
38,520059,24000000
38,500264,19484280
38,526596,6816000
38,544325,1124807040
38,526668,12381600
38,544253,19997790
38,532799,95207670
38,533217,18418000
38,509635,3249180
38,522195,4962720
38,532764,6691840
38,543918,75512940
38,533156,145969110
38,544111,68279680
38,509438,455000
38,544122,16099070
38,544095,45227160
38,544129,48950440
38,544192,219092000
38,532867,175026240
38,531357,77888930
38,544053,324871800
38,503031,99518400
38,544144,20647420
38,544136,15143100
38,544202,24564180
38,544174,34748160
38,540699,41345360
38,540293,73128600
38,542399,72268020
38,500575,225001800
38,542484,85523200
38,533267,21745880
38,538962,78896070
38,539436,183789240
38,532902,138495290
38,504000,42369750
38,543482,67691400
38,543725,25848680
38,526797,58703940
38,500193,204370600
38,542905,39313620
38,542726,30672930
38,532756,128983080
38,542830,304000000
38,532732,16022500
38,532054,6026510
38,503101,28991030
38,540704,8681400
38,531543,140364280
38,541233,499114980
38,535755,561434600
38,500413,164633350
38,532548,62208440
38,543523,85566040
38,532798,647640000
38,532475,29581530
38,506235,66763320
38,517421,4112400
38,506194,10380000
38,514234,13566690
38,517334,4432712340
38,505790,40639040
38,532687,7602850
38,500033,4822210
38,523398,4622470
38,532832,542346870
38,500850,882527840
38,521016,79221600
38,532777,382568390
38,530007,123964700
38,532605,40203980
38,521070,1241310000
38,532705,67472740
38,520051,195895630
38,533155,389308550
38,535648,22111700
38,533162,442526250
38,508486,2326720
38,500182,128059520
38,514043,77960040
38,505714,63203360
38,509557,44669700
38,533150,126507360
38,532630,65213860
38,532868,643581120
38,533137,119306000
38,532839,1307290340
38,500840,193862840
38,505200,137157000
38,500086,450500000
38,532768,11844000
38,532889,109380480
38,500233,82821440
38,500165,202164500
38,521248,83790000
38,532924,23056800
38,500250,20729800
38,526947,36630000
38,532796,29989520
38,517206,2150040
38,500290,2035680
38,500520,895340880
38,533088,66674190
38,532313,100271210
38,532500,128905230
38,522249,17381200
38,532539,179000510
38,538836,5597640
38,539221,33038720
38,505726,10129750
38,517380,7868750
38,533273,116352640
38,523716,35183750
38,500877,323901510
38,500710,17305200
38,500008,122626750
38,502355,79259970
38,500039,44341470
38,500043,64264000
38,509480,279840720
38,500067,127481300
38,500020,92940750
38,500530,8553260
38,532929,185912720
38,500878,21034000
38,500820,450823060
38,532977,106209240
38,500280,15951230
38,532443,5804100
38,541403,15880480
38,526729,60222933
38,500168,5536080
38,532240,6560090
38,515043,22776500
38,533158,11811160
38,544403,549234900
38,539042,32499220
38,531978,2805250
38,532888,180849750
38,544397,191336500
38,505036,2983610
38,520119,3966000
38,508933,18756480
38,544405,302558860
38,543249,100332640
38,509874,20927750
38,515055,151148340
38,543248,512930880
38,532638,37439780
38,503811,14518400
38,532784,44911860
38,531548,18045720
38,520057,63782680
38,533274,167984700
38,530517,72192310
38,520008,66289650
38,532509,74072340
38,532689,70704000
38,532827,6246240
38,503100,185970200
38,513262,39295000
38,532733,98521250
38,500403,109266560
38,512179,48457860
38,505160,24691200
38,500570,2098988520
38,517385,15107620
38,517506,39715790
38,532515,21480840
38,532343,232792630
38,509243,3981640
38,532390,17556280
38,535602,20092800
38,500114,408381560
38,500251,330602910
38,507880,79549120
38,532156,60144480
38,502986,98355880
38,500414,47446500
38,532375,46019520
38,533023,45523200
38,514162,316520490
38,500238,76123200
38,538268,24100740
38,543514,60587100
38,543463,60743250
38,505537,912493050
38,532953,200929840
38,521064,1223029440
38,534976,44496480
38,544632,550493760
38,500101,149405550
38,534809,3687705000
38,531637,14116140
38,500304,83197900
38,524091,16212510
38,514167,15541680
38,532848,176728860
38,532529,34975750
38,532440,5131800
38,539876,637475850
38,541578,38196500
38,543333,42176640
38,543330,419199600
38,543384,1374423360
38,543401,24194160
38,543426,35431110
38,543325,127996510
38,543387,24957660
38,543358,43009080
38,543397,234609590
38,543419,100685860
38,543320,7237763250
38,543686,15902040
38,543626,134662150
38,530367,47492270
38,543669,31559250
38,543714,20732500
38,543280,240802250
38,543427,72033000
38,544600,329919040
38,543498,2520031560
38,544161,5707000
38,513349,61006760
38,544261,33419520
38,544243,40293180
38,544226,219261000
38,544320,17624120
38,544240,23760360
38,544314,17724840
38,544117,19776500
38,540673,39556160
38,544285,1407760140
38,544321,25689620
38,544307,2757204520
38,544256,23070360
38,544274,138131970
38,544225,2073090100
38,500493,267729840
38,522241,21244080
38,532748,100878830
38,505509,42657440
38,505533,67052480
38,540762,104518620
38,530079,9970790
38,540602,26991120
38,542857,57634690
38,541301,115217640
38,543532,13111420
38,533552,21471750
38,523025,23027180
38,500472,23235860
38,540425,11639520
38,532808,17540800
38,520073,6601280
38,532486,13331720
38,540902,21836400
38,517522,17262140
38,526227,150979720
38,543276,14385250
38,523385,5223050
38,532439,41040500
38,500314,57151680
38,538730,53747960
38,544512,24108000
38,544469,83083080
38,544599,7870600
38,512038,13783120
38,544612,88792880
38,544443,18435060
38,544515,339279820
38,544642,98990100
38,544457,98759180
38,544439,34996600
38,544446,28050360
38,544519,30660000
38,544587,5785760
38,544609,514744740
38,544420,31955520
38,544459,19184868
38,544534,9315180
38,544423,39123660
38,544479,19652400
38,544484,73070880
38,531147,4595360
38,539301,20181480
38,515030,119815690
38,543283,21497300
38,505010,4381900
38,540376,163041000
38,540073,119404890
38,533151,44561500
38,540153,35165750
38,540124,13737920
38,532661,8014730
38,532189,4288450
38,520066,43300000
38,540203,37127660
38,534597,345567500
38,526951,7796080
38,543689,14897190
38,532527,101377360
38,523127,15234000
38,532700,13824300
38,505744,13908000
38,526367,22514490
38,538979,125022520
38,517354,250902800
38,543258,21930960
38,500207,65278250
38,543278,382113800
38,543287,279719720
38,500296,10819500
38,532698,24174600
38,533581,159792080
38,532923,40783500
38,540048,9552820
38,541163,18057300
38,543300,447737760
38,530759,12356960
38,543260,14567080
39,543288,40431707
39,511034,16782896
39,524820,38216808
39,524667,37296846
39,539957,98804036
39,532514,1228395630
39,544801,229791138
39,500153,77061166
39,532155,4730704504
39,542066,482499953
39,500003,221742643
39,500547,3426009909
39,500870,833164393
39,500110,83621193
39,533278,4001421731
39,538567,27801291
39,500186,174049812
39,500104,1680303047
39,530965,6442964271
39,500109,307554554
39,500312,6843709540
39,533106,941968643
39,532522,1316136295
39,500325,3611883916
39,539336,689373414
39,526829,256534337
39,544029,58399951
39,544004,20895682
39,544407,252766309
39,530355,30762001
39,544379,24024927
39,530075,17894154
39,532029,676462907
40,544396,6672320
40,500173,34053500
40,532974,14692340
40,505725,64652080
40,511605,32883900
40,543766,18784500
40,530879,105585120
40,511413,8250500
40,530067,11163670
40,532180,363123080
40,511333,12003810
40,544020,185643720
40,544027,119783360
40,544044,44601850
40,543940,3367602420
40,544055,34098400
40,543988,83802800
40,543959,409373180
40,543942,1014328680
40,543652,72757800
40,543720,132861190
40,543596,117179740
40,526650,388900680
40,544262,12559750
40,543223,25211040
40,538446,34206410
40,539290,74474610
40,543663,191669400
40,500337,30849000
40,526506,39596020
40,536773,2628000
40,533676,46302480
40,532624,2461920
40,544429,207584500
40,544574,509384280
40,543232,240544480
40,543235,528959420
40,505526,44000000
40,540767,178720920
40,540719,451391400
40,540769,247200000
40,540749,59879490
40,540611,561417000
40,540755,315792000
40,540777,1078910000
40,540716,244480110
40,544120,36335200
40,544179,249614730
40,544026,786584680
40,541336,37153970
40,544118,61088500
40,511768,34444480
40,544088,67231800
40,542774,64095470
40,500439,766080
40,544176,152496400
40,542867,98887020
40,504973,99521810
40,542773,118345300
40,542772,251903520
40,543066,294997550
40,539437,6628402550
40,539404,69596730
40,539177,263260060
40,500271,262287400
40,542759,34939450
40,542904,1886106800
40,520056,5058000
40,544583,237500000
40,544580,49854250
40,544467,134000000
40,544606,218172440
40,544597,120139340
40,544533,29125080
40,532215,2860599240
40,533303,9793680
40,500034,2677161510
40,532978,560192500
40,500490,42291720
40,532525,1999804300
40,532134,1861690320
40,532149,1229220360
40,500092,24132900
40,511196,91876260
40,532483,3356140870
40,511243,434685240
40,532210,961007453
40,534804,27344590
40,500180,15241580640
40,500469,2464377000
40,511676,30695070
40,532285,156308320
40,532772,263972760
40,532174,7169482000
40,500116,537620100
40,500106,673578500
40,535789,799610640
40,532814,350210640
40,532388,1347961300
40,532187,654453240
40,523405,382586400
40,532642,3774000
40,532720,653286370
40,531213,490932300
40,532892,156483600
40,534091,254992000
40,533398,108396360
40,544658,49425900
40,535322,39413430
40,532955,1237615280
40,532461,3447882900
40,532366,46802600
40,532652,378182000
40,500247,7360384100
40,533519,851853000
40,500253,297034020
40,532209,440472800
40,532810,1452044880
40,532505,1128560310
40,532477,1908401500
40,540750,799816300
40,511218,1741094940
40,532218,2591416080
40,500112,4153778100
40,501301,131547780
40,539883,2546560
40,531179,7148840
40,532485,86569470
40,532900,527522760
40,505800,7567340
40,532922,643641760
40,533302,1091250
40,532468,7701840
40,532256,1540800
40,533344,224799050
40,539199,26270650
40,543374,72274000
40,543415,84681420
40,543335,380564680
40,543386,20804500
40,543263,67008000
40,543412,235361600
40,541988,39641500
40,541729,201379960
40,543526,505999840
40,541770,54469020
40,543712,14222040
40,532885,995654110
40,532915,233023000
40,531358,84655260
40,540691,812452650
40,511742,66734280
40,524000,352126800
40,541153,902148240
40,543396,422518800
40,543527,17390940
40,533306,2725500
40,511551,33292560
40,543390,374781330
40,544603,878303580
40,532636,250921100
40,543243,1141573000
40,543238,66831960
40,544252,1083203550
40,544316,42411600
40,539807,2092938000
40,544286,665084520
40,544260,82401720
40,544305,41726900
40,544142,167687640
40,540173,187596000
40,540065,605978100
40,500266,5371630
40,531595,384861600
40,501150,204468180
40,540530,500475000
40,540133,391616640
40,544530,18190250
40,540776,30942120
40,543259,92967620
40,532835,4632480
40,543257,1960275900
40,533295,425735100
40,540725,80965620
40,543279,63774000
40,532648,17573046400
41,542460,11818290
41,517041,7657320
41,517544,7665320
41,505242,3938780
41,522074,215498120
41,532684,35906560
41,540774,18740540
41,534600,184748540
41,524109,12590280
41,524019,2981220
41,500241,25410880
41,500243,2732340
41,505283,37675640
41,543270,21532000
41,539006,5997200
41,523539,74951280
41,532945,1290500910
41,538562,37252050
41,543237,76642200
41,513269,41255500
41,543240,11835000
41,505255,33268180
41,513375,114295800
41,504212,10408500
41,534076,59885290
41,540544,12289020
41,533262,20759400
41,544280,180214650
41,532395,17857140
41,544209,34442320
41,544184,24015690
41,544223,31356900
41,517271,113649950
41,544232,6876520
41,544167,17905280
41,544263,18025530
41,544238,144958080
41,517168,20223160
41,500404,64878840
41,544317,38934240
41,544322,10171400
41,544277,94924830
41,505890,5494500
41,542011,28638000
41,542652,52694950
41,542649,562955400
41,540047,60104650
41,544328,14415600
41,505358,15491250
41,544402,32860880
41,541956,329180600
41,500306,44297580
41,541556,134569120
41,522034,22247640
41,524051,15068160
41,500407,5710500
41,523301,3822000
41,533293,82854630
41,544569,2098928670
41,541195,48708400
41,539992,755316900
41,533272,136758400
41,504741,14224140
41,539309,965264190
41,513519,16191220
41,517500,60302720
41,534748,511360610
41,513097,37442600
41,500333,4496250
41,513228,85297200
41,544364,9600000
41,534309,1026000000
41,500235,15278550
41,544244,5247180
41,523736,8406000
41,540879,160781400
41,543896,33383000
41,532719,85667200
41,531112,44846880
41,539799,27434000
41,532726,28953720
41,513108,2916480
41,522285,436949100
41,530555,149552900
41,504132,3611160
41,539837,16991140
41,522281,24270740
41,540642,926413500
41,511076,54280800
41,513517,54648000
41,500365,298174950
41,522108,5569440
41,522275,122902560
41,509152,3146470
41,515147,21500800
41,544271,29773440
41,504036,18560880
41,532553,49829040
41,544466,29449500
41,544634,114013220
41,544527,9996610
41,544608,131545550
41,544540,24147600
41,544613,36828240
41,544525,42591570
41,544664,16261440
41,544470,16572920
41,544492,6907500
41,544526,19065750
41,544430,123761820
41,544572,23235860
41,544532,18201330
41,544633,57426840
41,544488,134062100
41,544496,113480840
41,505412,1240000
41,500252,6730290
41,500510,1169317800
41,500265,38857680
41,508814,14437500
41,522205,123154710
41,533080,21931140
41,500294,408100550
41,534139,57384960
41,509930,64783770
41,500550,89030250
41,505192,5644080
41,520111,25934040
41,531120,644892300
41,532144,131895500
41,532667,12069455200
41,533326,203432500
41,500411,38129920
41,532856,256690200
41,522113,36105120
41,532966,79457660
41,533655,117621150
41,500148,30328620
41,517146,182845200
41,531266,3807320
41,532757,7081900
41,523395,2816250
41,532683,38261200
41,533758,199913760
41,532762,40488220
41,532309,20840370
41,532259,16870560
41,523694,21256450
41,500103,1462466460
41,500477,2819450400
41,533271,129132580
41,532493,84501050
41,532830,120892500
41,523319,64981520
41,503960,7459980
41,500049,3581791710
41,522287,112710180
41,543528,10565160
41,532714,130438000
41,517569,61184640
41,532942,143429850
41,500210,7892000
41,532940,40102980
41,500219,521665300
41,532947,3864960000
41,533033,27206100
41,509496,54972160
41,509631,82980540
41,500185,2174158440
41,522064,3346200
41,509820,24167040
41,500480,135828000
41,500128,302910650
41,532178,275400580
41,500495,33563400
41,500135,137707500
41,500336,78348960
41,500144,74940110
41,500940,279214650
41,507747,3391200
41,509488,66427840
41,501455,100168930
41,506076,46502400
41,517174,2210500
41,541154,187257000
41,541019,18247880
41,532864,21750250
41,544042,41650920
41,543413,16528160
41,533553,114046440
41,542141,50009000
41,532804,5668250
41,534392,23204640
41,505872,27347880
41,543367,35458280
41,540136,17361000
41,543299,69783000
41,543428,28551840
41,543317,24190250
41,532406,162083710
41,500002,52977000
41,500068,348960
41,541143,91640750
41,500187,25231830
41,543187,12480160
41,523708,2941680
41,500133,4002180
41,544356,22881400
41,523850,6462000
41,507944,7904000
41,531761,20702560
41,544276,130426800
41,522163,84315360
41,544264,10853540
41,516064,5129920
41,542760,126107280
41,500136,34155100
41,505700,87516000
41,526608,8920100
41,542907,43118790
41,500378,230222880
41,500655,8595840
41,523367,48342020
41,540710,57530720
41,531795,10822890
41,500093,677222910
41,502219,47664260
41,532811,30144600
41,543411,113740480
41,539302,13278720
41,532734,241691400
41,530655,13960380
41,543517,13315810
41,533339,46047900
41,500227,10946500
41,512237,45631300
41,522215,22920150
41,539083,967813280
41,539150,112877160
41,520113,89302840
41,540678,84185920
41,504341,53566200
41,542669,58522360
41,544198,20778900
41,540795,15506880
41,544133,47287200
41,513250,1193660000
41,533193,33207000
41,500249,52211700
41,539400,1622400
41,544318,9351040
41,517467,77445000
41,532850,113275640
41,544390,89030250
41,523606,5724270
41,523838,25310400
41,544386,3142800
41,517166,18907970
41,500402,35951760
41,544158,6194880
41,544333,49873000
41,541929,4662900
41,522229,12240480
41,505196,21105600
41,530475,5404800
41,526582,17160660
41,532928,108059760
41,534618,26086500
41,507410,45454140
41,517498,295444100
41,522029,40398120
41,543416,4234720
41,532650,340078200
41,523391,5901120
41,544418,27354480
41,542684,13154900
41,544410,15896250
41,543969,9196250
41,544336,12000000
41,544367,20135440
41,543978,33935000
41,543590,302812500
41,517035,30237360
41,544294,9047040
41,533284,23798880
41,517059,10786630
41,544411,20369060
41,531431,60465020
41,532051,6518370
41,531201,4232800
41,531859,27494190
41,544081,84146510
41,522101,21185200
41,535136,6125810
41,531092,31780320
41,533761,39173150
41,532717,2655000
41,500147,1432020
41,500048,38312940
41,543650,53465280
41,500164,43784650
41,543600,22761000
41,532741,143760330
41,543664,31506450
41,543573,111841400
41,543972,38375990
41,544061,28416080
41,543933,38094720
41,544057,20757000
41,544046,22691000
41,543932,27711360
41,543981,32800740
41,543977,11565600
41,543974,68554200
41,532467,189833820
41,500460,36124000
41,500330,33287000
41,517015,6636560
43,532843,520921020
43,532754,3590051840
43,500271,262287400
43,543396,422518800
43,540611,561417000
43,532648,17573046400
43,500477,2819450400
43,512070,557151540
43,500493,267729840
43,500830,130553280
43,533758,199913760
43,539437,6628402550
43,540222,383298470
43,533398,108396360
43,543384,1374423360
43,522275,122902560
43,533150,126507360
43,500104,957520350
43,524804,278784960
43,532541,348813120
43,540699,41345360
43,500103,1462466460
43,543390,374781330
43,532667,12069455200
43,500575,225001800
43,526299,131692020
43,500469,2464377000
43,503100,185970200
43,540762,104518620
43,533179,108847500
44,532175,84458040
44,504973,99521810
44,500770,155401160
44,532504,36413060
44,500027,15898680
44,540065,605978100
44,500620,101406540
44,543235,528959420
44,543308,248086180
44,543232,240544480
44,532636,250921100
44,543498,2520031560
44,522113,36105120
44,500040,52497120
44,500008,122626750
44,532259,16870560
44,543064,160678140
44,543635,624746560
44,500877,323901510
44,534091,254992000
44,500184,232089320
44,543415,84681420
44,515030,119815690
44,539177,263260060
44,524558,8596100
44,543720,132861190
44,532714,130438000
44,539083,967813280
44,532210,961007453
44,539524,77113480
44,532497,77660840
44,539268,189381330
44,542752,63358200
44,540902,21836400
44,540975,264241710
44,532809,313645950
44,500163,40555320
44,532889,109380480
44,531213,490932300
44,539551,69482740
44,534309,1026000000
44,533581,159792080
44,540173,187596000
44,524000,352126800
44,532939,2895039700
44,532144,131895500
44,532300,82867860
44,505537,912493050
44,500233,82821440
44,513375,114295800
44,540750,799816300
44,532805,594148240
44,535789,799610640
44,522287,112710180
44,513599,328788160
44,543654,86032640
44,532929,185912720
44,522074,215498120
45,530135,66287782
45,544162,215601434
45,537259,16167693
45,543265,249100895
45,532371,1461148969
45,523411,3570360
45,532775,35722679556
45,532822,63996207699
45,544550,105485646
45,544395,771616259
45,500183,3123999864
45,523610,55244964
45,532454,1331317027
45,534816,3054294699
45,500108,796862899
45,500483,449113237
45,540595,235038104
45,543228,45278457
45,532374,841999318
46,541450,329435200
46,500084,623017900
46,533096,4049785950
46,533206,707363100
46,500400,1661576800
46,532779,191483520
46,533269,50471100
46,517300,55877760
46,533148,527187600
46,532627,4865955890
46,532898,4557295960
46,533098,3113960850
46,532555,4751366340
46,513023,138670490
46,513683,318926510
46,544290,52659000
46,544289,926896300
46,544283,204783790
46,544315,10141040
46,500214,83600190
46,543983,16659300
46,532524,236806400
46,544345,7476000
46,530643,5210190
46,543490,288976660
46,540311,9510480
46,542323,96697090
46,533122,2685053000
46,532939,2895039700
46,539254,324346410
46,539686,36501840
46,543254,15326280
46,533263,891504320
46,532884,60367560
47,532343,232792630
47,543220,739665440
47,500800,643215300
47,539448,224260480
47,511218,1741094940
47,500049,3581791710
47,500300,374288750
47,500440,1438225280
47,541154,187257000
47,543940,3367602420
47,543320,7237763250
47,540719,451391400
47,532977,106209240
47,500034,2677161510
47,500087,565448100
47,533278,2280209360
47,500124,609271140
47,505200,137157000
47,532281,1058329350
47,500180,15241580640
47,500696,892844580
47,532174,7169482000
47,500875,9647690360
47,508869,102087350
47,500520,895340880
47,532500,128905230
47,532555,4751366340
47,500790,713476180
47,500312,3899886490
47,532898,4557295960
47,500325,6766269500
47,500112,4153778100
47,524715,1079675100
47,532540,1013064640
47,500570,2098988520
47,500209,3487835780
47,500247,7360384100
47,500510,1169317800
47,500470,8239072380
47,532755,636970100
47,500114,408381560
47,532538,117871600
47,507685,2833472880
47,532454,3046637500
47,500251,330602910
47,532215,2860599240
47,500820,450823060
47,532921,737266880
47,532978,560192500
47,500228,929272520
48,500257,242324480
48,503806,145248250
48,544569,2098928670
48,500387,13349970
48,500400,1661576800
48,540376,163041000
48,531642,532304640
48,500331,305332500
48,532648,17573046400
48,533179,108847500
48,532810,1452044880
48,511243,434685240
48,532424,388833100
48,532134,1861690320
48,532483,3356140870
48,500480,135828000
48,532488,127425120
48,541729,201379960
48,532461,3447882900
48,532955,1237615280
48,500850,882527840
48,532432,290940400
48,540180,1352918400
48,533096,4049785950
48,500547,1952311050
48,540777,1078910000
48,540005,91912830
48,543390,374781330
48,517334,4432712340
48,532667,12069455200
48,500490,42291720
48,500469,2464377000
48,517354,250902800
48,500825,118025320
48,532541,348813120
48,540699,41345360
48,500182,128059520
48,534816,1292699870
48,532777,382568390
48,530965,3671521880
48,540716,244480110
48,540611,561417000
48,532868,643581120
48,532155,2695791000
48,539437,6628402550
48,532187,654453240
48,512599,335980500
48,500477,2819450400
48,500093,677222910
48,543396,422518800
49,500547,2830773242
49,500049,3068670074
49,532134,998905818
49,533278,3306212728
49,532215,1533691728
49,500875,13014430981
49,532814,187908506
49,530965,5323560451
49,532155,3908789549
49,532178,235947142
49,500510,1001762459
49,534309,879016914
49,532234,3371323063
49,500312,5654680037
49,532810,779107063
49,532898,6931262302
49,533206,1075839540
49,513683,485060289
49,533098,4736071486
49,532955,664053033
49,532555,7226426961
49,500112,2228745063
50,530965,3671521880
50,500440,1438225280
50,500696,892844580
50,500182,128059520
50,540777,1078910000
50,500469,2464377000
50,532215,2860599240
50,532454,3046637500
50,500547,1952311050
50,532978,560192500
50,500087,565448100
50,500825,118025320
50,532155,2695791000
50,532424,388833100
50,500300,374288750
50,517354,250902800
50,500180,15241580640
50,505200,137157000
50,500124,609271140
50,532868,643581120
50,500114,408381560
50,500470,8239072380
50,532755,636970100
50,532174,7169482000
50,532538,117871600
50,500570,2098988520
50,500325,6766269500
50,500820,450823060
50,508869,102087350
50,500480,135828000
50,500112,4153778100
50,524715,1079675100
50,500800,643215300
50,500228,929272520
50,500247,7360384100
50,531642,532304640
50,532500,128905230
50,539448,224260480
50,500257,242324480
50,500520,895340880
50,532187,654453240
50,500209,3487835780
50,532432,290940400
50,543320,7237763250
50,532648,17573046400
50,500850,882527840
50,532343,232792630
50,500251,330602910
50,500400,1661576800
50,511218,1741094940
50,532667,12069455200
50,532540,1013064640
50,507685,2833472880
50,512599,335980500
50,532921,737266880
50,540611,561417000
50,533096,4049785950
50,540376,163041000
50,532977,106209240
50,517334,4432712340
50,540719,451391400
50,532955,1237615280
50,500387,13349970
50,532461,3447882900
50,532810,1452044880
50,540180,1352918400
50,500049,3581791710
50,532483,3356140870
50,532134,1861690320
50,511243,434685240
50,540699,41345360
50,500490,42291720
50,500034,2677161510
50,539437,6628402550
50,532898,4557295960
50,503806,145248250
50,541729,201379960
50,540716,244480110
50,534816,1292699870
50,532777,382568390
50,500875,9647690360
50,543940,3367602420
50,500510,1169317800
50,540005,91912830
50,543220,739665440
50,500790,713476180
50,532555,4751366340
50,500312,3899886490
50,543390,374781330
50,533179,108847500
50,500331,305332500
50,532281,1058329350
50,532541,348813120
50,532488,127425120
55,500459,9413690
55,543066,294997550
55,533206,707363100
55,540762,104518620
55,532777,382568390
55,539523,58586850
55,533758,199913760
55,500488,5099760
55,500410,58213970
55,540691,812452650
55,523395,2816250
55,543994,535900460
55,532525,1999804300
55,502355,79259970
55,500493,267729840
55,532683,38261200
55,532331,42478240
55,500877,323901510
55,500477,2819450400
55,532830,120892500
55,543278,382113800
55,540611,561417000
55,524804,278784960
55,513683,318926510
55,532149,1229220360
55,531642,532304640
55,544026,786584680
55,540699,41345360
55,542216,76902060
55,500660,40657440
55,532754,3590051840
55,533150,126507360
55,540153,35165750
55,500495,33563400
55,500469,2464377000
55,532843,520921020
55,543384,1374423360
55,540755,315792000
55,500103,1462466460
55,532523,713199520
55,532885,995654110
55,500093,677222910
55,532541,348813120
55,500830,130553280
55,531344,342728100
55,506395,118006000
55,500092,24132900
55,542812,41743000
55,500104,957520350
55,539437,6628402550
55,532814,350210640
55,534816,1292699870
55,524494,139512450
55,532644,41715540
55,532508,313279600
55,533519,851853000
55,540115,27560520
55,533155,389308550
55,532889,109380480
55,500253,297034020
55,523457,21321000
55,512455,125387950
55,500257,242324480
55,532720,653286370
55,500271,262287400
55,540222,383298470
55,534091,254992000
55,544603,878303580
55,532648,17573046400
55,500164,43784650
55,532321,251558500
55,500575,225001800
55,532505,1128560310
55,532478,71389350
55,532539,179000510
55,512070,557151540
55,500113,1445532200
55,503100,185970200
55,500411,38129920
55,544252,1083203550
55,532779,191483520
55,543300,447737760
55,505790,40639040
55,542772,251903520
55,509930,64783770
55,532667,12069455200
55,542066,274952500
55,500483,116850000
55,500408,34263350
55,542649,562955400
55,533274,167984700
55,524000,352126800
55,526299,131692020
55,500290,2035680
55,533098,3113960850
55,540767,178720920
55,526371,3428809020
55,533273,116352640
55,533106,536780640
55,543396,422518800
55,532466,23506740
55,523642,80410540
55,532827,6246240
55,500368,348193280
55,543390,374781330
55,533179,108847500
55,532522,750000000
55,544429,207584500
55,513599,328788160
55,544597,120139340
55,532497,77660840
55,544576,101815800
55,543904,111463560
55,533148,527187600
55,544600,329919040
55,517354,250902800
55,544632,550493760
55,532955,1237615280
55,500163,40555320
55,540133,391616640
55,544362,146643840
55,532388,1347961300
55,544325,1124807040
55,500096,585317700
55,522275,122902560
55,539177,263260060
55,532822,27085758750
55,500182,128059520
55,532187,654453240
55,532234,899949680
55,544277,94924830
55,544238,144958080
55,544289,926896300
55,544307,2757204520
55,544285,1407760140
55,541729,201379960
55,543187,12480160
55,542830,304000000
55,517569,61184640
55,532892,156483600
55,503806,145248250
55,500067,127481300
55,544162,75000000
55,532296,149566530
55,540678,84185920
55,500086,450500000
55,543654,86032640
55,540530,500475000
55,509480,279840720
55,541143,91640750
56,540596,60958920
56,532927,40441930
56,522074,215498120
56,500840,193862840
56,532178,275400580
56,543524,50779500
56,532514,700001000
56,523367,48342020
56,500125,103166340
56,500645,65643760
56,506076,46502400
56,532805,594148240
56,540065,605978100
56,532527,101377360
56,524230,137922000
56,534076,59885290
56,535755,561434600
56,500027,15898680
56,543463,60743250
56,504973,99521810
56,543276,14385250
56,541770,54469020
56,543318,47824650
56,532210,961007453
56,543232,240544480
56,542399,72268020
56,500085,148241240
56,532443,5804100
56,500084,623017900
56,500040,52497120
56,500870,474778560
56,524742,19763120
56,531595,384861600
56,513375,114295800
56,519600,70769840
56,500878,21034000
56,543428,28551840
56,532175,84458040
56,543415,84681420
56,544801,130946433
56,532762,40488220
56,540173,187596000
56,543635,624746560
56,511196,91876260
56,532689,70704000
56,531768,37502830
56,500294,408100550
56,543768,1142936340
56,534309,1026000000
56,539551,69482740
56,524816,91346100
56,543427,72033000
56,538962,78896070
56,543334,100003680
56,506590,173123720
56,543330,419199600
56,542011,28638000
56,515055,151148340
56,524208,206678580
56,544176,152496400
56,544174,34748160
56,542141,50009000
56,500260,125234760
56,540900,64043100
56,539006,5997200
56,500106,673578500
56,543397,234609590
56,541556,134569120
56,543299,69783000
56,532221,193493250
56,532784,44911860
56,543720,132861190
56,500241,25410880
56,544515,339279820
56,532748,100878830
56,544028,174602360
56,544612,88792880
56,540769,247200000
56,544443,18435060
56,544609,514744740
56,544179,249614730
56,544606,218172440
56,542651,164486400
56,544467,134000000
56,541988,39641500
56,543374,72274000
56,500003,126360000
56,542752,63358200
56,521070,1241310000
56,543534,33177250
56,500710,17305200
56,526612,5932000
56,540073,119404890
56,532400,164908540
56,543653,65191360
56,501425,17443000
56,532929,185912720
56,543425,19166350
56,500048,38312940
56,544012,46241600
56,543960,33477120
56,539876,637475850
56,539524,77113480
56,532181,82680000
56,517271,113649950
56,500184,232089320
56,544014,136655400
56,539083,967813280
56,532504,36413060
56,500043,64264000
56,532209,440472800
56,500233,82821440
56,500265,38857680
56,543988,83802800
56,532439,41040500
56,543981,32800740
56,534139,57384960
56,543990,40748190
56,542920,124786500
56,532966,79457660
56,520056,5058000
56,500238,76123200
56,505537,912493050
56,500109,175259900
56,543498,2520031560
56,532756,128983080
56,544608,131545550
56,544311,99396800
56,544309,48040440
56,543349,51578730
56,544405,302558860
56,544283,204783790
56,544403,549234900
56,544466,29449500
56,543458,558861970
56,544449,140428500
56,532144,131895500
56,514162,316520490
56,504067,113747000
56,531335,95448300
56,502986,98355880
56,517146,182845200
56,543238,66831960
56,500110,47651520
56,540595,81761320
56,521064,1223029440
56,533655,117621150
56,532714,130438000
56,500378,230222880
56,500380,67037760
56,543064,160678140
56,501301,131547780
56,503310,137921080
56,541956,329180600
56,532605,40203980
56,538835,89532800
56,523405,382586400
56,543271,82826120
56,530019,79640500
56,533272,136758400
56,532926,135869550
56,522287,112710180
56,543259,92967620
56,509631,82980540
56,500183,1086727420
56,532636,250921100
56,530005,68177340
56,535789,799610640
56,542726,30672930
56,540750,799816300
56,509488,66427840
56,500620,101406540
56,500670,83756370
56,500690,223147680
56,532482,143722260
56,540743,44242800
56,507815,8146250
56,500144,74940110
56,500940,279214650
56,532809,313645950
56,543663,191669400
56,531213,490932300
56,543308,248086180
56,543398,72423750
56,539957,56303460
56,541233,499114980
56,506401,68196500
56,531358,84655260
56,544045,18206400
56,544210,34126200
56,509496,54972160
56,544397,191336500
56,541153,902148240
56,544407,144038830
56,544280,180214650
56,506285,12583760
56,544226,219261000
56,544203,53144900
56,543529,554050580
56,543530,425650110
56,543265,86653260
56,532939,2895039700
56,532733,98521250
56,539268,189381330
56,543573,111841400
56,532928,108059760
56,513023,138670490
56,543945,18221120
56,544292,77957240
56,533339,46047900
56,533293,82854630
56,532300,82867860
56,544225,2073090100
56,533581,159792080
56,544282,2293850720
56,544306,135694720
56,504614,91619060
56,543412,235361600
56,500770,155401160
56,522113,36105120
56,540902,21836400
56,500008,122626750
56,531162,197586000
56,505700,87516000
56,544081,84146510
56,517174,2210500
56,539336,392839300
56,543245,79082880
56,532642,3774000
56,500165,202164500
56,544480,313573950
56,524558,8596100
56,532947,3864960000
56,543664,31506450
56,533023,45523200
56,540975,264241710
56,532259,16870560
56,543335,380564680
56,515030,119815690
56,500038,115111500
56,532734,241691400
56,532726,28953720
56,505714,63203360
56,543235,528959420
56,500033,4822210
56,532832,542346870
56,532627,4865955890
56,544408,80149920
56,532783,135428670
56,533282,31737440
56,544172,103587430
57,544026,786584680
57,500477,2819450400
57,500820,450823060
57,532830,120892500
57,540611,561417000
57,524804,278784960
57,540376,163041000
57,532215,2860599240
57,532977,106209240
57,500034,2677161510
57,532978,560192500
57,500490,42291720
57,502355,79259970
57,532134,1861690320
57,532149,1229220360
57,532525,1999804300
57,517354,250902800
57,532281,1058329350
57,541729,201379960
57,500180,15241580640
57,540777,1078910000
57,500182,128059520
57,500440,1438225280
57,541154,187257000
57,500104,957520350
57,500696,892844580
57,500188,464785090
57,532174,7169482000
57,540716,244480110
57,540133,391616640
57,500480,135828000
57,500096,585317700
57,542216,76902060
57,509480,279840720
57,500049,3581791710
57,500493,267729840
57,500103,1462466460
57,500547,1952311050
57,532454,3046637500
57,532523,713199520
57,500530,8553260
57,500825,118025320
57,532483,3356140870
57,532885,995654110
57,500093,677222910
57,511243,434685240
57,500087,565448100
57,533278,2280209360
57,532541,348813120
57,500830,130553280
57,531344,342728100
57,506395,118006000
57,500092,24132900
57,540153,35165750
57,500495,33563400
57,500469,2464377000
57,532843,520921020
57,543384,1374423360
57,532155,2695791000
57,540755,315792000
57,500660,40657440
57,532754,3590051840
57,532424,388833100
57,533150,126507360
57,500300,374288750
57,532488,127425120
57,540699,41345360
57,532868,643581120
57,500124,609271140
57,505200,137157000
57,542812,41743000
57,532898,4557295960
57,544277,94924830
57,524000,352126800
57,533274,167984700
57,500459,9413690
57,532461,3447882900
57,532955,1237615280
57,542649,562955400
57,542652,52694950
57,532522,750000000
57,500331,305332500
57,500164,43784650
57,542772,251903520
57,544252,1083203550
57,532234,899949680
57,544274,138131970
57,544307,2757204520
57,544285,1407760140
57,544238,144958080
57,544289,926896300
57,532810,1452044880
57,540222,383298470
57,532343,232792630
57,532505,1128560310
57,532538,117871600
57,532477,1908401500
57,532478,71389350
57,500251,330602910
57,544325,1124807040
57,534091,254992000
57,532822,27085758750
57,540762,104518620
57,532432,290940400
57,532539,179000510
57,512070,557151540
57,540180,1352918400
57,500411,38129920
57,500114,408381560
57,500420,142907780
57,532779,191483520
57,500483,116850000
57,532540,1013064640
57,500800,643215300
57,500408,34263350
57,544362,146643840
57,500570,2098988520
57,500400,1661576800
57,500470,8239072380
57,532755,636970100
57,544574,509384280
57,503100,185970200
57,509930,64783770
57,532667,12069455200
57,500163,40555320
57,500112,4153778100
57,500113,1445532200
57,539177,263260060
57,524715,1079675100
57,522275,122902560
57,532725,24432300
57,543300,447737760
57,503806,145248250
57,500325,6766269500
57,517334,4432712340
57,543066,294997550
57,540719,451391400
57,505790,40639040
57,500387,13349970
57,511218,1741094940
57,500550,89030250
57,532683,38261200
57,532331,42478240
57,539523,58586850
57,500425,625705500
57,533758,199913760
57,508869,102087350
57,500877,323901510
57,543940,3367602420
57,523395,2816250
57,540691,812452650
57,500002,52977000
57,500488,5099760
57,500410,58213970
57,539254,324346410
57,512599,335980500
57,541450,329435200
57,532921,737266880
57,533096,4049785950
57,542066,274952500
57,513599,328788160
57,544658,49425900
57,544600,329919040
57,544576,101815800
57,544632,550493760
57,544597,120139340
57,544603,878303580
57,544429,207584500
57,532497,77660840
57,532321,251558500
57,500575,225001800
57,507685,2833472880
57,532648,17573046400
57,543320,7237763250
57,500790,713476180
57,533098,3113960850
57,540767,178720920
57,526371,3428809020
57,532555,4751366340
57,533273,116352640
57,532466,23506740
57,523642,80410540
57,500312,3899886490
57,533106,536780640
57,543396,422518800
57,532827,6246240
57,526299,131692020
57,533398,108396360
57,500290,2035680
57,532500,128905230
57,543904,111463560
57,531642,532304640
57,500520,895340880
57,543237,76642200
57,500271,262287400
57,543220,739665440
57,533179,108847500
57,500368,348193280
57,543390,374781330
57,500253,297034020
57,500510,1169317800
57,523457,21321000
57,512455,125387950
57,543287,279719720
57,532720,653286370
57,540005,91912830
57,543526,505999840
57,500257,242324480
57,532892,156483600
57,543187,12480160
57,517569,61184640
57,544162,75000000
57,500067,127481300
57,540678,84185920
57,500086,450500000
57,532296,149566530
57,532286,367231680
57,500228,929272520
57,533155,389308550
57,533148,527187600
57,500247,7360384100
57,532889,109380480
57,533519,851853000
57,540115,27560520
57,533206,707363100
57,513683,318926510
57,543994,535900460
57,543278,382113800
57,544569,2098928670
57,544390,89030250
57,500850,882527840
57,530965,3671521880
57,500116,537620100
57,532814,350210640
57,542830,304000000
57,543257,1960275900
57,532388,1347961300
57,539437,6628402550
57,500875,9647690360
57,532644,41715540
57,532508,313279600
57,524494,139512450
57,539448,224260480
57,500209,3487835780
57,532777,382568390
57,534816,1292699870
57,532187,654453240
57,540530,500475000
57,541143,91640750
57,543654,86032640
58,533581,159792080
58,532805,594148240
58,524558,8596100
58,544225,2073090100
58,540065,605978100
58,544289,926896300
58,544238,144958080
58,534076,59885290
58,532689,70704000
58,542649,562955400
58,532497,77660840
58,543524,50779500
58,524230,137922000
58,532527,101377360
58,544252,1083203550
58,500380,67037760
58,523405,382586400
58,533155,389308550
58,543271,82826120
58,530019,79640500
58,500233,82821440
58,532926,135869550
58,533272,136758400
58,522287,112710180
58,543278,382113800
58,543664,31506450
58,532889,109380480
58,532644,41715540
58,532508,313279600
58,532605,40203980
58,500378,230222880
58,538835,89532800
58,524494,139512450
58,532947,3864960000
58,541956,329180600
58,500092,24132900
58,539876,637475850
58,531344,342728100
58,532175,84458040
58,542216,76902060
58,500645,65643760
58,543428,28551840
58,543529,554050580
58,506401,68196500
58,523367,48342020
58,534816,1292699870
58,540699,41345360
58,543330,419199600
58,506076,46502400
58,501425,17443000
58,500067,127481300
58,532929,185912720
58,500870,474778560
58,511196,91876260
58,524742,19763120
58,531595,384861600
58,513375,114295800
58,543425,19166350
58,526612,5932000
58,540073,119404890
58,532400,164908540
58,506395,118006000
58,543276,14385250
58,541770,54469020
58,532541,348813120
58,500830,130553280
58,543232,240544480
58,540678,84185920
58,500093,677222910
58,500084,623017900
58,500085,148241240
58,542399,72268020
58,532443,5804100
58,543318,47824650
58,532210,961007453
58,504973,99521810
58,500040,52497120
58,519600,70769840
58,532885,995654110
58,500878,21034000
58,544801,130946433
58,533274,167984700
58,532822,27085758750
58,543334,100003680
58,533273,116352640
58,533106,536780640
58,532827,6246240
58,500368,348193280
58,544162,75000000
58,543390,374781330
58,506590,173123720
58,533179,108847500
58,531768,37502830
58,524000,352126800
58,540173,187596000
58,543635,624746560
58,532522,750000000
58,523642,80410540
58,543396,422518800
58,532466,23506740
58,544026,786584680
58,515055,151148340
58,542011,28638000
58,541729,201379960
58,500106,673578500
58,542830,304000000
58,543720,132861190
58,500241,25410880
58,540900,64043100
58,539006,5997200
58,544176,152496400
58,503806,145248250
58,544174,34748160
58,542141,50009000
58,544480,313573950
58,544429,207584500
58,544179,249614730
58,532756,128983080
58,544608,131545550
58,517354,250902800
58,543349,51578730
58,544466,29449500
58,544449,140428500
58,544405,302558860
58,544603,878303580
58,532762,40488220
58,543458,558861970
58,543415,84681420
58,539177,263260060
58,500048,38312940
58,509480,279840720
58,544012,46241600
58,543960,33477120
58,532181,82680000
58,517271,113649950
58,500184,232089320
58,544014,136655400
58,532777,382568390
58,539083,967813280
58,532209,440472800
58,543994,535900460
58,500265,38857680
58,531642,532304640
58,543988,83802800
58,532439,41040500
58,500459,9413690
58,543981,32800740
58,543066,294997550
58,534139,57384960
58,543990,40748190
58,544028,174602360
58,532966,79457660
58,540762,104518620
58,520056,5058000
58,543768,1142936340
58,533098,3113960850
58,540767,178720920
58,513683,318926510
58,526371,3428809020
58,500290,2035680
58,534091,254992000
58,539551,69482740
58,524816,91346100
58,543498,2520031560
58,532892,156483600
58,526299,131692020
58,532234,899949680
58,532504,36413060
58,534309,1026000000
58,500294,408100550
58,515030,119815690
58,500477,2819450400
58,540975,264241710
58,532830,120892500
58,502355,79259970
58,500038,115111500
58,540611,561417000
58,524804,278784960
58,500710,17305200
58,524208,206678580
58,541988,39641500
58,500488,5099760
58,539523,58586850
58,521070,1241310000
58,500008,122626750
58,540902,21836400
58,543235,528959420
58,532259,16870560
58,533758,199913760
58,500877,323901510
58,543335,380564680
58,539524,77113480
58,500125,103166340
58,532927,40441930
58,500840,193862840
58,522074,215498120
58,531162,197586000
58,540153,35165750
58,532178,275400580
58,540596,60958920
58,500495,33563400
58,500086,450500000
58,500469,2464377000
58,532809,313645950
58,543663,191669400
58,532843,520921020
58,543384,1374423360
58,540755,315792000
58,507815,8146250
58,543245,79082880
58,500660,40657440
58,532296,149566530
58,543654,86032640
58,500163,40555320
58,540743,44242800
58,500164,43784650
58,500940,279214650
58,500144,74940110
58,533519,851853000
58,540115,27560520
58,500670,83756370
58,543398,72423750
58,540222,383298470
58,541233,499114980
58,500253,297034020
58,523457,21321000
58,512455,125387950
58,500257,242324480
58,539957,56303460
58,500271,262287400
58,543427,72033000
58,538962,78896070
58,532720,653286370
58,531213,490932300
58,500109,175259900
58,533150,126507360
58,532482,143722260
58,509488,66427840
58,500027,15898680
58,532754,3590051840
58,500620,101406540
58,500690,223147680
58,542812,41743000
58,539336,392839300
58,500183,1086727420
58,513599,328788160
58,500104,957520350
58,543187,12480160
58,509631,82980540
58,543259,92967620
58,517174,2210500
58,540530,500475000
58,539437,6628402550
58,532714,130438000
58,517569,61184640
58,542651,164486400
58,543308,248086180
58,532636,250921100
58,530005,68177340
58,535789,799610640
58,542726,30672930
58,500110,47651520
58,542772,251903520
58,523395,2816250
58,500410,58213970
58,540691,812452650
58,535755,561434600
58,543374,72274000
58,500003,126360000
58,543534,33177250
58,542752,63358200
58,532683,38261200
58,532331,42478240
58,532149,1229220360
58,541153,902148240
58,500043,64264000
58,532525,1999804300
58,506285,12583760
58,500493,267729840
58,500103,1462466460
58,543653,65191360
58,541143,91640750
58,532523,713199520
58,532814,350210640
58,540750,799816300
58,532514,700001000
58,544283,204783790
58,544403,549234900
58,544407,144038830
58,544203,53144900
58,544397,191336500
58,509496,54972160
58,531358,84655260
58,500096,585317700
58,505700,87516000
58,532832,542346870
58,500033,4822210
58,505714,63203360
58,532726,28953720
58,522275,122902560
58,532734,241691400
58,533282,31737440
58,544362,146643840
58,540133,391616640
58,544172,103587430
58,532388,1347961300
58,544325,1124807040
58,532627,4865955890
58,544408,80149920
58,532783,135428670
58,513023,138670490
58,543945,18221120
58,544292,77957240
58,543530,425650110
58,543265,86653260
58,532939,2895039700
58,543573,111841400
58,532928,108059760
58,533148,527187600
58,539268,189381330
58,544081,84146510
58,533293,82854630
58,500770,155401160
58,500483,116850000
58,500408,34263350
58,501301,131547780
58,532733,98521250
58,509930,64783770
58,543064,160678140
58,532667,12069455200
58,503310,137921080
58,542920,124786500
58,541556,134569120
58,543299,69783000
58,533206,707363100
58,532784,44911860
58,543300,447737760
58,532221,193493250
58,543412,235361600
58,500113,1445532200
58,543397,234609590
58,505790,40639040
58,500165,202164500
58,544576,101815800
58,544600,329919040
58,532642,3774000
58,543904,111463560
58,544632,550493760
58,540595,81761320
58,540769,247200000
58,503100,185970200
58,500260,125234760
58,500411,38129920
58,522113,36105120
58,532779,191483520
58,542066,274952500
58,521064,1223029440
58,533655,117621150
58,544280,180214650
58,532505,1128560310
58,544226,219261000
58,544045,18206400
58,532478,71389350
58,532539,179000510
58,512070,557151540
58,517146,182845200
58,543238,66831960
58,544210,34126200
58,500182,128059520
58,532187,654453240
58,502986,98355880
58,543463,60743250
58,544311,99396800
58,500575,225001800
58,544309,48040440
58,532144,131895500
58,514162,316520490
58,500238,76123200
58,532648,17573046400
58,505537,912493050
58,504067,113747000
58,533023,45523200
58,532321,251558500
58,531335,95448300
58,544282,2293850720
58,544306,135694720
58,504614,91619060
58,544285,1407760140
58,544307,2757204520
58,544277,94924830
58,532300,82867860
58,533339,46047900
58,544467,134000000
58,544609,514744740
58,544606,218172440
58,544597,120139340
58,532748,100878830
58,532955,1237615280
58,544612,88792880
58,544443,18435060
58,544515,339279820
59,533148,750746570
59,532810,8384110505
59,532955,12003595651
59,517334,5863728732
59,511218,2478967127
59,500251,17701140
59,532343,77955518
59,540180,430105911
59,533278,17430983970
59,517354,397413444
59,500480,257348016
59,541729,452269588
59,540777,335642243
59,541154,146280423
59,540716,321352503
59,500850,299843806
59,500257,212411366
59,540719,82370563
59,532725,4124711
59,532755,1815104788
59,500420,221387022
59,500820,532959551
59,532977,108498391
59,500034,444076984
59,500530,24379201
59,532321,300392474
59,500087,547120042
59,500096,2062642085
59,500124,501314784
59,505200,133282093
59,532155,18732617650
59,500300,133567130
59,532281,2548235603
59,500182,572377740
59,500440,697372418
59,500209,2133886434
59,500228,652618219
59,500510,220530743
59,531642,1871034728
59,532500,65832897
59,532555,7219273206
59,500790,1251755711
59,500312,18279888908
59,500331,347743059
59,532898,14177773831
59,500325,244846546
59,500387,11889103
59,500550,103290821
59,524715,530724374
59,532540,810271058
59,500114,89642656
59,532538,46927112
59,507685,815534139
59,532921,341832420
59,532488,83516293
59,500490,72996427
59,500049,1516210484
59,540005,246852711
59,500002,116118792
59,508869,26558849
59,509480,1261826579
59,500547,21377733906
59,532868,907671605
59,530965,62426256483
59,500520,184443534
59,500180,521562717
59,532174,513745251
59,500425,627920609
59,500825,230049241
59,500875,8329155521
59,500800,681836248
59,500400,1382465960
59,503806,87547923
60,540769,293360591
60,532522,883121703
60,500253,388363467
60,540755,361573703
60,532149,1555819191
60,543526,690333962
60,500410,86325132
60,543458,815175495
60,533278,2501668126
60,500570,3691882168
60,532461,4185025353
60,532134,2266639495
60,500547,3754093003
60,500440,1349944379
60,500104,1867564094
60,530965,7765327355
60,500312,4781520441
60,532810,1795375421
60,532955,1423603482
60,500113,2807640703
60,500112,1187049935
60,532505,1064275903
60,532814,278553624
60,541153,764581544
60,532483,4265820948
60,532155,4187152965
60,532477,2172128276
60,532525,1811355869
60,532885,1366180987
60,532187,417679659
61,500410,1633496369
61,533278,4685248721
61,532454,1237533485
61,508869,289395787
61,500096,4619123659
61,500325,1581131861
61,500696,1104373883
61,500790,1845537389
61,500331,1948418567
61,532540,845123043
61,500124,1584894177
61,500875,7563651210
61,500180,3507357655
61,500114,521794799
61,500820,932658567
61,500300,784635352
61,532500,160525005
61,500087,1633269959
61,532478,1321540726
61,500510,572566824
61,532555,5879400804
61,500112,2040584703
61,532538,209286791
61,524715,1214940181
61,532174,2018322916
61,531642,3072061148
61,540719,1216167001
61,540777,3541811511
61,500387,100401353
61,500825,373185250
62,540691,2763868287
62,540611,1512623900
62,532215,1670528801
62,500477,9358789243
62,532343,584236132
62,532134,4086747174
62,532149,2604278836
62,500547,4228299736
62,532483,9006568337
62,532286,781880293
62,505200,290037479
62,500469,6956443700
62,543384,2870085148
62,500440,2193200508
62,532814,990019194
62,511218,2038950402
62,500112,1928552436
62,500470,10802667113
62,532477,4367709021
62,540719,1085955848
62,533519,3004730656
62,532234,2552473547
62,500049,4632263598
62,532296,281013457
62,533398,296213260
62,540222,1046369358
62,522275,301033609
62,500271,670046294
62,543396,787296896
63,500480,247552647
63,522275,293409775
63,500182,220908584
63,500875,3985185142
63,532234,1718195778
63,507815,14018706
63,542830,563995637
63,500188,934532397
63,541729,415420422
63,541154,307394597
63,500092,43240537
63,540767,359162233
63,531642,938929573
63,543237,146379324
63,532827,15198151
63,532466,42575860
63,500825,198164563
63,500660,98926379
63,531162,285005241
63,544238,236826295
63,532667,23172442587
63,540699,78150419
63,500696,569549185
63,544658,84183060
63,500488,11612106
63,500830,230232824
63,500790,890083937
63,532540,499451534
63,500209,964643671
63,500870,1179282960
64,543415,201146976
64,532215,1682691598
64,500469,5853727797
64,531358,201084838
64,532720,1551775797
64,520056,12014459
64,539437,15744695011
64,500271,623021171
64,540065,1439402676
64,511218,2465384647
64,533398,257477969
64,524000,836420092
64,544176,362230461
64,539177,625331567
64,543720,315590204
64,543988,199059957
64,543940,7999193263
64,544603,2086267678
64,544429,493083306
64,544658,117403208
64,532642,8964525
64,544606,518233240
64,544574,1209959726
64,544252,2572974318
64,542772,598355948
64,541988,94161953
64,540691,1929849476
64,543235,1256457295
64,543335,903969663
64,540611,1333555012
64,500034,2502196000
64,532978,1329326868
64,500490,100457120
64,511196,218237152
64,531595,914176299
64,504973,236397915
64,511243,1032524274
64,543232,571374392
64,541770,129382321
64,543663,455279567
64,541729,478345428
64,500180,2961266900
64,540777,2562775686
64,543259,220829500
64,532174,1710470809
64,532187,1554547507
64,500247,5701201995
64,531213,1166130041
64,532892,371701407
64,534091,605692132
64,540767,424522554
64,543396,1003624869
64,543390,890232253
64,543066,700718826
64,543412,559063301
65,500800,643215300
65,500420,142907780
65,500400,1661576800
65,500470,8239072380
65,532755,636970100
65,500114,408381560
65,544574,509384280
65,500480,135828000
65,532540,1013064640
65,544658,49425900
65,533398,108396360
65,524715,1079675100
65,500112,4153778100
65,500550,89030250
65,500387,13349970
65,540719,451391400
65,507685,2833472880
65,543320,7237763250
65,500570,2098988520
65,532343,232792630
65,532538,117871600
65,532432,290940400
65,540180,1352918400
65,532898,4557295960
65,500325,6766269500
65,532461,3447882900
65,543237,76642200
65,532725,24432300
65,544390,89030250
65,543220,739665440
65,544274,138131970
65,500850,882527840
65,500002,52977000
65,539254,324346410
65,512599,335980500
65,532921,737266880
65,533096,4049785950
65,541450,329435200
65,500425,625705500
65,500820,450823060
65,508869,102087350
65,500209,3487835780
65,539448,224260480
65,532286,367231680
65,500247,7360384100
65,500875,9647690360
65,500228,929272520
65,500510,1169317800
65,543526,505999840
65,540005,91912830
65,543287,279719720
65,500520,895340880
65,532500,128905230
65,500331,305332500
65,532555,4751366340
65,500312,3899886490
65,500790,713476180
65,542652,52694950
65,532810,1452044880
65,500251,330602910
65,541154,187257000
65,500696,892844580
65,500440,1438225280
65,500116,537620100
65,530965,3671521880
65,540716,244480110
65,500188,464785090
65,532174,7169482000
65,543257,1960275900
65,543940,3367602420
65,540376,163041000
65,532215,2860599240
65,532977,106209240
65,500034,2677161510
65,532978,560192500
65,500490,42291720
65,532134,1861690320
65,500300,374288750
65,532281,1058329350
65,540777,1078910000
65,500180,15241580640
65,532424,388833100
65,500087,565448100
65,500049,3581791710
65,500547,1952311050
65,500825,118025320
65,532483,3356140870
65,532454,3046637500
65,500530,8553260
65,511243,434685240
65,533278,2280209360
65,532488,127425120
65,532868,643581120
65,500124,609271140
65,505200,137157000
65,532155,2695791000
65,544569,2098928670
65,532477,1908401500
65,511218,1741094940
65,517334,4432712340
66,540611,1457831397
66,532215,2016010258
66,541153,2342608130
66,532210,2495447836
66,500469,6399247197
66,500180,13524921330
66,532174,5052699816
66,539437,17211971399
66,532187,1699418580
66,500247,6830533723
66,540065,1573543195
66,532648,45631925602
67,544414,62753040
67,523618,7280000
67,512008,54740020
67,532686,11089320
67,543273,7577640
67,539841,97653660
67,500317,64432800
67,539978,64212330
67,543732,45884440
67,542383,10590510
67,500285,1037747320
67,512531,6000000
67,539956,1464520
67,543638,68343040
67,520151,6148240
67,542655,1597595340
67,544258,27527850
67,543667,160596800
67,539118,69974800
67,532927,40441930
67,523598,167687640
67,532749,883689020
67,543954,78138600
67,532921,737266880
67,544836,19592810
67,532633,4114260
67,526612,5932000
67,532754,3590051840
67,543441,153113340
67,531344,342728100
67,543529,554050580
67,543489,329765040
67,500620,101406540
67,533248,270726400
67,532859,14886400
67,539448,224260480
67,543591,18111800
67,532809,313645950
67,532349,23023200
67,540212,11141510
67,539658,11570610
67,532805,594148240
67,523445,8003000
67,526807,6610500
67,544454,84799200
67,544490,16291800
67,544447,47990040
67,544570,48017900
67,538635,83544000
67,540768,39688800
67,542333,11910960
67,539332,45155700
67,505355,20433400
67,542597,24640000
67,513377,150000000
67,544288,103680720
67,544239,19200000
67,544311,99396800
67,530073,45885280
67,544149,4191600
67,500307,27936580
67,544181,49362600
67,543994,535900460
67,543965,127942200
67,543955,71251840
67,543996,27450730
67,543242,88350000
67,505400,42050910
68,500825,118025320
68,512599,335980500
68,508869,102087350
68,532977,106209240
68,500087,565448100
68,533278,2280209360
68,500124,609271140
68,505200,137157000
68,500440,1438225280
68,541154,187257000
68,500300,374288750
68,540777,1078910000
68,500312,3899886490
68,540719,451391400
68,511218,1741094940
68,500800,643215300
68,500400,1661576800
68,507685,2833472880
68,543940,3367602420
68,500228,929272520
68,540180,1352918400
68,500182,128059520
68,532667,12069455200
68,500570,2098988520
68,532343,232792630
68,511243,434685240
68,543220,739665440
68,500790,713476180
68,532488,127425120
68,500850,882527840
69,532488,127425120
69,500850,882527840
69,543220,739665440
69,532454,3046637500
69,500825,118025320
69,500087,565448100
69,533278,2280209360
69,500124,609271140
69,505200,137157000
69,512599,335980500
69,532921,737266880
69,508869,102087350
69,500820,450823060
69,532215,2860599240
69,532977,106209240
69,500034,2677161510
69,532978,560192500
69,500520,895340880
69,532500,128905230
69,500790,713476180
69,532555,4751366340
69,500312,3899886490
69,532898,4557295960
69,500325,6766269500
69,540719,451391400
69,511218,1741094940
69,500112,4153778100
69,524715,1079675100
69,532540,1013064640
69,500800,643215300
69,500570,2098988520
69,500400,1661576800
69,500470,8239072380
69,532755,636970100
69,500114,408381560
69,500251,330602910
69,532538,117871600
69,507685,2833472880
69,500049,3581791710
69,500209,3487835780
69,500875,9647690360
69,500228,929272520
69,500247,7360384100
69,500510,1169317800
69,500440,1438225280
69,541154,187257000
69,500696,892844580
69,532174,7169482000
69,500300,374288750
69,532281,1058329350
69,500180,15241580640
69,540777,1078910000
69,532667,12069455200
69,532343,232792630
69,511243,434685240
69,500182,128059520
69,539448,224260480
69,543940,3367602420
69,540180,1352918400
69,543320,7237763250
70,539448,188210604
70,543940,5226901871
70,540180,2099883191
70,543320,6074292694
70,500182,198762936
70,511243,674680919
70,532667,18733166836
70,532343,361320632
70,512599,521479939
70,532921,618751218
70,508869,158451175
70,500820,378353246
70,532215,2400757867
70,532977,164848817
70,500034,2246807755
70,532978,470141547
70,500049,3006018637
70,532454,2556890474
70,500825,183188717
70,500087,877639746
70,533278,3539144199
70,500124,945658087
70,505200,212883260
70,500300,580938699
70,532281,888202890
70,500180,12791496314
70,540777,1674590998
70,500440,2232289169
70,541154,290644156
70,500696,749319800
70,532174,6016987656
70,500209,2927166124
70,500875,8096823984
70,500228,1442336615
70,500247,6177202241
70,500510,981349945
70,500520,751414820
70,532500,108183712
70,500790,1107396158
70,532555,3987584127
70,500312,6053067272
70,532898,3824710563
70,500325,5678591572
70,540719,700610779
70,511218,2702377319
70,500112,3486058205
70,524715,906117311
70,532540,850214483
70,500800,998343283
70,500570,3257868850
70,500400,2578956124
70,500470,6914641366
70,532755,534577146
70,500114,342734218
70,500251,277458487
70,532538,98923738
70,507685,4397872092
70,532488,197778275
70,500850,1369783556
70,543220,1148044867
71,532939,4197832338
71,513023,201073397
71,532627,7055677679
71,544283,296938248
71,544407,208857536
71,544289,1344007567
71,533206,1025682548
71,500400,2409300578
71,532779,277652743
71,544801,189873449
71,500870,688432975
71,500084,903381286
71,539336,569620347
71,532155,3908920018
71,542066,398683478
71,500003,183223081
71,500547,2830867729
71,500110,69095112
71,533278,3306323084
71,533096,5872224282
71,541450,477683859
71,539254,470305070
71,533148,764426531
71,500109,254128355
71,539957,81640499
71,500104,1388412701
71,530965,5323738144
71,532514,1015007440
71,532555,6889521851
71,500312,5654868783
71,533098,4515269879
71,513683,462446169
71,532522,1087506418
71,533106,778336521
71,500325,2452752188
71,532898,6608118140
72,500477,5606848415
72,508869,93542712
72,533758,450571627
72,532978,477106899
72,540376,196211288
72,500034,898059765
72,532977,78292571
72,540611,828131569
72,500820,292439632
72,532830,529462978
72,524804,546069011
72,532215,603932554
72,500547,2755743615
72,500103,2105914418
72,532483,5947039217
72,500093,874564591
72,532523,1917473096
72,500530,21012521
72,532454,447183584
72,544632,4779829834
72,544574,2471761318
72,544603,4141521834
72,533519,3050056610
72,544600,1586273198
72,544576,515655984
72,544658,247831976
72,532321,723134835
72,543320,3313563170
72,500575,616094157
72,507685,4436600925
72,532648,35129634314
72,533148,1416087997
72,500228,625412372
72,500247,2046210659
72,540115,238610806
72,543526,2005379478
72,523457,117655824
72,500510,202670105
72,543187,23861332
72,544274,419757711
72,544252,9597796609
72,500825,153539502
72,532822,57240788428
72,532478,598063831
72,532539,737407454
72,532432,630052960
72,512070,1299394002
72,540180,1509946245
72,532477,4772646441
72,540755,2088464384
72,500493,406976489
72,532155,4724366174
72,543384,3025646858
72,500469,2554060594
72,500495,289728943
72,505200,110285634
72,500124,624281294
72,532843,802719514
72,543396,744669826
72,522275,163339862
72,544390,231784000
72,544307,6685724088
72,541450,535353834
72,532921,435734330
72,533096,3599772095
72,542066,1089066853
72,540691,2318720022
72,539523,149936684
72,500425,1937831915
72,533150,484073981
72,500300,258516406
72,532424,771704642
72,517354,687206557
72,500660,365142683
72,500116,10602694117
72,500850,1192892699
72,532814,952296672
72,539437,10884696127
72,530965,5803579938
72,500696,365984297
72,500188,1449967556
72,532174,613902753
72,540716,458058408
72,540133,1703894700
72,500182,163509744
72,500440,764202267
72,541154,188322438
72,500104,2121105358
72,540777,1444690630
72,541729,324808630
72,500180,1062824278
72,532281,701320379
72,532508,1200014715
72,532286,708960785
72,500875,2797990257
72,500209,693358138
72,532777,817809781
72,539448,175510326
72,532187,898364623
72,534816,1922813600
72,532388,23877586030
72,543257,8379205652
72,542830,1549584728
72,543994,4851611308
72,543940,3448869398
72,500488,29983826
72,500002,116753514
72,539254,517150688
72,512599,320311022
72,500049,1943762359
72,509480,1539220115
72,500490,79202492
72,532134,2945389484
72,502355,380827310
72,532149,5484834097
72,544162,545506208
72,532754,7864583809
72,533274,598176482
72,503100,449767582
72,543278,2343704016
72,512455,465675251
72,544277,262873232
72,544285,3277315730
72,544289,8080709776
72,544569,2175746055
72,500087,576879009
72,511243,539116379
72,532541,566344285
72,533278,1759596045
72,543220,785991224
72,543237,335529429
72,526299,345344499
72,500290,6476671
72,533398,273948358
72,500790,552068518
72,533098,10923634225
72,526371,8989240665
72,531642,968266035
72,532500,60716328
72,500271,496268118
72,532555,2258048167
72,533273,498856259
72,500312,3151765524
72,532466,83905406
72,523642,282904747
72,532827,20932963
72,500368,1890984246
72,533106,1857362816
72,532488,119587542
72,540699,69123623
72,532868,1405309736
72,543390,526304100
72,533179,160988267
72,532522,2958560594
72,500331,527896363
72,542652,83365332
72,532810,1842278073
72,532898,2763898122
72,532461,7402608256
72,542649,3479096124
72,532955,2279115072
72,500325,630328082
72,511218,884847852
72,500550,221675202
72,532725,44877606
72,503806,290502840
72,500112,791318385
72,500113,4369453690
72,524715,444255909
72,509930,228035885
72,532667,14686084637
72,500800,717190366
72,517334,5587119884
72,543066,1367076600
72,540719,459237468
72,505790,197965250
72,500387,33297743
72,500483,401704987
72,532540,368601019
72,500400,2010712259
72,500470,3988594501
72,500570,2084625799
72,532755,536983250
72,500114,196548884
72,540762,260121467
72,532779,567275007
72,500420,250373976
72,532343,237813876
72,500251,288408070
72,532538,73064493
72,500830,386030552
72,500480,141589859
72,500096,1855626354
72,540005,201308299
72,500257,353061651
72,543287,923603694
72,532720,2868243264
72,500520,268955498
72,543904,334744276
72,506395,422157092
73,532777,686566771
73,534091,457615000
73,532892,280829370
73,543396,758262772
73,543390,672591918
73,500483,209701923
73,540750,1435370272
73,542830,545565979
73,543232,431687121
73,542726,55046405
73,543384,2466574428
73,532454,989450989
73,543235,949283763
73,543720,238436004
73,544174,62359914
73,532822,48608777928
73,543320,7331683165
73,544285,2526401444
73,544603,1576225502
73,544609,923773744
74,544603,928188665
74,544658,52233147
74,544467,141610810
74,544179,263792120
74,543720,140407319
74,543988,88562555
74,543412,248729453
74,540719,355290221
74,543238,70627821
74,540769,261240240
74,543526,534739157
74,500271,277184560
74,532892,165371413
74,540767,188871748
74,534091,223594668
74,540750,845243537
74,540133,413859325
74,540755,333728066
74,541729,212817755
74,540716,258365868
74,540777,1117688534
74,543232,254206706
74,543235,559002775
74,542772,266210906
74,543374,76378953
74,543415,89491078
75,542651,422279928
75,532466,60347995
75,540115,70755116
75,544028,448250262
75,532541,517374775
75,532281,843212444
75,500209,1861943114
75,540005,183617458
75,526299,314507753
75,533179,147523331
75,532540,807148277
75,500408,87963047
75,532755,644867455
75,507685,4059256454
76,542772,305874623
76,543415,102824674
76,543235,642290601
76,540073,144987755
76,532443,7047646
76,532868,781470352
76,543384,1668897787
76,500850,1071612141
76,542830,369132934
76,539448,272308977
76,543278,463982856
76,541233,606051898
76,543287,339650529
76,500520,516468339
76,532500,116592005
76,532827,7584516
76,532689,85852549
76,532497,94299914
76,500570,2548703259
76,500114,377427776
76,500251,401435599
76,532478,86684738
76,532432,353275275
76,543320,6362950287
76,544285,1709377075
76,544174,42193060
76,544600,400605208
76,503100,225814887
76,544403,666910165
76,544325,1365800404
76,532892,190010692
77,543390,374781330
77,500093,677222910
77,540699,41345360
77,541729,201379960
77,532843,520921020
77,532667,12069455200
77,500477,2819450400
77,534091,254992000
77,500182,128059520
77,539437,6628402550
77,534816,1292699870
77,532187,654453240
77,503806,145248250
77,532541,348813120
77,500469,2464377000
77,500104,957520350
77,532777,382568390
77,500257,242324480
77,533179,108847500
77,540611,561417000
78,539254,347671418
78,512599,360142161
78,541450,353126163
78,532921,790286601
78,533096,4341021763
78,500425,670702409
78,500300,401205306
78,500440,1541653637
78,500850,743498453
78,532286,393640734
78,533148,565099705
78,500228,996100111
78,500510,1253407978
78,540005,98522638
78,500520,959728315
78,500325,6971795701
78,500483,98441987
78,532540,853471084
78,500800,541886113
78,500570,1768323498
78,500400,1399819614
78,500470,6941126717
78,532755,682777090
78,500114,344047003
78,500251,278521244
78,532538,126348204
78,500575,189556049
78,532822,29033600702
78,544569,1768273077
78,532508,335808751
79,500520,990766286
79,532500,223664104
79,500209,2554161827
79,500875,10307111896
79,532281,2583492779
79,500180,3915184740
79,500696,1348196654
79,532174,2261467621
79,532921,1605138718
79,500820,1077276093
79,532215,2224739845
79,500034,3308232567
79,532978,1757545146
79,532454,1647314972
79,500112,2915023423
79,532898,10181524806
79,500325,2321974515
79,500247,7537739692
79,500510,746587106
79,532555,8318097271
79,524715,1636530133
79,532540,1357836019
79,500470,14693006785
79,532755,1978114982
79,500114,724038026
79,543320,12206356430
79,532538,269151724
79,539448,646537123
79,500049,7160345209
79,500251,1062424804
80,544362,168078461
80,544309,55062410
80,544325,1289217715
80,544292,89352086
80,544306,155528931
80,544307,3160219296
80,544397,219303753
80,544405,346783251
80,544466,33754071
80,544449,160954638
80,544429,237926689
80,544480,359408394
80,544467,153586498
80,544390,102043614
80,544678,480393349
80,544658,56650380
80,544700,47304183
80,544632,630958273
80,543428,32725202
80,543529,635034986
80,543330,480473122
80,543663,219685312
80,543384,1575319927
80,543412,269763909
80,543573,128189022
80,544028,200123619
80,543320,2653682868
80,543524,58201833
80,543990,46704267
80,543300,513182645
80,543265,99319184
80,543988,96052079
80,544225,2376109313
80,543396,484277483
80,543390,421493149
80,543635,716064449
80,543994,614231901
80,544081,96446028
80,543278,437966569
80,543664,36111681
80,543526,579960771
80,543287,320605762
80,543904,127755954
80,543498,2888379264
80,543940,2762043507
80,544026,901558106
80,544226,251309918
80,544162,85962592
80,543458,640549647
80,544176,174786478
80,544252,1241533131
80,544274,158322429
80,544289,1062378780
80,544238,166146297
80,544282,2629138047
80,544285,1613529474
80,544280,206556246
80,544283,234716605
80,544277,108799792
80,544576,116698001
80,544609,589983894
80,544537,102836888
80,544600,378142611
80,544608,150773286
80,544569,1742456605
80,544612,101771548
80,544515,388871637
80,544606,250062246
80,544597,137699854
80,544574,583839907
80,544603,1006683364
81,532525,4126287707
81,532483,6924879007
81,532885,2054378678
81,532814,722605636
81,532388,2781310222
81,532461,7114174535
81,500112,1631459268
81,532505,2328610121
81,532477,3937692128
81,532149,2536306608
81,532134,3841310813
82,532977,89489142
82,543287,1055687662
82,544569,2486898093
82,532488,136689680
82,517354,785483523
82,500470,8016734476
82,500114,397361060
82,500251,329653122
82,521064,37937672001
82,532538,114690741
82,507685,5071076358
82,505537,8806104942
82,532725,51295524
82,503806,332047463
82,500112,4041685103
82,524715,1050539211
82,532733,1794126363
82,532540,985726287
82,543320,7042446467
82,500164,875006378
82,500300,295486671
82,500180,6074090457
82,541154,215254309
82,500696,868750461
82,500188,1657326480
82,532174,3508482947
82,530965,6633546157
82,534816,2197793931
82,500209,3393713765
82,539448,200609944
82,532947,44288390154
82,500875,9387339782
82,532889,867146789
82,500510,1137762832
82,500520,871179396
82,532500,125426620
82,500790,631019480
82,532555,4623146950
82,533273,570197370
82,500312,3602497476
82,532827,23926573
82,500331,603390481
82,532898,4434313713
82,532689,947451571
82,542649,3976639414
82,500325,3602354469
82,523395,28694449
82,512599,366118494
82,541450,611914440
82,532921,717371148
82,500425,2214960006
82,500820,438657242
82,540376,224271338
82,500049,3485134219
82,532454,2555675099
82,544162,623518699
82,500087,659378103
82,531344,2039485592
82,523367,878691953
82,532868,1606282174
83,544026,786584680
83,543257,1960275900
83,500850,882527840
83,533047,15107120
83,530965,3671521880
83,532388,1347961300
83,542830,304000000
83,544397,191336500
83,532395,17857140
83,543490,288976660
83,532668,32604580
83,544405,302558860
83,530843,672330500
83,522163,84315360
83,544350,76069920
83,505700,87516000
83,543482,67691400
83,524743,246435700
83,544356,22881400
83,532726,28953720
83,532369,39078900
83,542665,12399540
83,505355,20433400
83,500790,713476180
83,543945,18221120
83,532798,647640000
83,524558,8596100
83,540900,64043100
83,533098,3113960850
83,543952,85269220
83,523385,5223050
83,540767,178720920
83,500307,27936580
83,532698,24174600
83,533262,20759400
83,532527,101377360
83,524230,137922000
83,513683,318926510
83,543768,1142936340
83,526371,3428809020
83,524091,16212510
83,500870,474778560
83,519600,70769840
83,500878,21034000
83,544012,46241600
83,532885,995654110
83,532548,62208440
83,532443,5804100
83,500084,623017900
83,500093,677222910
83,542399,72268020
83,500085,148241240
83,543336,71149500
83,500087,565448100
83,532210,961007453
83,543318,47824650
83,543441,153113340
83,500110,47651520
83,531358,84655260
83,504973,99521810
83,511243,434685240
83,532756,128983080
83,533278,2280209360
83,540678,84185920
83,544527,9996610
83,544603,878303580
83,544580,49854250
83,543428,28551840
83,544484,73070880
83,544583,237500000
83,544614,18278560
83,544644,6116000
83,540750,799816300
83,544421,31005920
83,544439,34996600
83,544613,36828240
83,544608,131545550
83,532541,348813120
83,500830,130553280
83,543960,33477120
83,543232,240544480
83,506395,118006000
83,531344,342728100
83,543276,14385250
83,541770,54469020
83,500092,24132900
83,539876,637475850
83,542867,98887020
83,500480,135828000
83,543933,38094720
83,532175,84458040
83,544634,114013220
83,533151,44561500
83,500096,585317700
83,542216,76902060
83,544466,29449500
83,523367,48342020
83,532528,19504980
83,532772,263972760
83,543650,53465280
83,500645,65643760
83,506401,68196500
83,543529,554050580
83,543330,419199600
83,544403,549234900
83,544292,77957240
83,532868,643581120
83,543306,23527920
83,543812,11927370
83,532488,127425120
83,540699,41345360
83,507717,13523400
83,540047,60104650
83,540701,64281030
83,544045,18206400
83,539524,77113480
83,500875,9647690360
83,541956,329180600
83,533033,27206100
83,509496,54972160
83,523610,19217740
83,532644,41715540
83,500124,609271140
83,512237,45631300
83,532940,40102980
83,540596,60958920
83,505242,3938780
83,500125,103166340
83,532927,40441930
83,532922,643641760
83,505200,137157000
83,523127,15234000
83,500840,193862840
83,500123,1982000
83,543626,134662150
83,500128,302910650
83,522074,215498120
83,531162,197586000
83,532832,542346870
83,543983,16659300
83,543533,25763760
83,540153,35165750
83,532178,275400580
83,544122,16099070
83,543332,13373710
83,500135,137707500
83,543243,1141573000
83,500133,4002180
83,543532,13111420
83,531508,39250980
83,500495,33563400
83,500470,8239072380
83,544028,174602360
83,532371,508281280
83,543321,6549760
83,544174,34748160
83,540212,11141510
83,539658,11570610
83,532755,636970100
83,542141,50009000
83,532804,5668250
83,543413,16528160
83,540595,81761320
83,533326,203432500
83,533158,11811160
83,542460,11818290
83,540769,247200000
83,503100,185970200
83,500260,125234760
83,500411,38129920
83,500412,57865440
83,500413,164633350
83,539871,62074350
83,507205,103811820
83,532856,256690200
83,500414,47446500
83,522113,36105120
83,532375,46019520
83,532966,79457660
83,500114,408381560
83,500420,142907780
83,532779,191483520
83,532349,23023200
83,500251,330602910
83,521064,1223029440
83,532356,86864700
83,533655,117621150
83,517506,39715790
83,540762,104518620
83,520056,5058000
83,532343,232792630
83,509243,3981640
83,543965,127942200
83,532505,1128560310
83,500148,30328620
83,511742,66734280
83,542904,1886106800
83,532538,117871600
83,506690,20417740
83,532477,1908401500
83,543689,14897190
83,532478,71389350
83,532432,290940400
83,532539,179000510
83,512070,557151540
83,517146,182845200
83,543238,66831960
83,543942,1014328680
83,532953,200929840
83,534976,44496480
83,507880,79549120
83,531266,3807320
83,533269,50471100
83,519156,2443920
83,532156,60144480
83,534392,23204640
83,502986,98355880
83,541578,38196500
83,540180,1352918400
83,543463,60743250
83,523261,5916540
83,543528,10565160
83,520113,89302840
83,543350,48280750
83,524200,25916500
83,516072,20194500
83,532757,7081900
83,500575,225001800
83,539118,69974800
83,509966,57752740
83,532144,131895500
83,532553,49829040
83,514162,316520490
83,500444,27740580
83,505533,67052480
83,500238,76123200
83,507685,2833472880
83,532300,82867860
83,538268,24100740
83,505872,27347880
83,543950,42395760
83,543992,58058920
83,532648,17573046400
83,543985,69918160
83,505537,912493050
83,533339,46047900
83,504067,113747000
83,533023,45523200
83,543320,7237763250
83,532321,251558500
83,531335,95448300
83,500086,450500000
83,531599,48843000
83,544280,180214650
83,544222,34626680
83,544283,204783790
83,541336,37153970
83,532926,135869550
83,544129,48950440
83,533272,136758400
83,535648,22111700
83,532889,109380480
83,544081,84146510
83,544467,134000000
83,544647,22075020
83,544595,23288130
83,523539,74951280
83,544645,56151030
83,544578,31367480
83,544533,29125080
83,544526,19065750
83,544572,23235860
83,544490,16291800
83,544447,47990040
83,500380,67037760
83,544210,34126200
83,544095,45227160
83,523398,4622470
83,533148,527187600
83,532162,77924920
83,530007,123964700
83,523405,382586400
83,544290,52659000
83,534600,184748540
83,533155,389308550
83,532642,3774000
83,543994,535900460
83,539725,76722620
83,500228,929272520
83,520057,63782680
83,543271,82826120
83,530019,79640500
83,543980,186863100
83,500233,82821440
83,543278,382113800
83,500235,15278550
83,522287,112710180
83,544140,22436640
83,500168,5536080
83,544443,18435060
83,544612,88792880
83,544619,24848780
83,544469,83083080
83,526729,60222933
83,532630,65213860
83,533150,126507360
83,530655,13960380
83,544263,18025530
83,544309,48040440
83,544488,134062100
83,544311,99396800
83,532150,44003040
83,544515,339279820
83,539807,2092938000
83,500165,202164500
83,532468,7701840
83,533096,4049785950
83,542066,274952500
83,543458,558861970
83,519183,37353760
83,540691,812452650
83,535755,561434600
83,500040,52497120
83,543374,72274000
83,540205,68443140
83,544238,144958080
83,540025,47009340
83,500003,126360000
83,543534,33177250
83,542752,63358200
83,500187,25231830
83,532811,30144600
83,543322,30684000
83,539523,58586850
83,506767,13808880
83,532683,38261200
83,532331,42478240
83,500710,17305200
83,506235,66763320
83,533573,55037640
83,544570,48017900
83,544256,23070360
83,544642,98990100
83,544289,926896300
83,544225,2073090100
83,532259,16870560
83,523694,21256450
83,544111,68279680
83,533758,199913760
83,508869,102087350
83,540879,160781400
83,521070,1241310000
83,500008,122626750
83,540902,21836400
83,500425,625705500
83,543349,51578730
83,543415,84681420
83,515055,151148340
83,523716,35183750
83,500101,149405550
83,515030,119815690
83,500877,323901510
83,542484,85523200
83,543335,380564680
83,543657,56790680
83,543235,528959420
83,500300,374288750
83,505710,136023600
83,533282,31737440
83,500620,101406540
83,501455,100168930
83,538979,125022520
83,542857,57634690
83,526797,58703940
83,506076,46502400
83,544181,49362600
83,532215,2860599240
83,544061,28416080
83,532977,106209240
83,533229,74743530
83,500031,39232940
83,500034,2677161510
83,532978,560192500
83,500032,956266400
83,540975,264241710
83,532493,84501050
83,532830,120892500
83,506820,6250000
83,500027,15898680
83,540611,561417000
83,500477,2819450400
83,533271,129132580
83,500820,450823060
83,544022,49285750
83,524804,278784960
83,539177,263260060
83,505010,4381900
83,543896,33383000
83,512573,39511340
83,540376,163041000
83,543064,160678140
83,530239,73841880
83,532667,12069455200
83,503310,137921080
83,500407,5710500
83,509930,64783770
83,500405,62053530
83,543434,25754560
83,500336,78348960
83,543573,111841400
83,533553,114046440
83,532390,17556280
83,539268,189381330
83,517385,15107620
83,543596,117179740
83,506854,8977500
83,532790,67634670
83,543249,100332640
83,519091,615840
83,500770,155401160
83,500104,957520350
83,500696,892844580
83,543187,12480160
83,542905,39313620
83,500188,464785090
83,532720,653286370
83,544014,136655400
83,533169,145320120
83,500520,895340880
83,533088,66674190
83,532313,100271210
83,540768,39688800
83,540530,500475000
83,500265,38857680
83,500266,5371630
83,543259,92967620
83,522064,3346200
83,517174,2210500
83,522215,22920150
83,500113,1445532200
83,513262,39295000
83,542760,126107280
83,543412,235361600
83,500112,4153778100
83,532218,2591416080
83,503806,145248250
83,540575,80836000
83,532497,77660840
83,532221,193493250
83,532735,31991220
83,543981,32800740
83,532461,3447882900
83,532689,70704000
83,543527,17390940
83,540544,12289020
83,500459,9413690
83,532524,236806400
83,539006,5997200
83,533295,425735100
83,532733,98521250
83,500215,12440010
83,500404,64878840
83,512179,48457860
83,532509,74072340
83,544066,9038860
83,500403,109266560
83,524715,1079675100
83,532872,94111380
83,532531,66364560
83,526951,7796080
83,506222,9320580
83,532374,292901340
83,506655,71551480
83,542920,124786500
83,517168,20223160
83,532748,100878830
83,542907,43118790
83,500338,120805680
83,530117,15234570
83,500126,7967520
83,524051,15068160
83,524000,352126800
83,532810,1452044880
83,532898,4557295960
83,539302,13278720
83,522205,123154710
83,506022,98495100
83,540724,10517760
83,533274,167984700
83,540293,73128600
83,540173,187596000
83,539150,112877160
83,532486,13331720
83,531768,37502830
83,542652,52694950
83,543635,624746560
83,513519,16191220
83,500333,4496250
83,500331,305332500
83,539883,2546560
83,533581,159792080
83,532522,750000000
83,500680,15096840
83,506590,173123720
83,538730,53747960
83,532808,17540800
83,533179,108847500
83,543390,374781330
83,534809,3687705000
83,543530,425650110
83,539889,67559400
83,539957,56303460
83,500108,277200000
83,543367,35458280
83,500368,348193280
83,531120,644892300
83,500257,242324480
83,526947,36630000
83,543287,279719720
83,523457,21321000
83,539992,755316900
83,512455,125387950
83,500252,6730290
83,532783,135428670
83,540005,91912830
83,532796,29989520
83,517206,2150040
83,543714,20732500
83,500510,1169317800
83,543398,72423750
83,540222,383298470
83,543277,83163600
83,544192,219092000
83,541233,499114980
83,500253,297034020
83,543526,505999840
83,500247,7360384100
83,523323,4595640
83,542651,164486400
83,532942,143429850
83,532924,23056800
83,521248,83790000
83,500250,20729800
83,540115,27560520
83,530813,77822600
83,543308,248086180
83,543328,18165840
83,533519,851853000
83,500245,75864120
83,500243,2732340
83,533293,82854630
83,505283,37675640
83,540680,6077510
83,532967,37814490
83,500241,25410880
83,517569,61184640
83,505890,5494500
83,532732,16022500
83,543669,31559250
83,543720,132861190
83,524019,2981220
83,532054,6026510
83,532714,130438000
83,541154,187257000
83,500185,2174158440
83,532899,20061210
83,543664,31506450
83,532652,378182000
83,513599,328788160
83,519126,41818700
83,500186,99182250
83,524735,36990300
83,500184,232089320
83,500440,1438225280
83,532859,14886400
83,500183,1086727420
83,519552,42686160
83,500182,128059520
83,500180,15241580640
83,540777,1078910000
83,539787,52255700
83,509631,82980540
83,500292,67983900
83,543242,88350000
83,543600,22761000
83,533162,442526250
83,531531,55687000
83,517354,250902800
83,508486,2326720
83,517271,113649950
83,532281,1058329350
83,541729,201379960
83,538567,15842560
83,541019,18247880
83,543227,82228500
83,544057,20757000
83,500690,223147680
83,500670,83756370
83,533248,270726400
83,539336,392839300
83,517300,55877760
83,532181,82680000
83,509488,66427840
83,532482,143722260
83,509079,27076410
83,530001,17624880
83,524226,137601300
83,542812,41743000
83,532822,27085758750
83,526433,5688930
83,544362,146643840
83,544325,1124807040
83,544390,89030250
83,522275,122902560
83,526299,131692020
83,532892,156483600
83,532440,5131800
83,500290,2035680
83,500288,345211020
83,543498,2520031560
83,533080,21931140
83,533286,71219750
83,513377,150000000
83,542650,105737280
83,538962,78896070
83,541195,48708400
83,541974,22689420
83,531213,490932300
83,500109,175259900
83,543904,111463560
83,531642,532304640
83,524404,212987080
83,543253,156565410
83,542597,24640000
83,543270,21532000
83,500460,36124000
83,534091,254992000
83,533398,108396360
83,544055,34098400
83,524709,86645860
83,539551,69482740
83,524816,91346100
83,532234,899949680
83,523630,122644500
83,513023,138670490
83,532504,36413060
83,508989,79636680
83,543280,240802250
83,534309,1026000000
83,500294,408100550
83,500355,85566360
83,517522,17262140
83,500339,191717220
83,543524,50779500
83,543265,86653260
83,542649,562955400
83,544286,665084520
83,544240,23760360
83,544282,2293850720
83,544306,135694720
83,544250,6678990
83,544285,1407760140
83,544317,38934240
83,544322,10171400
83,532867,175026240
83,544321,25689620
83,544307,2757204520
83,544008,52304000
83,523704,17050550
83,540749,59879490
83,542726,30672930
83,532814,350210640
83,544044,44601850
83,544277,94924830
83,544288,103680720
83,500201,22118910
83,543311,26487720
83,532189,4288450
83,532174,7169482000
83,544274,138131970
83,540133,391616640
83,540716,244480110
83,544162,75000000
83,543653,65191360
83,532523,713199520
83,503960,7459980
83,500547,1952311050
83,532454,3046637500
83,500116,537620100
83,532835,4632480
83,539437,6628402550
83,543932,27711360
83,532500,128905230
83,505726,10129750
83,500106,673578500
83,539056,147123860
83,544172,103587430
83,530005,68177340
83,542773,118345300
83,532636,250921100
83,531112,44846880
83,500039,44341470
83,541153,902148240
83,532134,1861690320
83,532149,1229220360
83,523319,64981520
83,500038,115111500
83,500490,42291720
83,544042,41650920
83,530999,10692330
83,502355,79259970
83,500103,1462466460
83,500493,267729840
83,541143,91640750
83,500049,3581791710
83,500052,94566040
83,532525,1999804300
83,500043,64264000
83,506285,12583760
83,500048,38312940
83,509480,279840720
83,500042,11254360
83,543417,60264150
83,520111,25934040
83,534597,345567500
83,540065,605978100
83,532955,1237615280
83,532805,594148240
83,543957,149258160
83,532884,60367560
83,530517,72192310
83,505509,42657440
83,500325,6766269500
83,532915,233023000
83,535322,39413430
83,532939,2895039700
83,534076,59885290
83,541556,134569120
83,543325,127996510
83,543213,17722560
83,543248,512930880
83,500483,116850000
83,532540,1013064640
83,543397,234609590
83,504614,91619060
83,532163,71339330
83,532663,8504160
83,530073,45885280
83,517334,4432712340
83,541163,18057300
83,504918,126387300
83,543358,43009080
83,500674,8981700
83,523025,23027180
83,543989,53678100
83,543984,179929350
83,535789,799610640
83,514234,13566690
83,502090,27448680
83,539450,48447350
83,543387,24957660
83,542333,11910960
83,543228,15750750
83,532983,4300140
83,544836,19592810
83,544252,1083203550
83,544574,509384280
83,500214,83600190
83,524494,139512450
83,532947,3864960000
83,539083,967813280
83,532851,8147440
83,538835,89532800
83,539448,224260480
83,524164,114475920
83,500209,3487835780
83,500210,7892000
83,544067,16023000
83,543667,160596800
83,544046,22691000
83,543258,21930960
83,521016,79221600
83,532514,700001000
83,534816,1292699870
83,532187,654453240
83,532777,382568390
83,532612,36921600
83,535754,51365000
83,541301,115217640
83,532466,23506740
83,532827,6246240
83,523642,80410540
83,500314,57151680
83,530135,23059140
83,524372,15215700
83,532900,527522760
83,542772,251903520
83,526881,24882660
83,523395,2816250
83,500335,27721800
83,532400,164908540
83,500463,42598800
83,541988,39641500
83,543748,51675060
83,524348,34682600
83,524208,206678580
83,544176,152496400
83,543425,19166350
83,533267,21745880
83,540710,57530720
83,524742,19763120
83,531595,384861600
83,513375,114295800
83,534804,27344590
83,543333,42176640
83,532834,90285590
83,543523,85566040
83,511196,91876260
83,532483,3356140870
83,500020,92940750
83,543212,39464040
83,501425,17443000
83,502219,47664260
83,500530,8553260
83,532929,185912720
83,500825,118025320
83,544009,34693000
83,500067,127481300
83,540073,119404890
83,526612,5932000
83,544824,28954900
83,542323,96697090
83,532976,319287850
83,544658,49425900
83,544449,140428500
83,544606,218172440
83,544609,514744740
83,544597,120139340
83,542919,49064940
83,544203,53144900
83,544569,2098928670
83,544209,34442320
83,544223,31356900
83,544226,219261000
83,543273,7577640
83,544367,20135440
83,539978,64212330
83,533122,2685053000
83,500249,52211700
83,530305,25628720
83,544418,27354480
83,512463,541094040
83,544408,80149920
83,544027,119783360
83,526227,150979720
83,532768,11844000
83,505744,13908000
83,500469,2464377000
83,543396,422518800
83,543334,100003680
83,533273,116352640
83,532439,41040500
83,533106,536780640
83,500312,3899886490
83,543988,83802800
83,531209,6844500
83,530367,47492270
83,532555,4751366340
83,500730,108566250
83,500672,7160390
83,520051,195895630
83,500227,10946500
83,544118,61088500
83,522285,436949100
83,532605,40203980
83,532209,440472800
83,532627,4865955890
83,500219,521665300
83,531543,140364280
83,543940,3367602420
83,532286,367231680
83,500378,230222880
83,532508,313279600
83,544407,144038830
83,541967,74339520
83,541557,7665000
83,531431,60465020
83,544344,15417500
83,500285,1037747320
83,533333,430865370
83,500144,74940110
83,500940,279214650
83,534618,26086500
83,532928,108059760
83,517498,295444100
83,544801,130946433
83,500400,1661576800
83,500408,34263350
83,501301,131547780
83,500570,2098988520
83,500800,643215300
83,524667,21253600
83,543959,409373180
83,543066,294997550
83,540719,451391400
83,505790,40639040
83,534139,57384960
83,526807,6610500
83,543936,57332450
83,532670,787541300
83,500387,13349970
83,511218,1741094940
83,540203,37127660
83,531201,4232800
83,523598,167687640
83,513097,37442600
83,532638,37439780
83,522034,22247640
83,538666,22555000
83,512529,152903450
83,539199,26270650
83,512329,71514600
83,501423,26194350
83,540797,27002500
83,535602,20092800
83,540725,80965620
83,530549,117349200
83,540673,39556160
83,503811,14518400
83,533206,707363100
83,543299,69783000
83,500550,89030250
83,543990,40748190
83,532029,385482250
83,543686,15902040
83,543300,447737760
83,500330,33287000
83,532784,44911860
83,532725,24432300
83,541540,22788990
83,538562,37252050
83,505192,5644080
83,500472,23235860
83,500002,52977000
83,500488,5099760
83,500410,58213970
83,532754,3590051840
83,505255,33268180
83,533104,14243320
83,500163,40555320
83,540743,44242800
83,532424,388833100
83,532734,241691400
83,544179,249614730
83,543401,24194160
83,500164,43784650
83,543245,79082880
83,500660,40657440
83,532296,149566530
83,543654,86032640
83,532285,156308320
83,500171,70789180
83,507815,8146250
83,540755,315792000
83,543489,329765040
83,500655,8595840
83,509557,44669700
83,526367,22514490
83,514167,15541680
83,542011,28638000
83,543317,24190250
83,532155,2695791000
83,540935,10281950
83,505714,63203360
83,532268,3731500
83,512599,335980500
83,539254,324346410
83,532762,40488220
83,541450,329435200
83,532921,737266880
83,543652,72757800
83,543384,1374423360
83,532809,313645950
83,543663,191669400
83,544030,22132950
83,500033,4822210
83,532843,520921020
83,500150,829070
83,543237,76642200
83,543427,72033000
83,544088,67231800
83,543426,35431110
83,500271,262287400
83,543220,739665440
83,522249,17381200
83,544480,313573950
83,544537,89722360
83,544600,329919040
83,544423,39123660
83,544632,550493760
83,544576,101815800
83,544587,5785760
83,544429,207584500
89,500696,477883744
89,543187,18876975
89,534139,85884821
89,517271,190333907
89,532667,16253585002
89,500033,6887894
89,522275,213280913
89,534309,1560101167
89,542011,41379171
89,500002,86482308
89,544603,1674753438
89,500110,77778945
89,513599,521001134
89,544658,116811009
89,532889,244728383
89,543990,74363109
89,543374,94216311
89,543415,146521316
89,500488,6923285
89,531162,287373144
89,507815,16424290
89,500660,81686641
89,532281,915748603
89,541729,294908785
89,500182,211170922
89,541154,245901894
89,500188,875946645
89,533278,2297591326
89,500830,297890058
89,543232,441715576
89,500092,32007559
89,500480,184880861
89,540699,61563397
89,540750,1504419731
89,542830,476063522
89,500209,905351912
89,500875,3653473855
89,500825,200484100
89,500870,963970263
89,531642,1038193636
89,543498,3450345865
89,534091,377376898
89,532234,1338584446
89,500790,720863088
89,540767,292903863
89,532466,36501450
89,532827,12993779
89,500331,403151817
89,532540,481300528
89,500420,132479506
90,534091,254992000
90,532281,1058329350
90,541729,201379960
90,500180,15241580640
90,540777,1078910000
90,500182,128059520
90,500440,1438225280
90,541154,187257000
90,500104,957520350
90,500696,892844580
90,532174,7169482000
90,540716,244480110
90,540133,391616640
90,539437,6628402550
90,500850,882527840
90,530965,3671521880
90,534816,1292699870
90,532187,654453240
90,532777,382568390
90,500209,3487835780
90,539448,224260480
90,500875,9647690360
90,532286,367231680
90,543940,3367602420
90,533148,527187600
90,500228,929272520
90,533155,389308550
90,500247,7360384100
90,500510,1169317800
90,540005,91912830
90,500257,242324480
90,543287,279719720
90,500520,895340880
90,531642,532304640
90,532500,128905230
90,500271,262287400
90,543220,739665440
90,526299,131692020
90,500290,2035680
90,500790,713476180
90,533098,3113960850
90,532555,4751366340
90,500312,3899886490
90,533106,536780640
90,523642,80410540
90,532827,6246240
90,543390,374781330
90,533179,108847500
90,532522,750000000
90,500331,305332500
90,542652,52694950
90,532810,1452044880
90,532898,4557295960
90,532461,3447882900
90,532955,1237615280
90,500325,6766269500
90,517334,4432712340
90,543066,294997550
90,540719,451391400
90,500387,13349970
90,511218,1741094940
90,500550,89030250
90,543300,447737760
90,503806,145248250
90,500112,4153778100
90,524715,1079675100
90,509930,64783770
90,532667,12069455200
90,500483,116850000
90,532540,1013064640
90,500800,643215300
90,500570,2098988520
90,500400,1661576800
90,500470,8239072380
90,532755,636970100
90,503100,185970200
90,500114,408381560
90,500420,142907780
90,532779,191483520
90,500251,330602910
90,540762,104518620
90,532343,232792630
90,532538,117871600
90,532432,290940400
90,512070,557151540
90,540180,1352918400
90,500575,225001800
90,507685,2833472880
90,532648,17573046400
90,500530,8553260
90,500825,118025320
90,500049,3581791710
90,500493,267729840
90,532454,3046637500
90,500547,1952311050
90,500103,1462466460
90,541450,329435200
90,532814,350210640
90,533398,108396360
90,544285,1407760140
90,532477,1908401500
90,532483,3356140870
90,500093,677222910
90,511243,434685240
90,500087,565448100
90,533278,2280209360
90,500830,130553280
90,500124,609271140
90,532868,643581120
90,540699,41345360
90,532541,348813120
90,532488,127425120
90,500480,135828000
90,500096,585317700
90,532134,1861690320
90,500425,625705500
90,533758,199913760
90,508869,102087350
90,500477,2819450400
90,500820,450823060
90,540611,561417000
90,524804,278784960
90,540376,163041000
90,532215,2860599240
90,532977,106209240
90,500034,2677161510
90,532978,560192500
90,500490,42291720
90,533096,4049785950
90,539523,58586850
90,539254,324346410
90,512599,335980500
90,532921,737266880
90,500002,52977000
90,532424,388833100
90,533150,126507360
90,500300,374288750
90,517354,250902800
90,532155,2695791000
90,532754,3590051840
90,532843,520921020
90,543384,1374423360
90,500469,2464377000
90,505200,137157000
90,543320,7237763250
90,532725,24432300
90,543396,422518800
90,540222,383298470
90,522275,122902560
90,544569,2098928670
91,523405,1564556674
91,532755,1607426426
91,507685,12858775519
91,505537,3006757068
91,543238,342719971
91,500470,11939613019
91,532514,2546945223
91,506285,43929637
91,500547,8249149502
91,500870,3871600026
91,500084,4589533021
91,533278,5267242844
91,532175,343917117
91,532178,755059693
91,532155,14142100395
91,500660,110096154
91,500620,391015012
91,532181,236890086
91,500670,417119506
91,500690,896874423
91,532281,2099359544
91,500182,489456389
91,500104,3167675555
91,500188,3673710776
91,540530,1835881530
91,530965,15681392859
91,500209,2075525061
91,541956,742131966
91,500875,8375612234
91,539957,183296526
91,526299,381242150
91,532234,5305503505
91,533098,10763726011
91,540767,555687991
91,526371,20124228037
91,532555,6759328701
91,500312,9434616798
91,533106,2409655267
91,532466,111464567
91,506590,683881331
91,532522,3885768725
91,532810,5514746424
91,532898,8273559518
91,532955,6822391191
91,532805,2592454808
91,541556,614352314
91,533206,1737319263
91,532733,351878857
91,532540,1103384545
91,500710,141115919
93,534091,781067547
93,543187,49525369
93,532843,1373588032
93,533096,9728549554
93,539254,1172346511
93,543415,410876004
93,543349,263540857
93,532259,48330194
93,544397,977631384
93,544405,1545920600
93,500103,4842764768
93,543276,39868951
93,532734,696275986
93,532482,434944696
93,500620,311603823
93,500183,4489563381
93,500440,2065291755
93,517569,185062533
93,533398,315186377
93,532748,345302619
93,544306,405312640
93,534139,187699693
93,500113,4659431100
93,517146,625498817
93,532822,100196669060
93,540611,1656179206
93,540691,2929096360
93,532814,890380609
93,522275,441433486
93,540065,2132403242
93,511218,2391341994
93,532504,130513217
93,500033,11509242
93,505714,169414460
93,500420,351389398
93,543573,477756658
93,543945,74967577
93,542652,193177488
93,513599,1250687114
93,532234,4598281305
93,533293,379871129
93,500469,6902466154
93,532296,501924902
93,532181,259575101
93,500110,121576648
93,500480,382653102
93,540222,1549136568
93,533519,3185892751
93,505200,298051995
93,500493,964358897
95,500271,263888702
95,544088,67642260
95,544286,669144955
95,544179,251138663
95,540777,1085496898
95,544583,238949971
95,540755,317719955
95,543526,509089040
95,540716,245972696
95,540133,394007515
95,540719,443321058
95,543412,236798516
95,540769,248709191
96,500048,31353054
96,540678,343682343
96,541143,374116095
96,500049,4932189282
96,512599,270923823
96,540879,656377316
96,500101,122264706
96,532493,344968836
96,532395,72900358
96,500477,2307272211
96,532725,99742927
96,543367,144755616
96,539006,4907755
96,532527,82961263
96,544322,41523934
96,533339,187986900
96,505242,3223266
96,542011,116912364
96,541154,477857752
96,543932,113129430
96,517271,93004428
96,532162,63769167
96,500510,171421387
96,543650,218267766
96,543933,155518674
96,500493,219094338
96,543428,116560623
96,500520,227486558
96,500252,5507673
96,543237,312885704
96,541195,198848181
96,543270,17620521
96,544634,465449930
99,544645,73427973
99,508869,72270534
99,542919,64161585
99,540975,345545455
99,544350,99475647
99,532843,620176245
99,543654,112503767
99,539787,68334101
99,532150,57542204
99,543980,244358451
99,540797,35310819
99,543950,55440385
99,543524,66403693
99,539551,90861677
99,543308,324419078
99,523323,6009659
99,543220,607252069
102,540611,1235404220
102,532215,2427906009
102,532134,4096669817
102,500469,5422888417
102,500180,15156675194
102,532187,1440131479
102,500247,8226095977
102,500112,3181227189
102,532174,5490844846
102,539437,14585871973
109,540767,439682150
109,540222,1058544967
109,531642,1028702370
109,534091,533713513
109,532234,3897229417
109,533519,2883135510
109,513683,757220885
109,543396,766331197
109,532497,182485565
109,500113,4219123489
109,500411,98812356
109,532822,90678585060
109,517569,167621320
109,532296,454417526
109,532814,807160430
109,532754,6267080954
109,513599,1131763717
109,543187,44064350
109,500103,3888959434
109,532843,1244964080
109,522275,301637186
109,543384,2963648698
109,532523,1573923176
109,500093,1509242879
109,500469,4716544014
109,500493,751557159
109,540611,1500264813
109,532525,5160473069
109,540691,2651106189
109,500477,5812351551
114,532187,365890343
114,532209,1008102842
114,532652,549657764
114,590003,2159912060
114,543596,251475844
114,542904,2460385179
114,532648,8368674938
114,532218,4885446843
114,544118,30984153
114,540065,320082617
114,500469,2553091133
114,539437,3792109532
114,542867,68995339
114,532772,242042956
114,543243,521361647
114,540611,839923713
114,541153,673779321
114,532210,1561322557
123,500253,297034020
123,540173,187596000
123,535322,39413430
123,535789,799610640
123,544252,1083203550
123,511196,91876260
123,543259,92967620
123,544044,44601850
123,544176,152496400
123,541988,39641500
123,543335,380564680
126,539523,113971253
126,533758,388899927
126,500820,371414948
126,500477,5484785309
126,540611,1092146084
126,524804,542331106
126,532215,2356732412
126,500034,2205605460
126,532978,461520021
126,500049,2950893818
126,500493,520825156
126,500103,2844992256
126,500093,1317427775
126,532454,2223382556
126,531642,1035512691
126,500257,471403132
126,540222,745645257
126,500520,737635263
126,500510,963353804
126,532187,1273133060
126,500247,6063923785
126,532814,681278228
126,500696,735578662
126,532500,106199823
126,526299,256185552
126,500290,3960087
126,534091,496045746
126,511218,1434417943
126,532555,3914459214
126,500312,3212959286
126,533179,211745228
126,500325,3133971172
126,503100,361774983
126,500114,336449107
126,532779,372500257
126,532538,97109660
126,512070,1083848321
126,500575,437704656
126,503806,282557007
126,500112,3422130350
126,524715,889500796
126,500470,6787839641
126,500104,1862701167
126,500182,249119110
126,541729,391752182
126,532843,1013367697
126,540699,80430719
126,532296,290957524
126,500469,4794047367
126,532541,678559579
127,541153,902148240
127,532210,961007453
127,543243,1141573000
127,500469,2464377000
127,532209,440472800
127,539437,6628402550
127,532187,654453240
127,540611,561417000
127,532772,263972760
127,542867,98887020
127,544118,61088500
127,532652,378182000
127,540065,605978100
127,532218,2591416080
127,590003,931397880
127,532648,17573046400
127,543596,117179740
127,542904,1886106800
